travel_class,age_category,luggages,compliance_result,compliance_message,cargo_items,fees
First,child,"[{""storage"": ""checked"", ""weight"": 5.22, ""height"": 61.58, ""width"": 12.63, ""depth"": 18.76, ""unit"": ""cm""}, {""storage"": ""checked"", ""weight"": 11.97, ""height"": 78.1, ""width"": 53.29, ""depth"": 47.54, ""unit"": ""cm""}, {""storage"": ""carry-on"", ""weight"": 8.89, ""height"": 9.24, ""width"": 33.21, ""depth"": 31.99, ""unit"": ""cm""}]",False,"Carry-on: 1 bag(s) exceed size limits, transferred to cargo. Total fees: €100 | Checked: Checked luggage complies with the policy.","[{""storage"": ""carry-on"", ""weight"": 8.89, ""height"": 9.24, ""width"": 33.21, ""depth"": 31.99, ""unit"": ""cm""}]",200
First,infant,"[{""storage"": ""checked"", ""weight"": 23.45, ""height"": 50.07, ""width"": 67.84, ""depth"": 31.7, ""unit"": ""cm""}, {""storage"": ""checked"", ""weight"": 18.52, ""height"": 11.84, ""width"": 55.68, ""depth"": 6.0, ""unit"": ""cm""}, {""storage"": ""checked"", ""weight"": 7.85, ""height"": 77.51, ""width"": 17.86, ""depth"": 26.38, ""unit"": ""cm""}, {""storage"": ""checked"", ""weight"": 15.17, ""height"": 14.47, ""width"": 49.97, ""depth"": 44.23, ""unit"": ""cm""}]",False,Checked: Checked luggage complies with the policy.,,150
Economy,infant,"[{""storage"": ""checked"", ""weight"": 26.55, ""height"": 18.59, ""width"": 2.52, ""depth"": 15.2, ""unit"": ""cm""}, {""storage"": ""personal"", ""weight"": 2.25, ""height"": 32.64, ""width"": 53.25, ""depth"": 18.1, ""unit"": ""cm""}, {""storage"": ""personal"", ""weight"": 3.36, ""height"": 51.8, ""width"": 4.92, ""depth"": 13.7, ""unit"": ""cm""}, {""storage"": ""checked"", ""weight"": 44.56, ""height"": 97.85, ""width"": 39.06, ""depth"": 12.4, ""unit"": ""cm""}]",False,Checked: The following items must be shipped as cargo: Bag 2: weight 44.56kg exceeds 32kg limit. Total fees: €300 (cargo shipping costs not included - please contact cargo department). Consider splitting items or reducing weight/size to avoid cargo shipping.,"[{""storage"": ""checked"", ""weight"": 44.56, ""height"": 97.85, ""width"": 39.06, ""depth"": 12.4, ""unit"": ""cm""}]",300
Business,infant,"[{""storage"": ""personal"", ""weight"": 2.6, ""height"": 40.27, ""width"": 61.38, ""depth"": 45.51, ""unit"": ""cm""}]",True,All luggage complies with the policy.,,0
First,child,"[{""storage"": ""personal"", ""weight"": 8.62, ""height"": 35.59, ""width"": 19.7, ""depth"": 15.4, ""unit"": ""cm""}, {""storage"": ""checked"", ""weight"": 28.63, ""height"": 58.56, ""width"": 27.82, ""depth"": 38.11, ""unit"": ""cm""}, {""storage"": ""checked"", ""weight"": 28.65, ""height"": 20.46, ""width"": 58.98, ""depth"": 40.06, ""unit"": ""cm""}]",True,All luggage complies with the policy.,,0
Business,child,"[{""storage"": ""personal"", ""weight"": 10.18, ""height"": 67.27, ""width"": 39.62, ""depth"": 32.73, ""unit"": ""cm""}, {""storage"": ""checked"", ""weight"": 2.19, ""height"": 67.03, ""width"": 43.11, ""depth"": 33.89, ""unit"": ""cm""}, {""storage"": ""checked"", ""weight"": 18.12, ""height"": 77.42, ""width"": 79.27, ""depth"": 1.34, ""unit"": ""cm""}, {""storage"": ""personal"", ""weight"": 4.38, ""height"": 44.32, ""width"": 47.79, ""depth"": 49.28, ""unit"": ""cm""}]",False,"Carry-on: Total weight 14.559999999999999kg exceeds 12kg limit, all carry-on items transferred to cargo. Total fees: €75 | Checked: Checked luggage complies with the policy.","[{""storage"": ""personal"", ""weight"": 10.18, ""height"": 67.27, ""width"": 39.62, ""depth"": 32.73, ""unit"": ""cm""}, {""storage"": ""personal"", ""weight"": 4.38, ""height"": 44.32, ""width"": 47.79, ""depth"": 49.28, ""unit"": ""cm""}]",175
First,infant,"[{""storage"": ""checked"", ""weight"": 20.93, ""height"": 47.57, ""width"": 12.35, ""depth"": 6.48, ""unit"": ""cm""}, {""storage"": ""carry-on"", ""weight"": 12.24, ""height"": 38.78, ""width"": 49.31, ""depth"": 38.81, ""unit"": ""cm""}, {""storage"": ""checked"", ""weight"": 22.12, ""height"": 84.81, ""width"": 44.49, ""depth"": 37.39, ""unit"": ""cm""}, {""storage"": ""personal"", ""weight"": 9.34, ""height"": 22.29, ""width"": 48.97, ""depth"": 13.7, ""unit"": ""cm""}]",False,"Carry-on: Total weight 21.58kg exceeds 12kg limit, all carry-on items transferred to cargo. Total fees: €75 | Checked: Checked luggage complies with the policy.","[{""storage"": ""carry-on"", ""weight"": 12.24, ""height"": 38.78, ""width"": 49.31, ""depth"": 38.81, ""unit"": ""cm""}, {""storage"": ""personal"", ""weight"": 9.34, ""height"": 22.29, ""width"": 48.97, ""depth"": 13.7, ""unit"": ""cm""}]",175
Economy,infant,"[{""storage"": ""personal"", ""weight"": 9.53, ""height"": 69.16, ""width"": 25.69, ""depth"": 5.1, ""unit"": ""cm""}, {""storage"": ""checked"", ""weight"": 38.89, ""height"": 56.36, ""width"": 36.11, ""depth"": 36.39, ""unit"": ""cm""}, {""storage"": ""checked"", ""weight"": 11.39, ""height"": 52.18, ""width"": 57.15, ""depth"": 18.67, ""unit"": ""cm""}, {""storage"": ""carry-on"", ""weight"": 14.18, ""height"": 7.89, ""width"": 31.76, ""depth"": 46.59, ""unit"": ""cm""}]",False,"Carry-on: Total weight 23.71kg exceeds 7kg limit, all carry-on items transferred to cargo. Total fees: €75 | Checked: The following items must be shipped as cargo: Bag 1: weight 38.89kg exceeds 32kg limit. Total fees: €225 (cargo shipping costs not included - please contact cargo department). Consider splitting items or reducing weight/size to avoid cargo shipping.","[{""storage"": ""carry-on"", ""weight"": 14.18, ""height"": 7.89, ""width"": 31.76, ""depth"": 46.59, ""unit"": ""cm""}, {""storage"": ""personal"", ""weight"": 9.53, ""height"": 69.16, ""width"": 25.69, ""depth"": 5.1, ""unit"": ""cm""}, {""storage"": ""checked"", ""weight"": 38.89, ""height"": 56.36, ""width"": 36.11, ""depth"": 36.39, ""unit"": ""cm""}]",300
First,adult,"[{""storage"": ""personal"", ""weight"": 0.03, ""height"": 86.63, ""width"": 67.31, ""depth"": 6.12, ""unit"": ""cm""}, {""storage"": ""carry-on"", ""weight"": 10.95, ""height"": 92.55, ""width"": 7.67, ""depth"": 1.04, ""unit"": ""cm""}, {""storage"": ""checked"", ""weight"": 43.64, ""height"": 92.17, ""width"": 70.79, ""depth"": 1.24, ""unit"": ""cm""}]",False,"Carry-on: 1 bag(s) exceed size limits, transferred to cargo. Total fees: €100 | Checked: The following items must be shipped as cargo: Bag 1: weight 43.64kg exceeds 32kg limit. Total fees: €175 (cargo shipping costs not included - please contact cargo department). Consider splitting items or reducing weight/size to avoid cargo shipping.","[{""storage"": ""carry-on"", ""weight"": 10.95, ""height"": 92.55, ""width"": 7.67, ""depth"": 1.04, ""unit"": ""cm""}, {""storage"": ""checked"", ""weight"": 43.64, ""height"": 92.17, ""width"": 70.79, ""depth"": 1.24, ""unit"": ""cm""}]",275
First,infant,"[{""storage"": ""carry-on"", ""weight"": 5.89, ""height"": 21.75, ""width"": 21.58, ""depth"": 9.23, ""unit"": ""cm""}, {""storage"": ""carry-on"", ""weight"": 3.26, ""height"": 37.74, ""width"": 26.47, ""depth"": 4.89, ""unit"": ""cm""}, {""storage"": ""personal"", ""weight"": 2.84, ""height"": 37.31, ""width"": 24.58, ""depth"": 15.2, ""unit"": ""cm""}, {""storage"": ""checked"", ""weight"": 23.23, ""height"": 52.61, ""width"": 53.71, ""depth"": 48.96, ""unit"": ""cm""}]",True,All luggage complies with the policy.,,0
Business,infant,"[{""storage"": ""personal"", ""weight"": 14.75, ""height"": 88.49, ""width"": 34.84, ""depth"": 16.82, ""unit"": ""cm""}, {""storage"": ""personal"", ""weight"": 2.96, ""height"": 7.85, ""width"": 30.65, ""depth"": 36.67, ""unit"": ""cm""}, {""storage"": ""checked"", ""weight"": 40.43, ""height"": 81.04, ""width"": 41.85, ""depth"": 38.13, ""unit"": ""cm""}, {""storage"": ""checked"", ""weight"": 31.22, ""height"": 97.71, ""width"": 11.18, ""depth"": 38.17, ""unit"": ""cm""}]",False,"Carry-on: Total weight 17.71kg exceeds 12kg limit, all carry-on items transferred to cargo. Total fees: €75 | Checked: The following items must be shipped as cargo: Bag 1: weight 40.43kg exceeds 32kg limit. Total fees: €175 (cargo shipping costs not included - please contact cargo department). Consider splitting items or reducing weight/size to avoid cargo shipping.","[{""storage"": ""personal"", ""weight"": 14.75, ""height"": 88.49, ""width"": 34.84, ""depth"": 16.82, ""unit"": ""cm""}, {""storage"": ""personal"", ""weight"": 2.96, ""height"": 7.85, ""width"": 30.65, ""depth"": 36.67, ""unit"": ""cm""}, {""storage"": ""checked"", ""weight"": 40.43, ""height"": 81.04, ""width"": 41.85, ""depth"": 38.13, ""unit"": ""cm""}]",250
First,adult,"[{""storage"": ""carry-on"", ""weight"": 11.25, ""height"": 53.95, ""width"": 30.28, ""depth"": 7.24, ""unit"": ""cm""}, {""storage"": ""personal"", ""weight"": 0.19, ""height"": 13.1, ""width"": 17.0, ""depth"": 15.05, ""unit"": ""cm""}, {""storage"": ""checked"", ""weight"": 13.97, ""height"": 39.66, ""width"": 26.15, ""depth"": 38.27, ""unit"": ""cm""}, {""storage"": ""checked"", ""weight"": 3.4, ""height"": 63.49, ""width"": 35.62, ""depth"": 34.76, ""unit"": ""cm""}, {""storage"": ""checked"", ""weight"": 15.12, ""height"": 27.38, ""width"": 25.2, ""depth"": 34.6, ""unit"": ""cm""}]",True,All luggage complies with the policy.,,0
Economy,child,"[{""storage"": ""carry-on"", ""weight"": 8.27, ""height"": 27.33, ""width"": 41.49, ""depth"": 27.34, ""unit"": ""cm""}, {""storage"": ""checked"", ""weight"": 27.26, ""height"": 34.29, ""width"": 24.44, ""depth"": 48.15, ""unit"": ""cm""}, {""storage"": ""personal"", ""weight"": 2.39, ""height"": 55.49, ""width"": 63.8, ""depth"": 24.35, ""unit"": ""cm""}, {""storage"": ""checked"", ""weight"": 36.11, ""height"": 30.41, ""width"": 4.95, ""depth"": 29.68, ""unit"": ""cm""}]",False,"Carry-on: Total weight 10.66kg exceeds 7kg limit, all carry-on items transferred to cargo. Total fees: €75 | Checked: The following items must be shipped as cargo: Bag 2: weight 36.11kg exceeds 32kg limit. Total fees: €300 (cargo shipping costs not included - please contact cargo department). Consider splitting items or reducing weight/size to avoid cargo shipping.","[{""storage"": ""carry-on"", ""weight"": 8.27, ""height"": 27.33, ""width"": 41.49, ""depth"": 27.34, ""unit"": ""cm""}, {""storage"": ""personal"", ""weight"": 2.39, ""height"": 55.49, ""width"": 63.8, ""depth"": 24.35, ""unit"": ""cm""}, {""storage"": ""checked"", ""weight"": 36.11, ""height"": 30.41, ""width"": 4.95, ""depth"": 29.68, ""unit"": ""cm""}]",375
First,adult,"[{""storage"": ""carry-on"", ""weight"": 14.87, ""height"": 88.5, ""width"": 68.69, ""depth"": 7.7, ""unit"": ""cm""}, {""storage"": ""carry-on"", ""weight"": 2.28, ""height"": 19.53, ""width"": 29.86, ""depth"": 8.01, ""unit"": ""cm""}, {""storage"": ""checked"", ""weight"": 39.7, ""height"": 61.16, ""width"": 3.11, ""depth"": 7.08, ""unit"": ""cm""}, {""storage"": ""carry-on"", ""weight"": 13.8, ""height"": 49.03, ""width"": 39.66, ""depth"": 21.43, ""unit"": ""cm""}]",False,"Carry-on: Total weight 30.95kg exceeds 12kg limit, all carry-on items transferred to cargo. Total fees: €75 | Checked: The following items must be shipped as cargo: Bag 1: weight 39.7kg exceeds 32kg limit. Total fees: €75 (cargo shipping costs not included - please contact cargo department). Consider splitting items or reducing weight/size to avoid cargo shipping.","[{""storage"": ""carry-on"", ""weight"": 14.87, ""height"": 88.5, ""width"": 68.69, ""depth"": 7.7, ""unit"": ""cm""}, {""storage"": ""carry-on"", ""weight"": 2.28, ""height"": 19.53, ""width"": 29.86, ""depth"": 8.01, ""unit"": ""cm""}, {""storage"": ""carry-on"", ""weight"": 13.8, ""height"": 49.03, ""width"": 39.66, ""depth"": 21.43, ""unit"": ""cm""}, {""storage"": ""checked"", ""weight"": 39.7, ""height"": 61.16, ""width"": 3.11, ""depth"": 7.08, ""unit"": ""cm""}]",150
Business,infant,"[{""storage"": ""carry-on"", ""weight"": 2.8, ""height"": 55.09, ""width"": 35.01, ""depth"": 49.01, ""unit"": ""cm""}, {""storage"": ""personal"", ""weight"": 11.43, ""height"": 53.53, ""width"": 25.99, ""depth"": 21.41, ""unit"": ""cm""}]",False,"Carry-on: Total weight 14.23kg exceeds 12kg limit, all carry-on items transferred to cargo. Total fees: €75","[{""storage"": ""carry-on"", ""weight"": 2.8, ""height"": 55.09, ""width"": 35.01, ""depth"": 49.01, ""unit"": ""cm""}, {""storage"": ""personal"", ""weight"": 11.43, ""height"": 53.53, ""width"": 25.99, ""depth"": 21.41, ""unit"": ""cm""}]",75
Economy,child,"[{""storage"": ""checked"", ""weight"": 23.27, ""height"": 56.05, ""width"": 21.3, ""depth"": 32.98, ""unit"": ""cm""}, {""storage"": ""checked"", ""weight"": 47.57, ""height"": 25.32, ""width"": 63.99, ""depth"": 24.95, ""unit"": ""cm""}, {""storage"": ""checked"", ""weight"": 10.7, ""height"": 9.89, ""width"": 39.22, ""depth"": 34.7, ""unit"": ""cm""}, {""storage"": ""carry-on"", ""weight"": 1.86, ""height"": 68.14, ""width"": 11.0, ""depth"": 15.09, ""unit"": ""cm""}]",False,"Carry-on: 1 bag(s) exceed size limits, transferred to cargo. Total fees: €100 | Checked: The following items must be shipped as cargo: Bag 2: weight 47.57kg exceeds 32kg limit. Total fees: €450 (cargo shipping costs not included - please contact cargo department). Consider splitting items or reducing weight/size to avoid cargo shipping.","[{""storage"": ""carry-on"", ""weight"": 1.86, ""height"": 68.14, ""width"": 11.0, ""depth"": 15.09, ""unit"": ""cm""}, {""storage"": ""checked"", ""weight"": 47.57, ""height"": 25.32, ""width"": 63.99, ""depth"": 24.95, ""unit"": ""cm""}]",550
Business,infant,"[{""storage"": ""personal"", ""weight"": 3.38, ""height"": 17.13, ""width"": 23.6, ""depth"": 12.77, ""unit"": ""cm""}]",True,All luggage complies with the policy.,,0
Business,adult,"[{""storage"": ""personal"", ""weight"": 4.8, ""height"": 95.61, ""width"": 39.0, ""depth"": 8.95, ""unit"": ""cm""}, {""storage"": ""personal"", ""weight"": 6.59, ""height"": 92.73, ""width"": 24.41, ""depth"": 28.37, ""unit"": ""cm""}, {""storage"": ""carry-on"", ""weight"": 10.99, ""height"": 64.47, ""width"": 45.65, ""depth"": 24.72, ""unit"": ""cm""}, {""storage"": ""checked"", ""weight"": 21.51, ""height"": 2.32, ""width"": 33.03, ""depth"": 49.54, ""unit"": ""cm""}, {""storage"": ""personal"", ""weight"": 0.79, ""height"": 52.95, ""width"": 38.6, ""depth"": 4.7, ""unit"": ""cm""}]",False,"Carry-on: 2 bag(s) exceed quantity allowance, transferred to cargo; Total weight 15.79kg exceeds 12kg limit, all carry-on items transferred to cargo. Total fees: €375","[{""storage"": ""personal"", ""weight"": 6.59, ""height"": 92.73, ""width"": 24.41, ""depth"": 28.37, ""unit"": ""cm""}, {""storage"": ""personal"", ""weight"": 0.79, ""height"": 52.95, ""width"": 38.6, ""depth"": 4.7, ""unit"": ""cm""}, {""storage"": ""carry-on"", ""weight"": 10.99, ""height"": 64.47, ""width"": 45.65, ""depth"": 24.72, ""unit"": ""cm""}, {""storage"": ""personal"", ""weight"": 4.8, ""height"": 95.61, ""width"": 39.0, ""depth"": 8.95, ""unit"": ""cm""}]",375
First,infant,"[{""storage"": ""carry-on"", ""weight"": 6.07, ""height"": 48.14, ""width"": 67.95, ""depth"": 38.16, ""unit"": ""cm""}, {""storage"": ""carry-on"", ""weight"": 14.76, ""height"": 64.75, ""width"": 3.69, ""depth"": 26.31, ""unit"": ""cm""}]",False,"Carry-on: Total weight 20.83kg exceeds 12kg limit, all carry-on items transferred to cargo. Total fees: €75","[{""storage"": ""carry-on"", ""weight"": 6.07, ""height"": 48.14, ""width"": 67.95, ""depth"": 38.16, ""unit"": ""cm""}, {""storage"": ""carry-on"", ""weight"": 14.76, ""height"": 64.75, ""width"": 3.69, ""depth"": 26.31, ""unit"": ""cm""}]",75
Economy,infant,"[{""storage"": ""carry-on"", ""weight"": 3.55, ""height"": 34.31, ""width"": 38.9, ""depth"": 0.47, ""unit"": ""cm""}, {""storage"": ""personal"", ""weight"": 1.49, ""height"": 35.02, ""width"": 26.25, ""depth"": 14.48, ""unit"": ""cm""}, {""storage"": ""checked"", ""weight"": 11.15, ""height"": 35.28, ""width"": 48.34, ""depth"": 49.39, ""unit"": ""cm""}]",True,All luggage complies with the policy.,,0
Economy,adult,"[{""storage"": ""personal"", ""weight"": 5.42, ""height"": 70.05, ""width"": 30.83, ""depth"": 16.78, ""unit"": ""cm""}, {""storage"": ""checked"", ""weight"": 20.76, ""height"": 91.38, ""width"": 72.25, ""depth"": 5.07, ""unit"": ""cm""}, {""storage"": ""personal"", ""weight"": 9.61, ""height"": 21.99, ""width"": 67.55, ""depth"": 37.22, ""unit"": ""cm""}]",False,"Carry-on: Total weight 15.03kg exceeds 7kg limit, all carry-on items transferred to cargo. Total fees: €75 | Checked: Checked luggage complies with the policy.","[{""storage"": ""personal"", ""weight"": 5.42, ""height"": 70.05, ""width"": 30.83, ""depth"": 16.78, ""unit"": ""cm""}, {""storage"": ""personal"", ""weight"": 9.61, ""height"": 21.99, ""width"": 67.55, ""depth"": 37.22, ""unit"": ""cm""}]",175
Business,adult,"[{""storage"": ""carry-on"", ""weight"": 5.64, ""height"": 53.04, ""width"": 18.16, ""depth"": 2.6, ""unit"": ""cm""}, {""storage"": ""personal"", ""weight"": 1.55, ""height"": 34.76, ""width"": 2.41, ""depth"": 11.98, ""unit"": ""cm""}]",True,All luggage complies with the policy.,,0
Business,adult,"[{""storage"": ""carry-on"", ""weight"": 4.54, ""height"": 46.89, ""width"": 2.49, ""depth"": 21.88, ""unit"": ""cm""}, {""storage"": ""carry-on"", ""weight"": 1.78, ""height"": 4.28, ""width"": 15.51, ""depth"": 21.2, ""unit"": ""cm""}, {""storage"": ""personal"", ""weight"": 2.19, ""height"": 32.0, ""width"": 25.61, ""depth"": 19.12, ""unit"": ""cm""}]",True,All luggage complies with the policy.,,0
Economy,infant,"[{""storage"": ""carry-on"", ""weight"": 11.02, ""height"": 45.33, ""width"": 30.36, ""depth"": 26.83, ""unit"": ""cm""}, {""storage"": ""carry-on"", ""weight"": 8.97, ""height"": 65.71, ""width"": 21.94, ""depth"": 43.68, ""unit"": ""cm""}, {""storage"": ""checked"", ""weight"": 39.92, ""height"": 16.49, ""width"": 28.83, ""depth"": 17.88, ""unit"": ""cm""}]",False,"Carry-on: Total weight 19.990000000000002kg exceeds 7kg limit, all carry-on items transferred to cargo. Total fees: €75 | Checked: The following items must be shipped as cargo: Bag 1: weight 39.92kg exceeds 32kg limit. Total fees: €75 (cargo shipping costs not included - please contact cargo department). Consider splitting items or reducing weight/size to avoid cargo shipping.","[{""storage"": ""carry-on"", ""weight"": 11.02, ""height"": 45.33, ""width"": 30.36, ""depth"": 26.83, ""unit"": ""cm""}, {""storage"": ""carry-on"", ""weight"": 8.97, ""height"": 65.71, ""width"": 21.94, ""depth"": 43.68, ""unit"": ""cm""}, {""storage"": ""checked"", ""weight"": 39.92, ""height"": 16.49, ""width"": 28.83, ""depth"": 17.88, ""unit"": ""cm""}]",150
Business,infant,"[{""storage"": ""carry-on"", ""weight"": 1.57, ""height"": 40.23, ""width"": 19.42, ""depth"": 15.64, ""unit"": ""cm""}, {""storage"": ""personal"", ""weight"": 2.27, ""height"": 32.32, ""width"": 25.57, ""depth"": 1.72, ""unit"": ""cm""}, {""storage"": ""checked"", ""weight"": 26.84, ""height"": 62.44, ""width"": 50.03, ""depth"": 36.24, ""unit"": ""cm""}, {""storage"": ""checked"", ""weight"": 1.75, ""height"": 43.49, ""width"": 56.15, ""depth"": 42.14, ""unit"": ""cm""}]",True,All luggage complies with the policy.,,0
First,child,"[{""storage"": ""carry-on"", ""weight"": 6.91, ""height"": 20.45, ""width"": 27.51, ""depth"": 12.43, ""unit"": ""cm""}, {""storage"": ""personal"", ""weight"": 4.67, ""height"": 6.23, ""width"": 8.45, ""depth"": 12.23, ""unit"": ""cm""}]",True,All luggage complies with the policy.,,0
First,adult,"[{""storage"": ""carry-on"", ""weight"": 1.57, ""height"": 29.05, ""width"": 15.73, ""depth"": 7.21, ""unit"": ""cm""}, {""storage"": ""personal"", ""weight"": 4.8, ""height"": 38.72, ""width"": 19.94, ""depth"": 7.38, ""unit"": ""cm""}, {""storage"": ""checked"", ""weight"": 19.02, ""height"": 46.39, ""width"": 57.27, ""depth"": 39.95, ""unit"": ""cm""}, {""storage"": ""checked"", ""weight"": 29.83, ""height"": 65.01, ""width"": 31.32, ""depth"": 23.19, ""unit"": ""cm""}]",True,All luggage complies with the policy.,,0
First,child,"[{""storage"": ""carry-on"", ""weight"": 14.71, ""height"": 37.46, ""width"": 47.18, ""depth"": 7.45, ""unit"": ""cm""}, {""storage"": ""checked"", ""weight"": 15.43, ""height"": 46.42, ""width"": 59.96, ""depth"": 9.98, ""unit"": ""cm""}, {""storage"": ""carry-on"", ""weight"": 12.62, ""height"": 16.83, ""width"": 49.83, ""depth"": 16.23, ""unit"": ""cm""}]",False,"Carry-on: Total weight 27.33kg exceeds 12kg limit, all carry-on items transferred to cargo. Total fees: €75","[{""storage"": ""carry-on"", ""weight"": 14.71, ""height"": 37.46, ""width"": 47.18, ""depth"": 7.45, ""unit"": ""cm""}, {""storage"": ""carry-on"", ""weight"": 12.62, ""height"": 16.83, ""width"": 49.83, ""depth"": 16.23, ""unit"": ""cm""}]",75
Business,adult,"[{""storage"": ""personal"", ""weight"": 8.34, ""height"": 81.92, ""width"": 25.1, ""depth"": 46.6, ""unit"": ""cm""}, {""storage"": ""checked"", ""weight"": 26.86, ""height"": 7.76, ""width"": 41.64, ""depth"": 18.53, ""unit"": ""cm""}, {""storage"": ""personal"", ""weight"": 9.06, ""height"": 11.61, ""width"": 70.71, ""depth"": 7.87, ""unit"": ""cm""}, {""storage"": ""carry-on"", ""weight"": 1.79, ""height"": 93.01, ""width"": 60.76, ""depth"": 30.82, ""unit"": ""cm""}, {""storage"": ""carry-on"", ""weight"": 11.85, ""height"": 16.43, ""width"": 65.7, ""depth"": 4.34, ""unit"": ""cm""}]",False,"Carry-on: 1 bag(s) exceed quantity allowance, transferred to cargo; Total weight 21.98kg exceeds 12kg limit, all carry-on items transferred to cargo. Total fees: €225","[{""storage"": ""personal"", ""weight"": 9.06, ""height"": 11.61, ""width"": 70.71, ""depth"": 7.87, ""unit"": ""cm""}, {""storage"": ""carry-on"", ""weight"": 1.79, ""height"": 93.01, ""width"": 60.76, ""depth"": 30.82, ""unit"": ""cm""}, {""storage"": ""carry-on"", ""weight"": 11.85, ""height"": 16.43, ""width"": 65.7, ""depth"": 4.34, ""unit"": ""cm""}, {""storage"": ""personal"", ""weight"": 8.34, ""height"": 81.92, ""width"": 25.1, ""depth"": 46.6, ""unit"": ""cm""}]",225
Business,infant,"[{""storage"": ""carry-on"", ""weight"": 13.57, ""height"": 33.65, ""width"": 40.81, ""depth"": 48.52, ""unit"": ""cm""}, {""storage"": ""carry-on"", ""weight"": 4.64, ""height"": 68.75, ""width"": 12.26, ""depth"": 8.81, ""unit"": ""cm""}, {""storage"": ""carry-on"", ""weight"": 14.89, ""height"": 84.72, ""width"": 8.41, ""depth"": 9.88, ""unit"": ""cm""}, {""storage"": ""personal"", ""weight"": 6.15, ""height"": 22.01, ""width"": 74.85, ""depth"": 10.29, ""unit"": ""cm""}]",False,"Carry-on: 1 bag(s) exceed quantity allowance, transferred to cargo; Total weight 24.36kg exceeds 12kg limit, all carry-on items transferred to cargo. Total fees: €225","[{""storage"": ""carry-on"", ""weight"": 14.89, ""height"": 84.72, ""width"": 8.41, ""depth"": 9.88, ""unit"": ""cm""}, {""storage"": ""carry-on"", ""weight"": 13.57, ""height"": 33.65, ""width"": 40.81, ""depth"": 48.52, ""unit"": ""cm""}, {""storage"": ""carry-on"", ""weight"": 4.64, ""height"": 68.75, ""width"": 12.26, ""depth"": 8.81, ""unit"": ""cm""}, {""storage"": ""personal"", ""weight"": 6.15, ""height"": 22.01, ""width"": 74.85, ""depth"": 10.29, ""unit"": ""cm""}]",225
Business,infant,"[{""storage"": ""carry-on"", ""weight"": 2.3, ""height"": 41.8, ""width"": 13.58, ""depth"": 3.0, ""unit"": ""cm""}, {""storage"": ""carry-on"", ""weight"": 5.98, ""height"": 41.59, ""width"": 16.56, ""depth"": 19.46, ""unit"": ""cm""}, {""storage"": ""personal"", ""weight"": 0.87, ""height"": 12.29, ""width"": 20.3, ""depth"": 9.82, ""unit"": ""cm""}, {""storage"": ""checked"", ""weight"": 5.39, ""height"": 60.07, ""width"": 27.12, ""depth"": 24.0, ""unit"": ""cm""}, {""storage"": ""checked"", ""weight"": 27.31, ""height"": 40.6, ""width"": 43.59, ""depth"": 30.25, ""unit"": ""cm""}]",True,All luggage complies with the policy.,,0
First,child,"[{""storage"": ""carry-on"", ""weight"": 5.37, ""height"": 8.53, ""width"": 21.9, ""depth"": 1.26, ""unit"": ""cm""}, {""storage"": ""carry-on"", ""weight"": 3.62, ""height"": 17.07, ""width"": 29.61, ""depth"": 7.03, ""unit"": ""cm""}, {""storage"": ""personal"", ""weight"": 2.89, ""height"": 9.98, ""width"": 17.98, ""depth"": 19.85, ""unit"": ""cm""}, {""storage"": ""checked"", ""weight"": 18.41, ""height"": 35.78, ""width"": 44.28, ""depth"": 26.14, ""unit"": ""cm""}, {""storage"": ""checked"", ""weight"": 24.12, ""height"": 54.31, ""width"": 42.88, ""depth"": 37.39, ""unit"": ""cm""}, {""storage"": ""checked"", ""weight"": 26.1, ""height"": 27.25, ""width"": 43.46, ""depth"": 44.36, ""unit"": ""cm""}]",True,All luggage complies with the policy.,,0
Economy,infant,"[{""storage"": ""checked"", ""weight"": 10.54, ""height"": 80.91, ""width"": 58.6, ""depth"": 24.6, ""unit"": ""cm""}, {""storage"": ""checked"", ""weight"": 36.31, ""height"": 45.29, ""width"": 42.53, ""depth"": 42.18, ""unit"": ""cm""}, {""storage"": ""personal"", ""weight"": 4.3, ""height"": 22.56, ""width"": 12.67, ""depth"": 8.15, ""unit"": ""cm""}, {""storage"": ""checked"", ""weight"": 37.97, ""height"": 18.6, ""width"": 37.89, ""depth"": 13.31, ""unit"": ""cm""}, {""storage"": ""checked"", ""weight"": 1.41, ""height"": 68.74, ""width"": 5.76, ""depth"": 48.39, ""unit"": ""cm""}]",False,Checked: The following items must be shipped as cargo: Bag 2: weight 36.31kg exceeds 32kg limit; Bag 3: weight 37.97kg exceeds 32kg limit. Total fees: €700 (cargo shipping costs not included - please contact cargo department). Consider splitting items or reducing weight/size to avoid cargo shipping.,"[{""storage"": ""checked"", ""weight"": 36.31, ""height"": 45.29, ""width"": 42.53, ""depth"": 42.18, ""unit"": ""cm""}, {""storage"": ""checked"", ""weight"": 37.97, ""height"": 18.6, ""width"": 37.89, ""depth"": 13.31, ""unit"": ""cm""}]",700
Economy,adult,"[{""storage"": ""carry-on"", ""weight"": 0.36, ""height"": 10.8, ""width"": 21.57, ""depth"": 20.68, ""unit"": ""cm""}, {""storage"": ""personal"", ""weight"": 6.62, ""height"": 15.78, ""width"": 23.12, ""depth"": 14.59, ""unit"": ""cm""}, {""storage"": ""checked"", ""weight"": 1.82, ""height"": 41.84, ""width"": 20.81, ""depth"": 49.69, ""unit"": ""cm""}]",True,All luggage complies with the policy.,,0
First,child,"[{""storage"": ""carry-on"", ""weight"": 3.47, ""height"": 7.06, ""width"": 13.19, ""depth"": 17.28, ""unit"": ""cm""}, {""storage"": ""personal"", ""weight"": 3.4, ""height"": 11.2, ""width"": 15.11, ""depth"": 4.99, ""unit"": ""cm""}, {""storage"": ""checked"", ""weight"": 28.71, ""height"": 28.07, ""width"": 40.84, ""depth"": 41.0, ""unit"": ""cm""}, {""storage"": ""checked"", ""weight"": 23.43, ""height"": 42.44, ""width"": 20.66, ""depth"": 36.86, ""unit"": ""cm""}, {""storage"": ""checked"", ""weight"": 15.95, ""height"": 67.47, ""width"": 38.81, ""depth"": 47.36, ""unit"": ""cm""}]",True,All luggage complies with the policy.,,0
Business,infant,"[{""storage"": ""personal"", ""weight"": 6.96, ""height"": 4.87, ""width"": 7.95, ""depth"": 1.99, ""unit"": ""cm""}]",True,All luggage complies with the policy.,,0
Economy,adult,"[{""storage"": ""carry-on"", ""weight"": 6.91, ""height"": 26.64, ""width"": 29.37, ""depth"": 17.64, ""unit"": ""cm""}, {""storage"": ""personal"", ""weight"": 0.76, ""height"": 69.42, ""width"": 41.15, ""depth"": 41.21, ""unit"": ""cm""}, {""storage"": ""carry-on"", ""weight"": 0.63, ""height"": 52.76, ""width"": 35.03, ""depth"": 25.63, ""unit"": ""cm""}]",False,"Carry-on: 1 bag(s) exceed quantity allowance, transferred to cargo; Total weight 7.67kg exceeds 7kg limit, all carry-on items transferred to cargo. Total fees: €225","[{""storage"": ""carry-on"", ""weight"": 0.63, ""height"": 52.76, ""width"": 35.03, ""depth"": 25.63, ""unit"": ""cm""}, {""storage"": ""carry-on"", ""weight"": 6.91, ""height"": 26.64, ""width"": 29.37, ""depth"": 17.64, ""unit"": ""cm""}, {""storage"": ""personal"", ""weight"": 0.76, ""height"": 69.42, ""width"": 41.15, ""depth"": 41.21, ""unit"": ""cm""}]",225
First,adult,"[{""storage"": ""personal"", ""weight"": 6.63, ""height"": 65.6, ""width"": 1.05, ""depth"": 41.26, ""unit"": ""cm""}, {""storage"": ""checked"", ""weight"": 4.6, ""height"": 83.12, ""width"": 63.42, ""depth"": 14.19, ""unit"": ""cm""}]",False,Checked: Checked luggage complies with the policy.,,100
Business,adult,"[{""storage"": ""personal"", ""weight"": 13.39, ""height"": 62.74, ""width"": 19.93, ""depth"": 31.83, ""unit"": ""cm""}, {""storage"": ""carry-on"", ""weight"": 4.02, ""height"": 36.46, ""width"": 63.02, ""depth"": 33.8, ""unit"": ""cm""}]",False,"Carry-on: Total weight 17.41kg exceeds 12kg limit, all carry-on items transferred to cargo. Total fees: €75","[{""storage"": ""carry-on"", ""weight"": 4.02, ""height"": 36.46, ""width"": 63.02, ""depth"": 33.8, ""unit"": ""cm""}, {""storage"": ""personal"", ""weight"": 13.39, ""height"": 62.74, ""width"": 19.93, ""depth"": 31.83, ""unit"": ""cm""}]",75
Economy,child,"[{""storage"": ""carry-on"", ""weight"": 5.55, ""height"": 51.48, ""width"": 6.68, ""depth"": 8.38, ""unit"": ""cm""}, {""storage"": ""personal"", ""weight"": 1.1, ""height"": 0.49, ""width"": 4.28, ""depth"": 1.1, ""unit"": ""cm""}]",True,All luggage complies with the policy.,,0
Business,adult,"[{""storage"": ""carry-on"", ""weight"": 5.7, ""height"": 54.31, ""width"": 11.4, ""depth"": 18.87, ""unit"": ""cm""}, {""storage"": ""carry-on"", ""weight"": 1.09, ""height"": 35.4, ""width"": 0.05, ""depth"": 7.79, ""unit"": ""cm""}, {""storage"": ""personal"", ""weight"": 0.29, ""height"": 20.32, ""width"": 21.04, ""depth"": 8.17, ""unit"": ""cm""}]",True,All luggage complies with the policy.,,0
Business,adult,"[{""storage"": ""carry-on"", ""weight"": 5.77, ""height"": 40.05, ""width"": 20.01, ""depth"": 20.59, ""unit"": ""cm""}, {""storage"": ""carry-on"", ""weight"": 3.76, ""height"": 45.36, ""width"": 0.59, ""depth"": 13.31, ""unit"": ""cm""}, {""storage"": ""personal"", ""weight"": 2.15, ""height"": 3.55, ""width"": 11.4, ""depth"": 8.65, ""unit"": ""cm""}]",True,All luggage complies with the policy.,,0
First,child,"[{""storage"": ""carry-on"", ""weight"": 0.42, ""height"": 27.58, ""width"": 10.47, ""depth"": 13.54, ""unit"": ""cm""}, {""storage"": ""carry-on"", ""weight"": 4.88, ""height"": 49.81, ""width"": 11.7, ""depth"": 13.83, ""unit"": ""cm""}, {""storage"": ""personal"", ""weight"": 1.53, ""height"": 14.8, ""width"": 27.91, ""depth"": 17.26, ""unit"": ""cm""}, {""storage"": ""checked"", ""weight"": 14.89, ""height"": 28.69, ""width"": 56.34, ""depth"": 28.88, ""unit"": ""cm""}, {""storage"": ""checked"", ""weight"": 14.13, ""height"": 69.82, ""width"": 33.8, ""depth"": 23.87, ""unit"": ""cm""}, {""storage"": ""checked"", ""weight"": 27.19, ""height"": 55.18, ""width"": 41.56, ""depth"": 23.72, ""unit"": ""cm""}]",True,All luggage complies with the policy.,,0
Economy,adult,"[{""storage"": ""checked"", ""weight"": 1.79, ""height"": 31.3, ""width"": 38.32, ""depth"": 6.91, ""unit"": ""cm""}, {""storage"": ""personal"", ""weight"": 3.62, ""height"": 48.82, ""width"": 35.27, ""depth"": 48.94, ""unit"": ""cm""}, {""storage"": ""carry-on"", ""weight"": 14.71, ""height"": 4.74, ""width"": 13.5, ""depth"": 18.22, ""unit"": ""cm""}, {""storage"": ""carry-on"", ""weight"": 1.91, ""height"": 93.14, ""width"": 72.65, ""depth"": 22.88, ""unit"": ""cm""}]",False,"Carry-on: 1 bag(s) exceed quantity allowance, transferred to cargo; Total weight 18.330000000000002kg exceeds 7kg limit, all carry-on items transferred to cargo. Total fees: €225","[{""storage"": ""carry-on"", ""weight"": 1.91, ""height"": 93.14, ""width"": 72.65, ""depth"": 22.88, ""unit"": ""cm""}, {""storage"": ""carry-on"", ""weight"": 14.71, ""height"": 4.74, ""width"": 13.5, ""depth"": 18.22, ""unit"": ""cm""}, {""storage"": ""personal"", ""weight"": 3.62, ""height"": 48.82, ""width"": 35.27, ""depth"": 48.94, ""unit"": ""cm""}]",225
First,adult,"[{""storage"": ""personal"", ""weight"": 8.8, ""height"": 37.92, ""width"": 11.83, ""depth"": 7.21, ""unit"": ""cm""}]",True,All luggage complies with the policy.,,0
Business,infant,"[{""storage"": ""carry-on"", ""weight"": 1.85, ""height"": 26.94, ""width"": 24.5, ""depth"": 7.55, ""unit"": ""cm""}, {""storage"": ""carry-on"", ""weight"": 2.01, ""height"": 18.78, ""width"": 21.76, ""depth"": 5.2, ""unit"": ""cm""}, {""storage"": ""personal"", ""weight"": 5.87, ""height"": 29.29, ""width"": 18.26, ""depth"": 19.68, ""unit"": ""cm""}, {""storage"": ""checked"", ""weight"": 4.37, ""height"": 25.68, ""width"": 22.8, ""depth"": 46.33, ""unit"": ""cm""}, {""storage"": ""checked"", ""weight"": 6.68, ""height"": 54.4, ""width"": 51.33, ""depth"": 34.17, ""unit"": ""cm""}]",True,All luggage complies with the policy.,,0
Business,infant,"[{""storage"": ""carry-on"", ""weight"": 13.04, ""height"": 39.23, ""width"": 27.98, ""depth"": 21.97, ""unit"": ""cm""}, {""storage"": ""carry-on"", ""weight"": 9.9, ""height"": 20.17, ""width"": 69.18, ""depth"": 49.64, ""unit"": ""cm""}, {""storage"": ""checked"", ""weight"": 4.73, ""height"": 80.8, ""width"": 41.12, ""depth"": 12.47, ""unit"": ""cm""}]",False,"Carry-on: Total weight 22.939999999999998kg exceeds 12kg limit, all carry-on items transferred to cargo. Total fees: €75","[{""storage"": ""carry-on"", ""weight"": 13.04, ""height"": 39.23, ""width"": 27.98, ""depth"": 21.97, ""unit"": ""cm""}, {""storage"": ""carry-on"", ""weight"": 9.9, ""height"": 20.17, ""width"": 69.18, ""depth"": 49.64, ""unit"": ""cm""}]",75
First,adult,"[{""storage"": ""checked"", ""weight"": 3.63, ""height"": 91.66, ""width"": 15.23, ""depth"": 35.3, ""unit"": ""cm""}, {""storage"": ""personal"", ""weight"": 1.92, ""height"": 6.71, ""width"": 47.47, ""depth"": 36.76, ""unit"": ""cm""}, {""storage"": ""personal"", ""weight"": 11.12, ""height"": 15.7, ""width"": 44.47, ""depth"": 28.16, ""unit"": ""cm""}]",False,"Carry-on: Total weight 13.04kg exceeds 12kg limit, all carry-on items transferred to cargo. Total fees: €75","[{""storage"": ""personal"", ""weight"": 1.92, ""height"": 6.71, ""width"": 47.47, ""depth"": 36.76, ""unit"": ""cm""}, {""storage"": ""personal"", ""weight"": 11.12, ""height"": 15.7, ""width"": 44.47, ""depth"": 28.16, ""unit"": ""cm""}]",75
Economy,child,"[{""storage"": ""personal"", ""weight"": 5.42, ""height"": 28.2, ""width"": 19.44, ""depth"": 19.01, ""unit"": ""cm""}, {""storage"": ""checked"", ""weight"": 2.45, ""height"": 44.55, ""width"": 38.6, ""depth"": 32.92, ""unit"": ""cm""}]",True,All luggage complies with the policy.,,0
First,infant,"[{""storage"": ""checked"", ""weight"": 3.34, ""height"": 34.07, ""width"": 10.57, ""depth"": 48.83, ""unit"": ""cm""}]",True,All luggage complies with the policy.,,0
First,infant,"[{""storage"": ""checked"", ""weight"": 8.07, ""height"": 27.97, ""width"": 24.86, ""depth"": 23.11, ""unit"": ""cm""}, {""storage"": ""personal"", ""weight"": 4.95, ""height"": 91.53, ""width"": 20.89, ""depth"": 11.95, ""unit"": ""cm""}, {""storage"": ""carry-on"", ""weight"": 12.78, ""height"": 94.03, ""width"": 65.12, ""depth"": 26.67, ""unit"": ""cm""}, {""storage"": ""personal"", ""weight"": 12.95, ""height"": 6.88, ""width"": 43.51, ""depth"": 46.42, ""unit"": ""cm""}]",False,"Carry-on: Total weight 30.68kg exceeds 12kg limit, all carry-on items transferred to cargo. Total fees: €75","[{""storage"": ""carry-on"", ""weight"": 12.78, ""height"": 94.03, ""width"": 65.12, ""depth"": 26.67, ""unit"": ""cm""}, {""storage"": ""personal"", ""weight"": 4.95, ""height"": 91.53, ""width"": 20.89, ""depth"": 11.95, ""unit"": ""cm""}, {""storage"": ""personal"", ""weight"": 12.95, ""height"": 6.88, ""width"": 43.51, ""depth"": 46.42, ""unit"": ""cm""}]",75
First,infant,"[{""storage"": ""carry-on"", ""weight"": 8.41, ""height"": 67.13, ""width"": 71.32, ""depth"": 37.93, ""unit"": ""cm""}, {""storage"": ""checked"", ""weight"": 8.56, ""height"": 22.08, ""width"": 7.5, ""depth"": 43.49, ""unit"": ""cm""}, {""storage"": ""carry-on"", ""weight"": 2.01, ""height"": 69.47, ""width"": 19.94, ""depth"": 26.82, ""unit"": ""cm""}]",False,"Carry-on: 2 bag(s) exceed size limits, transferred to cargo. Total fees: €200","[{""storage"": ""carry-on"", ""weight"": 8.41, ""height"": 67.13, ""width"": 71.32, ""depth"": 37.93, ""unit"": ""cm""}, {""storage"": ""carry-on"", ""weight"": 2.01, ""height"": 69.47, ""width"": 19.94, ""depth"": 26.82, ""unit"": ""cm""}]",200
Business,infant,"[{""storage"": ""personal"", ""weight"": 0.71, ""height"": 3.84, ""width"": 4.97, ""depth"": 16.93, ""unit"": ""cm""}]",True,All luggage complies with the policy.,,0
Business,adult,"[{""storage"": ""carry-on"", ""weight"": 12.64, ""height"": 60.14, ""width"": 74.07, ""depth"": 37.61, ""unit"": ""cm""}, {""storage"": ""personal"", ""weight"": 9.38, ""height"": 1.16, ""width"": 71.58, ""depth"": 47.79, ""unit"": ""cm""}]",False,"Carry-on: Total weight 22.020000000000003kg exceeds 12kg limit, all carry-on items transferred to cargo. Total fees: €75","[{""storage"": ""carry-on"", ""weight"": 12.64, ""height"": 60.14, ""width"": 74.07, ""depth"": 37.61, ""unit"": ""cm""}, {""storage"": ""personal"", ""weight"": 9.38, ""height"": 1.16, ""width"": 71.58, ""depth"": 47.79, ""unit"": ""cm""}]",75
First,infant,"[{""storage"": ""carry-on"", ""weight"": 4.09, ""height"": 10.05, ""width"": 15.0, ""depth"": 9.17, ""unit"": ""cm""}, {""storage"": ""carry-on"", ""weight"": 0.61, ""height"": 28.2, ""width"": 21.76, ""depth"": 18.2, ""unit"": ""cm""}, {""storage"": ""personal"", ""weight"": 4.3, ""height"": 13.61, ""width"": 17.48, ""depth"": 13.91, ""unit"": ""cm""}, {""storage"": ""checked"", ""weight"": 23.51, ""height"": 45.29, ""width"": 28.26, ""depth"": 45.72, ""unit"": ""cm""}, {""storage"": ""checked"", ""weight"": 21.57, ""height"": 40.21, ""width"": 52.7, ""depth"": 35.06, ""unit"": ""cm""}, {""storage"": ""checked"", ""weight"": 25.69, ""height"": 69.48, ""width"": 38.49, ""depth"": 43.11, ""unit"": ""cm""}]",True,All luggage complies with the policy.,,0
Business,infant,"[{""storage"": ""personal"", ""weight"": 9.45, ""height"": 17.19, ""width"": 19.92, ""depth"": 11.76, ""unit"": ""cm""}, {""storage"": ""checked"", ""weight"": 10.91, ""height"": 53.34, ""width"": 47.06, ""depth"": 26.24, ""unit"": ""cm""}, {""storage"": ""checked"", ""weight"": 15.26, ""height"": 25.27, ""width"": 42.88, ""depth"": 47.97, ""unit"": ""cm""}]",True,All luggage complies with the policy.,,0
First,child,"[{""storage"": ""personal"", ""weight"": 5.56, ""height"": 15.6, ""width"": 4.79, ""depth"": 27.43, ""unit"": ""cm""}, {""storage"": ""carry-on"", ""weight"": 8.27, ""height"": 95.59, ""width"": 54.49, ""depth"": 10.37, ""unit"": ""cm""}]",False,"Carry-on: Total weight 13.829999999999998kg exceeds 12kg limit, all carry-on items transferred to cargo. Total fees: €75","[{""storage"": ""carry-on"", ""weight"": 8.27, ""height"": 95.59, ""width"": 54.49, ""depth"": 10.37, ""unit"": ""cm""}, {""storage"": ""personal"", ""weight"": 5.56, ""height"": 15.6, ""width"": 4.79, ""depth"": 27.43, ""unit"": ""cm""}]",75
Business,infant,"[{""storage"": ""personal"", ""weight"": 7.39, ""height"": 26.39, ""width"": 29.09, ""depth"": 11.21, ""unit"": ""cm""}, {""storage"": ""checked"", ""weight"": 28.12, ""height"": 22.16, ""width"": 37.93, ""depth"": 34.64, ""unit"": ""cm""}, {""storage"": ""checked"", ""weight"": 13.5, ""height"": 52.77, ""width"": 52.6, ""depth"": 29.17, ""unit"": ""cm""}]",True,All luggage complies with the policy.,,0
Economy,infant,"[{""storage"": ""carry-on"", ""weight"": 3.54, ""height"": 33.64, ""width"": 36.89, ""depth"": 11.85, ""unit"": ""cm""}, {""storage"": ""personal"", ""weight"": 2.82, ""height"": 1.35, ""width"": 9.16, ""depth"": 10.8, ""unit"": ""cm""}, {""storage"": ""checked"", ""weight"": 9.73, ""height"": 27.6, ""width"": 46.43, ""depth"": 49.23, ""unit"": ""cm""}]",True,All luggage complies with the policy.,,0
Economy,infant,"[{""storage"": ""personal"", ""weight"": 0.69, ""height"": 70.46, ""width"": 73.21, ""depth"": 4.06, ""unit"": ""cm""}, {""storage"": ""carry-on"", ""weight"": 12.5, ""height"": 68.76, ""width"": 18.0, ""depth"": 20.11, ""unit"": ""cm""}, {""storage"": ""carry-on"", ""weight"": 12.55, ""height"": 18.27, ""width"": 25.92, ""depth"": 4.64, ""unit"": ""cm""}, {""storage"": ""personal"", ""weight"": 12.54, ""height"": 47.89, ""width"": 27.74, ""depth"": 11.7, ""unit"": ""cm""}]",False,"Carry-on: 2 bag(s) exceed quantity allowance, transferred to cargo; Total weight 13.19kg exceeds 7kg limit, all carry-on items transferred to cargo. Total fees: €375","[{""storage"": ""personal"", ""weight"": 12.54, ""height"": 47.89, ""width"": 27.74, ""depth"": 11.7, ""unit"": ""cm""}, {""storage"": ""carry-on"", ""weight"": 12.55, ""height"": 18.27, ""width"": 25.92, ""depth"": 4.64, ""unit"": ""cm""}, {""storage"": ""carry-on"", ""weight"": 12.5, ""height"": 68.76, ""width"": 18.0, ""depth"": 20.11, ""unit"": ""cm""}, {""storage"": ""personal"", ""weight"": 0.69, ""height"": 70.46, ""width"": 73.21, ""depth"": 4.06, ""unit"": ""cm""}]",375
First,child,"[{""storage"": ""carry-on"", ""weight"": 1.09, ""height"": 46.13, ""width"": 1.55, ""depth"": 2.05, ""unit"": ""cm""}, {""storage"": ""carry-on"", ""weight"": 5.35, ""height"": 11.27, ""width"": 39.06, ""depth"": 21.4, ""unit"": ""cm""}, {""storage"": ""personal"", ""weight"": 3.01, ""height"": 7.18, ""width"": 22.96, ""depth"": 17.87, ""unit"": ""cm""}]",True,All luggage complies with the policy.,,0
First,infant,"[{""storage"": ""carry-on"", ""weight"": 5.64, ""height"": 42.5, ""width"": 16.01, ""depth"": 7.18, ""unit"": ""cm""}, {""storage"": ""personal"", ""weight"": 0.97, ""height"": 19.64, ""width"": 22.2, ""depth"": 7.4, ""unit"": ""cm""}, {""storage"": ""checked"", ""weight"": 29.71, ""height"": 36.48, ""width"": 51.86, ""depth"": 42.34, ""unit"": ""cm""}, {""storage"": ""checked"", ""weight"": 13.8, ""height"": 23.21, ""width"": 41.87, ""depth"": 47.04, ""unit"": ""cm""}]",True,All luggage complies with the policy.,,0
Business,infant,"[{""storage"": ""personal"", ""weight"": 4.25, ""height"": 12.99, ""width"": 54.82, ""depth"": 29.79, ""unit"": ""cm""}, {""storage"": ""carry-on"", ""weight"": 4.13, ""height"": 30.33, ""width"": 27.45, ""depth"": 26.9, ""unit"": ""cm""}, {""storage"": ""personal"", ""weight"": 12.12, ""height"": 55.82, ""width"": 8.23, ""depth"": 39.83, ""unit"": ""cm""}, {""storage"": ""carry-on"", ""weight"": 9.6, ""height"": 91.41, ""width"": 6.94, ""depth"": 40.3, ""unit"": ""cm""}]",False,"Carry-on: 1 bag(s) exceed quantity allowance, transferred to cargo; Total weight 17.98kg exceeds 12kg limit, all carry-on items transferred to cargo. Total fees: €225","[{""storage"": ""personal"", ""weight"": 12.12, ""height"": 55.82, ""width"": 8.23, ""depth"": 39.83, ""unit"": ""cm""}, {""storage"": ""carry-on"", ""weight"": 4.13, ""height"": 30.33, ""width"": 27.45, ""depth"": 26.9, ""unit"": ""cm""}, {""storage"": ""carry-on"", ""weight"": 9.6, ""height"": 91.41, ""width"": 6.94, ""depth"": 40.3, ""unit"": ""cm""}, {""storage"": ""personal"", ""weight"": 4.25, ""height"": 12.99, ""width"": 54.82, ""depth"": 29.79, ""unit"": ""cm""}]",225
Business,child,"[{""storage"": ""carry-on"", ""weight"": 1.95, ""height"": 16.7, ""width"": 22.27, ""depth"": 11.03, ""unit"": ""cm""}, {""storage"": ""carry-on"", ""weight"": 1.82, ""height"": 20.72, ""width"": 11.32, ""depth"": 21.46, ""unit"": ""cm""}, {""storage"": ""personal"", ""weight"": 7.34, ""height"": 35.91, ""width"": 24.05, ""depth"": 9.46, ""unit"": ""cm""}]",True,All luggage complies with the policy.,,0
Business,child,"[{""storage"": ""checked"", ""weight"": 14.89, ""height"": 90.3, ""width"": 14.61, ""depth"": 14.66, ""unit"": ""cm""}, {""storage"": ""carry-on"", ""weight"": 3.49, ""height"": 33.99, ""width"": 66.28, ""depth"": 6.49, ""unit"": ""cm""}, {""storage"": ""carry-on"", ""weight"": 10.69, ""height"": 35.14, ""width"": 9.87, ""depth"": 11.91, ""unit"": ""cm""}, {""storage"": ""carry-on"", ""weight"": 14.37, ""height"": 77.79, ""width"": 34.77, ""depth"": 46.73, ""unit"": ""cm""}, {""storage"": ""carry-on"", ""weight"": 9.77, ""height"": 69.96, ""width"": 0.97, ""depth"": 20.76, ""unit"": ""cm""}]",False,"Carry-on: 1 bag(s) exceed quantity allowance, transferred to cargo; Total weight 28.549999999999997kg exceeds 12kg limit, all carry-on items transferred to cargo. Total fees: €225","[{""storage"": ""carry-on"", ""weight"": 9.77, ""height"": 69.96, ""width"": 0.97, ""depth"": 20.76, ""unit"": ""cm""}, {""storage"": ""carry-on"", ""weight"": 3.49, ""height"": 33.99, ""width"": 66.28, ""depth"": 6.49, ""unit"": ""cm""}, {""storage"": ""carry-on"", ""weight"": 10.69, ""height"": 35.14, ""width"": 9.87, ""depth"": 11.91, ""unit"": ""cm""}, {""storage"": ""carry-on"", ""weight"": 14.37, ""height"": 77.79, ""width"": 34.77, ""depth"": 46.73, ""unit"": ""cm""}]",225
Business,child,"[{""storage"": ""checked"", ""weight"": 5.68, ""height"": 77.47, ""width"": 24.86, ""depth"": 30.96, ""unit"": ""cm""}, {""storage"": ""carry-on"", ""weight"": 2.63, ""height"": 49.71, ""width"": 10.05, ""depth"": 39.86, ""unit"": ""cm""}, {""storage"": ""personal"", ""weight"": 5.72, ""height"": 45.05, ""width"": 76.42, ""depth"": 41.96, ""unit"": ""cm""}, {""storage"": ""personal"", ""weight"": 3.41, ""height"": 12.19, ""width"": 79.12, ""depth"": 32.48, ""unit"": ""cm""}]",False,"Carry-on: 1 bag(s) exceed size limits, transferred to cargo. Total fees: €100","[{""storage"": ""carry-on"", ""weight"": 2.63, ""height"": 49.71, ""width"": 10.05, ""depth"": 39.86, ""unit"": ""cm""}]",100
Economy,child,"[{""storage"": ""personal"", ""weight"": 2.43, ""height"": 12.41, ""width"": 45.55, ""depth"": 45.53, ""unit"": ""cm""}]",True,All luggage complies with the policy.,,0
First,infant,"[{""storage"": ""carry-on"", ""weight"": 4.93, ""height"": 87.8, ""width"": 66.37, ""depth"": 42.09, ""unit"": ""cm""}, {""storage"": ""personal"", ""weight"": 4.01, ""height"": 47.25, ""width"": 23.33, ""depth"": 18.24, ""unit"": ""cm""}, {""storage"": ""personal"", ""weight"": 7.8, ""height"": 73.51, ""width"": 20.01, ""depth"": 1.65, ""unit"": ""cm""}, {""storage"": ""personal"", ""weight"": 4.58, ""height"": 20.3, ""width"": 50.46, ""depth"": 31.98, ""unit"": ""cm""}, {""storage"": ""carry-on"", ""weight"": 3.78, ""height"": 10.71, ""width"": 62.92, ""depth"": 32.1, ""unit"": ""cm""}]",False,"Carry-on: 2 bag(s) exceed quantity allowance, transferred to cargo; Total weight 12.719999999999999kg exceeds 12kg limit, all carry-on items transferred to cargo. Total fees: €375","[{""storage"": ""personal"", ""weight"": 7.8, ""height"": 73.51, ""width"": 20.01, ""depth"": 1.65, ""unit"": ""cm""}, {""storage"": ""personal"", ""weight"": 4.58, ""height"": 20.3, ""width"": 50.46, ""depth"": 31.98, ""unit"": ""cm""}, {""storage"": ""carry-on"", ""weight"": 4.93, ""height"": 87.8, ""width"": 66.37, ""depth"": 42.09, ""unit"": ""cm""}, {""storage"": ""carry-on"", ""weight"": 3.78, ""height"": 10.71, ""width"": 62.92, ""depth"": 32.1, ""unit"": ""cm""}, {""storage"": ""personal"", ""weight"": 4.01, ""height"": 47.25, ""width"": 23.33, ""depth"": 18.24, ""unit"": ""cm""}]",375
Business,infant,"[{""storage"": ""carry-on"", ""weight"": 2.13, ""height"": 49.11, ""width"": 25.46, ""depth"": 18.87, ""unit"": ""cm""}, {""storage"": ""carry-on"", ""weight"": 0.3, ""height"": 18.48, ""width"": 34.07, ""depth"": 1.63, ""unit"": ""cm""}, {""storage"": ""personal"", ""weight"": 1.12, ""height"": 20.5, ""width"": 4.01, ""depth"": 18.7, ""unit"": ""cm""}, {""storage"": ""checked"", ""weight"": 23.21, ""height"": 31.57, ""width"": 32.81, ""depth"": 22.55, ""unit"": ""cm""}]",True,All luggage complies with the policy.,,0
Business,adult,"[{""storage"": ""carry-on"", ""weight"": 7.53, ""height"": 29.99, ""width"": 50.21, ""depth"": 25.03, ""unit"": ""cm""}, {""storage"": ""checked"", ""weight"": 10.42, ""height"": 99.5, ""width"": 58.16, ""depth"": 20.17, ""unit"": ""cm""}, {""storage"": ""personal"", ""weight"": 3.76, ""height"": 51.37, ""width"": 73.22, ""depth"": 6.17, ""unit"": ""cm""}, {""storage"": ""checked"", ""weight"": 14.73, ""height"": 84.98, ""width"": 68.02, ""depth"": 16.18, ""unit"": ""cm""}, {""storage"": ""personal"", ""weight"": 3.4, ""height"": 92.11, ""width"": 28.2, ""depth"": 43.31, ""unit"": ""cm""}]",False,"Carry-on: Total weight 14.69kg exceeds 12kg limit, all carry-on items transferred to cargo. Total fees: €75 | Checked: Checked luggage complies with the policy.","[{""storage"": ""carry-on"", ""weight"": 7.53, ""height"": 29.99, ""width"": 50.21, ""depth"": 25.03, ""unit"": ""cm""}, {""storage"": ""personal"", ""weight"": 3.76, ""height"": 51.37, ""width"": 73.22, ""depth"": 6.17, ""unit"": ""cm""}, {""storage"": ""personal"", ""weight"": 3.4, ""height"": 92.11, ""width"": 28.2, ""depth"": 43.31, ""unit"": ""cm""}]",275
Business,infant,"[{""storage"": ""carry-on"", ""weight"": 8.23, ""height"": 13.75, ""width"": 4.57, ""depth"": 13.58, ""unit"": ""cm""}, {""storage"": ""personal"", ""weight"": 0.19, ""height"": 17.18, ""width"": 0.05, ""depth"": 17.02, ""unit"": ""cm""}, {""storage"": ""checked"", ""weight"": 1.39, ""height"": 46.11, ""width"": 22.21, ""depth"": 45.25, ""unit"": ""cm""}, {""storage"": ""checked"", ""weight"": 8.19, ""height"": 28.95, ""width"": 31.48, ""depth"": 36.87, ""unit"": ""cm""}]",True,All luggage complies with the policy.,,0
Economy,child,"[{""storage"": ""personal"", ""weight"": 4.38, ""height"": 28.29, ""width"": 0.71, ""depth"": 14.39, ""unit"": ""cm""}]",True,All luggage complies with the policy.,,0
First,child,"[{""storage"": ""personal"", ""weight"": 8.15, ""height"": 37.71, ""width"": 63.26, ""depth"": 28.06, ""unit"": ""cm""}, {""storage"": ""checked"", ""weight"": 4.03, ""height"": 23.11, ""width"": 47.41, ""depth"": 1.21, ""unit"": ""cm""}, {""storage"": ""checked"", ""weight"": 32.36, ""height"": 54.79, ""width"": 70.75, ""depth"": 4.84, ""unit"": ""cm""}]",False,Checked: The following items must be shipped as cargo: Bag 2: weight 32.36kg exceeds 32kg limit. Total fees: €75 (cargo shipping costs not included - please contact cargo department). Consider splitting items or reducing weight/size to avoid cargo shipping.,"[{""storage"": ""checked"", ""weight"": 32.36, ""height"": 54.79, ""width"": 70.75, ""depth"": 4.84, ""unit"": ""cm""}]",75
First,child,"[{""storage"": ""carry-on"", ""weight"": 13.33, ""height"": 40.41, ""width"": 20.18, ""depth"": 43.44, ""unit"": ""cm""}]",False,"Carry-on: Total weight 13.33kg exceeds 12kg limit, all carry-on items transferred to cargo. Total fees: €75","[{""storage"": ""carry-on"", ""weight"": 13.33, ""height"": 40.41, ""width"": 20.18, ""depth"": 43.44, ""unit"": ""cm""}]",75
Economy,infant,"[{""storage"": ""carry-on"", ""weight"": 0.73, ""height"": 24.32, ""width"": 36.63, ""depth"": 6.74, ""unit"": ""cm""}, {""storage"": ""personal"", ""weight"": 4.41, ""height"": 19.67, ""width"": 28.37, ""depth"": 4.51, ""unit"": ""cm""}]",True,All luggage complies with the policy.,,0
First,child,"[{""storage"": ""personal"", ""weight"": 7.58, ""height"": 30.46, ""width"": 4.66, ""depth"": 14.33, ""unit"": ""cm""}, {""storage"": ""checked"", ""weight"": 21.36, ""height"": 45.37, ""width"": 20.17, ""depth"": 49.77, ""unit"": ""cm""}]",True,All luggage complies with the policy.,,0
Economy,child,"[{""storage"": ""personal"", ""weight"": 14.63, ""height"": 30.73, ""width"": 75.26, ""depth"": 30.85, ""unit"": ""cm""}, {""storage"": ""checked"", ""weight"": 1.32, ""height"": 86.84, ""width"": 60.31, ""depth"": 26.62, ""unit"": ""cm""}]",False,"Carry-on: Total weight 14.63kg exceeds 7kg limit, all carry-on items transferred to cargo. Total fees: €75 | Checked: Checked luggage complies with the policy.","[{""storage"": ""personal"", ""weight"": 14.63, ""height"": 30.73, ""width"": 75.26, ""depth"": 30.85, ""unit"": ""cm""}]",175
Economy,child,"[{""storage"": ""personal"", ""weight"": 4.72, ""height"": 21.14, ""width"": 12.41, ""depth"": 17.93, ""unit"": ""cm""}]",True,All luggage complies with the policy.,,0
Economy,infant,"[{""storage"": ""carry-on"", ""weight"": 7.86, ""height"": 12.36, ""width"": 38.34, ""depth"": 13.84, ""unit"": ""cm""}, {""storage"": ""personal"", ""weight"": 1.54, ""height"": 95.98, ""width"": 24.46, ""depth"": 46.53, ""unit"": ""cm""}]",False,"Carry-on: Total weight 9.4kg exceeds 7kg limit, all carry-on items transferred to cargo. Total fees: €75","[{""storage"": ""carry-on"", ""weight"": 7.86, ""height"": 12.36, ""width"": 38.34, ""depth"": 13.84, ""unit"": ""cm""}, {""storage"": ""personal"", ""weight"": 1.54, ""height"": 95.98, ""width"": 24.46, ""depth"": 46.53, ""unit"": ""cm""}]",75
Economy,adult,"[{""storage"": ""carry-on"", ""weight"": 1.7, ""height"": 16.84, ""width"": 7.87, ""depth"": 12.37, ""unit"": ""cm""}, {""storage"": ""personal"", ""weight"": 3.24, ""height"": 34.15, ""width"": 9.21, ""depth"": 7.96, ""unit"": ""cm""}]",True,All luggage complies with the policy.,,0
First,infant,"[{""storage"": ""checked"", ""weight"": 22.04, ""height"": 58.22, ""width"": 8.12, ""depth"": 25.16, ""unit"": ""cm""}, {""storage"": ""carry-on"", ""weight"": 4.51, ""height"": 35.4, ""width"": 6.94, ""depth"": 23.0, ""unit"": ""cm""}, {""storage"": ""personal"", ""weight"": 9.5, ""height"": 50.79, ""width"": 16.02, ""depth"": 2.15, ""unit"": ""cm""}, {""storage"": ""checked"", ""weight"": 47.83, ""height"": 98.8, ""width"": 12.32, ""depth"": 15.03, ""unit"": ""cm""}, {""storage"": ""carry-on"", ""weight"": 11.52, ""height"": 65.26, ""width"": 9.12, ""depth"": 30.05, ""unit"": ""cm""}]",False,"Carry-on: Total weight 25.53kg exceeds 12kg limit, all carry-on items transferred to cargo. Total fees: €75 | Checked: The following items must be shipped as cargo: Bag 2: weight 47.83kg exceeds 32kg limit. Total fees: €75 (cargo shipping costs not included - please contact cargo department). Consider splitting items or reducing weight/size to avoid cargo shipping.","[{""storage"": ""carry-on"", ""weight"": 4.51, ""height"": 35.4, ""width"": 6.94, ""depth"": 23.0, ""unit"": ""cm""}, {""storage"": ""carry-on"", ""weight"": 11.52, ""height"": 65.26, ""width"": 9.12, ""depth"": 30.05, ""unit"": ""cm""}, {""storage"": ""personal"", ""weight"": 9.5, ""height"": 50.79, ""width"": 16.02, ""depth"": 2.15, ""unit"": ""cm""}, {""storage"": ""checked"", ""weight"": 47.83, ""height"": 98.8, ""width"": 12.32, ""depth"": 15.03, ""unit"": ""cm""}]",150
First,adult,"[{""storage"": ""personal"", ""weight"": 9.91, ""height"": 35.19, ""width"": 13.85, ""depth"": 5.21, ""unit"": ""cm""}, {""storage"": ""checked"", ""weight"": 28.54, ""height"": 38.01, ""width"": 34.69, ""depth"": 40.73, ""unit"": ""cm""}]",True,All luggage complies with the policy.,,0
First,child,"[{""storage"": ""carry-on"", ""weight"": 3.17, ""height"": 13.09, ""width"": 11.54, ""depth"": 18.04, ""unit"": ""cm""}, {""storage"": ""carry-on"", ""weight"": 1.21, ""height"": 40.97, ""width"": 27.7, ""depth"": 10.6, ""unit"": ""cm""}, {""storage"": ""personal"", ""weight"": 0.98, ""height"": 29.36, ""width"": 13.81, ""depth"": 1.3, ""unit"": ""cm""}, {""storage"": ""checked"", ""weight"": 13.14, ""height"": 49.03, ""width"": 52.51, ""depth"": 35.83, ""unit"": ""cm""}]",True,All luggage complies with the policy.,,0
First,adult,"[{""storage"": ""carry-on"", ""weight"": 5.19, ""height"": 27.79, ""width"": 24.06, ""depth"": 5.56, ""unit"": ""cm""}, {""storage"": ""carry-on"", ""weight"": 0.07, ""height"": 41.26, ""width"": 24.94, ""depth"": 12.06, ""unit"": ""cm""}, {""storage"": ""personal"", ""weight"": 3.02, ""height"": 38.87, ""width"": 17.39, ""depth"": 7.65, ""unit"": ""cm""}, {""storage"": ""checked"", ""weight"": 24.16, ""height"": 20.94, ""width"": 48.65, ""depth"": 20.57, ""unit"": ""cm""}]",True,All luggage complies with the policy.,,0
Economy,infant,"[{""storage"": ""carry-on"", ""weight"": 5.16, ""height"": 24.38, ""width"": 31.36, ""depth"": 3.46, ""unit"": ""cm""}, {""storage"": ""personal"", ""weight"": 0.74, ""height"": 29.09, ""width"": 7.95, ""depth"": 4.13, ""unit"": ""cm""}]",True,All luggage complies with the policy.,,0
Economy,adult,"[{""storage"": ""checked"", ""weight"": 4.53, ""height"": 99.6, ""width"": 72.1, ""depth"": 39.11, ""unit"": ""cm""}, {""storage"": ""checked"", ""weight"": 15.15, ""height"": 74.53, ""width"": 42.2, ""depth"": 36.55, ""unit"": ""cm""}]",False,Checked: The following items must be shipped as cargo: Bag 1: total dimensions 210.8cm exceed 203cm limit. Total fees: €150 (cargo shipping costs not included - please contact cargo department). Consider splitting items or reducing weight/size to avoid cargo shipping.,"[{""storage"": ""checked"", ""weight"": 4.53, ""height"": 99.6, ""width"": 72.1, ""depth"": 39.11, ""unit"": ""cm""}]",150
Business,infant,"[{""storage"": ""carry-on"", ""weight"": 11.09, ""height"": 68.37, ""width"": 28.34, ""depth"": 45.09, ""unit"": ""cm""}, {""storage"": ""personal"", ""weight"": 12.44, ""height"": 25.47, ""width"": 46.79, ""depth"": 13.84, ""unit"": ""cm""}]",False,"Carry-on: Total weight 23.53kg exceeds 12kg limit, all carry-on items transferred to cargo. Total fees: €75","[{""storage"": ""carry-on"", ""weight"": 11.09, ""height"": 68.37, ""width"": 28.34, ""depth"": 45.09, ""unit"": ""cm""}, {""storage"": ""personal"", ""weight"": 12.44, ""height"": 25.47, ""width"": 46.79, ""depth"": 13.84, ""unit"": ""cm""}]",75
Business,adult,"[{""storage"": ""checked"", ""weight"": 25.33, ""height"": 36.49, ""width"": 36.26, ""depth"": 16.69, ""unit"": ""cm""}, {""storage"": ""carry-on"", ""weight"": 9.7, ""height"": 30.29, ""width"": 71.06, ""depth"": 10.1, ""unit"": ""cm""}]",False,"Carry-on: 1 bag(s) exceed size limits, transferred to cargo. Total fees: €100","[{""storage"": ""carry-on"", ""weight"": 9.7, ""height"": 30.29, ""width"": 71.06, ""depth"": 10.1, ""unit"": ""cm""}]",100
Economy,adult,"[{""storage"": ""personal"", ""weight"": 10.74, ""height"": 53.51, ""width"": 6.77, ""depth"": 0.24, ""unit"": ""cm""}, {""storage"": ""carry-on"", ""weight"": 9.58, ""height"": 13.39, ""width"": 59.64, ""depth"": 7.04, ""unit"": ""cm""}, {""storage"": ""checked"", ""weight"": 23.17, ""height"": 10.07, ""width"": 37.97, ""depth"": 39.17, ""unit"": ""cm""}]",False,"Carry-on: Total weight 20.32kg exceeds 7kg limit, all carry-on items transferred to cargo. Total fees: €75 | Checked: Checked luggage complies with the policy.","[{""storage"": ""carry-on"", ""weight"": 9.58, ""height"": 13.39, ""width"": 59.64, ""depth"": 7.04, ""unit"": ""cm""}, {""storage"": ""personal"", ""weight"": 10.74, ""height"": 53.51, ""width"": 6.77, ""depth"": 0.24, ""unit"": ""cm""}]",150
Economy,infant,"[{""storage"": ""personal"", ""weight"": 0.5, ""height"": 13.44, ""width"": 20.73, ""depth"": 18.67, ""unit"": ""cm""}, {""storage"": ""checked"", ""weight"": 16.38, ""height"": 23.57, ""width"": 43.45, ""depth"": 23.95, ""unit"": ""cm""}]",True,All luggage complies with the policy.,,0
First,child,"[{""storage"": ""personal"", ""weight"": 7.5, ""height"": 14.34, ""width"": 11.47, ""depth"": 5.48, ""unit"": ""cm""}, {""storage"": ""checked"", ""weight"": 16.51, ""height"": 67.56, ""width"": 48.07, ""depth"": 32.9, ""unit"": ""cm""}, {""storage"": ""checked"", ""weight"": 11.66, ""height"": 22.35, ""width"": 51.07, ""depth"": 21.16, ""unit"": ""cm""}]",True,All luggage complies with the policy.,,0
First,adult,"[{""storage"": ""carry-on"", ""weight"": 3.04, ""height"": 15.29, ""width"": 38.01, ""depth"": 4.26, ""unit"": ""cm""}, {""storage"": ""carry-on"", ""weight"": 2.27, ""height"": 31.71, ""width"": 5.46, ""depth"": 12.09, ""unit"": ""cm""}, {""storage"": ""personal"", ""weight"": 5.76, ""height"": 28.08, ""width"": 25.38, ""depth"": 16.26, ""unit"": ""cm""}, {""storage"": ""checked"", ""weight"": 24.75, ""height"": 48.46, ""width"": 45.73, ""depth"": 26.24, ""unit"": ""cm""}]",True,All luggage complies with the policy.,,0
Economy,adult,"[{""storage"": ""checked"", ""weight"": 20.09, ""height"": 31.5, ""width"": 56.59, ""depth"": 9.47, ""unit"": ""cm""}, {""storage"": ""checked"", ""weight"": 23.77, ""height"": 60.54, ""width"": 38.77, ""depth"": 49.88, ""unit"": ""cm""}, {""storage"": ""personal"", ""weight"": 11.18, ""height"": 13.37, ""width"": 11.84, ""depth"": 3.48, ""unit"": ""cm""}, {""storage"": ""personal"", ""weight"": 13.05, ""height"": 73.01, ""width"": 73.46, ""depth"": 1.97, ""unit"": ""cm""}]",False,"Carry-on: Total weight 24.23kg exceeds 7kg limit, all carry-on items transferred to cargo. Total fees: €75 | Checked: Checked luggage complies with the policy.","[{""storage"": ""personal"", ""weight"": 11.18, ""height"": 13.37, ""width"": 11.84, ""depth"": 3.48, ""unit"": ""cm""}, {""storage"": ""personal"", ""weight"": 13.05, ""height"": 73.01, ""width"": 73.46, ""depth"": 1.97, ""unit"": ""cm""}]",300
Economy,infant,"[{""storage"": ""carry-on"", ""weight"": 2.0, ""height"": 17.73, ""width"": 33.43, ""depth"": 10.99, ""unit"": ""cm""}, {""storage"": ""personal"", ""weight"": 1.33, ""height"": 28.07, ""width"": 24.69, ""depth"": 2.49, ""unit"": ""cm""}]",True,All luggage complies with the policy.,,0
First,infant,"[{""storage"": ""carry-on"", ""weight"": 14.11, ""height"": 14.17, ""width"": 62.68, ""depth"": 11.86, ""unit"": ""cm""}, {""storage"": ""carry-on"", ""weight"": 0.31, ""height"": 3.49, ""width"": 23.19, ""depth"": 30.25, ""unit"": ""cm""}, {""storage"": ""checked"", ""weight"": 27.23, ""height"": 67.27, ""width"": 58.67, ""depth"": 0.38, ""unit"": ""cm""}, {""storage"": ""carry-on"", ""weight"": 7.09, ""height"": 77.14, ""width"": 65.82, ""depth"": 41.5, ""unit"": ""cm""}, {""storage"": ""personal"", ""weight"": 13.47, ""height"": 16.23, ""width"": 12.81, ""depth"": 45.99, ""unit"": ""cm""}]",False,"Carry-on: 1 bag(s) exceed quantity allowance, transferred to cargo; Total weight 27.89kg exceeds 12kg limit, all carry-on items transferred to cargo. Total fees: €225","[{""storage"": ""carry-on"", ""weight"": 7.09, ""height"": 77.14, ""width"": 65.82, ""depth"": 41.5, ""unit"": ""cm""}, {""storage"": ""carry-on"", ""weight"": 14.11, ""height"": 14.17, ""width"": 62.68, ""depth"": 11.86, ""unit"": ""cm""}, {""storage"": ""carry-on"", ""weight"": 0.31, ""height"": 3.49, ""width"": 23.19, ""depth"": 30.25, ""unit"": ""cm""}, {""storage"": ""personal"", ""weight"": 13.47, ""height"": 16.23, ""width"": 12.81, ""depth"": 45.99, ""unit"": ""cm""}]",225
Economy,child,"[{""storage"": ""carry-on"", ""weight"": 4.98, ""height"": 17.48, ""width"": 22.66, ""depth"": 5.38, ""unit"": ""cm""}, {""storage"": ""personal"", ""weight"": 0.34, ""height"": 7.07, ""width"": 15.8, ""depth"": 8.78, ""unit"": ""cm""}, {""storage"": ""checked"", ""weight"": 1.9, ""height"": 46.62, ""width"": 44.92, ""depth"": 43.01, ""unit"": ""cm""}]",True,All luggage complies with the policy.,,0
First,child,"[{""storage"": ""checked"", ""weight"": 43.15, ""height"": 41.53, ""width"": 3.85, ""depth"": 30.52, ""unit"": ""cm""}, {""storage"": ""checked"", ""weight"": 24.89, ""height"": 14.69, ""width"": 78.2, ""depth"": 25.25, ""unit"": ""cm""}, {""storage"": ""personal"", ""weight"": 2.45, ""height"": 2.52, ""width"": 66.58, ""depth"": 13.89, ""unit"": ""cm""}]",False,Checked: The following items must be shipped as cargo: Bag 1: weight 43.15kg exceeds 32kg limit. Total fees: €75 (cargo shipping costs not included - please contact cargo department). Consider splitting items or reducing weight/size to avoid cargo shipping.,"[{""storage"": ""checked"", ""weight"": 43.15, ""height"": 41.53, ""width"": 3.85, ""depth"": 30.52, ""unit"": ""cm""}]",75
Business,child,"[{""storage"": ""personal"", ""weight"": 3.18, ""height"": 25.68, ""width"": 26.7, ""depth"": 6.33, ""unit"": ""cm""}]",True,All luggage complies with the policy.,,0
Business,adult,"[{""storage"": ""personal"", ""weight"": 5.44, ""height"": 10.93, ""width"": 7.72, ""depth"": 15.97, ""unit"": ""cm""}, {""storage"": ""checked"", ""weight"": 25.85, ""height"": 54.06, ""width"": 41.52, ""depth"": 43.28, ""unit"": ""cm""}, {""storage"": ""checked"", ""weight"": 22.97, ""height"": 47.28, ""width"": 31.24, ""depth"": 45.23, ""unit"": ""cm""}]",True,All luggage complies with the policy.,,0
Business,adult,"[{""storage"": ""personal"", ""weight"": 11.95, ""height"": 37.98, ""width"": 19.65, ""depth"": 45.68, ""unit"": ""cm""}, {""storage"": ""personal"", ""weight"": 7.63, ""height"": 3.9, ""width"": 61.76, ""depth"": 17.56, ""unit"": ""cm""}]",False,"Carry-on: Total weight 19.58kg exceeds 12kg limit, all carry-on items transferred to cargo. Total fees: €75","[{""storage"": ""personal"", ""weight"": 11.95, ""height"": 37.98, ""width"": 19.65, ""depth"": 45.68, ""unit"": ""cm""}, {""storage"": ""personal"", ""weight"": 7.63, ""height"": 3.9, ""width"": 61.76, ""depth"": 17.56, ""unit"": ""cm""}]",75
Business,adult,"[{""storage"": ""checked"", ""weight"": 31.31, ""height"": 89.84, ""width"": 22.7, ""depth"": 46.64, ""unit"": ""cm""}, {""storage"": ""personal"", ""weight"": 7.69, ""height"": 66.52, ""width"": 8.93, ""depth"": 6.01, ""unit"": ""cm""}, {""storage"": ""carry-on"", ""weight"": 1.82, ""height"": 12.69, ""width"": 34.36, ""depth"": 33.08, ""unit"": ""cm""}, {""storage"": ""carry-on"", ""weight"": 2.82, ""height"": 85.25, ""width"": 64.33, ""depth"": 17.94, ""unit"": ""cm""}]",False,"Carry-on: Total weight 12.33kg exceeds 12kg limit, all carry-on items transferred to cargo. Total fees: €75 | Checked: Checked luggage complies with the policy.","[{""storage"": ""carry-on"", ""weight"": 1.82, ""height"": 12.69, ""width"": 34.36, ""depth"": 33.08, ""unit"": ""cm""}, {""storage"": ""carry-on"", ""weight"": 2.82, ""height"": 85.25, ""width"": 64.33, ""depth"": 17.94, ""unit"": ""cm""}, {""storage"": ""personal"", ""weight"": 7.69, ""height"": 66.52, ""width"": 8.93, ""depth"": 6.01, ""unit"": ""cm""}]",175
First,infant,"[{""storage"": ""personal"", ""weight"": 0.92, ""height"": 24.95, ""width"": 12.94, ""depth"": 13.47, ""unit"": ""cm""}, {""storage"": ""checked"", ""weight"": 12.78, ""height"": 46.78, ""width"": 30.78, ""depth"": 35.88, ""unit"": ""cm""}, {""storage"": ""checked"", ""weight"": 31.94, ""height"": 36.55, ""width"": 35.21, ""depth"": 35.46, ""unit"": ""cm""}, {""storage"": ""checked"", ""weight"": 10.45, ""height"": 66.98, ""width"": 57.3, ""depth"": 30.09, ""unit"": ""cm""}]",True,All luggage complies with the policy.,,0
Business,adult,"[{""storage"": ""carry-on"", ""weight"": 13.27, ""height"": 99.92, ""width"": 3.73, ""depth"": 48.01, ""unit"": ""cm""}, {""storage"": ""checked"", ""weight"": 20.67, ""height"": 73.2, ""width"": 7.53, ""depth"": 16.3, ""unit"": ""cm""}, {""storage"": ""carry-on"", ""weight"": 11.51, ""height"": 96.91, ""width"": 0.2, ""depth"": 31.3, ""unit"": ""cm""}, {""storage"": ""carry-on"", ""weight"": 1.54, ""height"": 80.84, ""width"": 13.55, ""depth"": 6.78, ""unit"": ""cm""}, {""storage"": ""checked"", ""weight"": 49.94, ""height"": 17.06, ""width"": 22.99, ""depth"": 11.74, ""unit"": ""cm""}]",False,"Carry-on: Total weight 26.32kg exceeds 12kg limit, all carry-on items transferred to cargo. Total fees: €75 | Checked: The following items must be shipped as cargo: Bag 2: weight 49.94kg exceeds 32kg limit. Total fees: €75 (cargo shipping costs not included - please contact cargo department). Consider splitting items or reducing weight/size to avoid cargo shipping.","[{""storage"": ""carry-on"", ""weight"": 13.27, ""height"": 99.92, ""width"": 3.73, ""depth"": 48.01, ""unit"": ""cm""}, {""storage"": ""carry-on"", ""weight"": 11.51, ""height"": 96.91, ""width"": 0.2, ""depth"": 31.3, ""unit"": ""cm""}, {""storage"": ""carry-on"", ""weight"": 1.54, ""height"": 80.84, ""width"": 13.55, ""depth"": 6.78, ""unit"": ""cm""}, {""storage"": ""checked"", ""weight"": 49.94, ""height"": 17.06, ""width"": 22.99, ""depth"": 11.74, ""unit"": ""cm""}]",150
Economy,infant,"[{""storage"": ""carry-on"", ""weight"": 1.86, ""height"": 18.68, ""width"": 36.71, ""depth"": 21.65, ""unit"": ""cm""}, {""storage"": ""personal"", ""weight"": 3.48, ""height"": 22.76, ""width"": 25.57, ""depth"": 15.01, ""unit"": ""cm""}]",True,All luggage complies with the policy.,,0
Business,child,"[{""storage"": ""checked"", ""weight"": 19.02, ""height"": 65.87, ""width"": 29.76, ""depth"": 28.54, ""unit"": ""cm""}]",True,All luggage complies with the policy.,,0
Economy,infant,"[{""storage"": ""checked"", ""weight"": 42.83, ""height"": 0.44, ""width"": 74.08, ""depth"": 30.81, ""unit"": ""cm""}, {""storage"": ""carry-on"", ""weight"": 12.32, ""height"": 15.25, ""width"": 6.87, ""depth"": 36.54, ""unit"": ""cm""}, {""storage"": ""personal"", ""weight"": 5.87, ""height"": 4.38, ""width"": 79.88, ""depth"": 28.56, ""unit"": ""cm""}, {""storage"": ""personal"", ""weight"": 12.91, ""height"": 12.42, ""width"": 49.36, ""depth"": 18.15, ""unit"": ""cm""}]",False,"Carry-on: 1 bag(s) exceed quantity allowance, transferred to cargo; Total weight 18.19kg exceeds 7kg limit, all carry-on items transferred to cargo. Total fees: €225 | Checked: The following items must be shipped as cargo: Bag 1: weight 42.83kg exceeds 32kg limit. Total fees: €75 (cargo shipping costs not included - please contact cargo department). Consider splitting items or reducing weight/size to avoid cargo shipping.","[{""storage"": ""personal"", ""weight"": 12.91, ""height"": 12.42, ""width"": 49.36, ""depth"": 18.15, ""unit"": ""cm""}, {""storage"": ""carry-on"", ""weight"": 12.32, ""height"": 15.25, ""width"": 6.87, ""depth"": 36.54, ""unit"": ""cm""}, {""storage"": ""personal"", ""weight"": 5.87, ""height"": 4.38, ""width"": 79.88, ""depth"": 28.56, ""unit"": ""cm""}, {""storage"": ""checked"", ""weight"": 42.83, ""height"": 0.44, ""width"": 74.08, ""depth"": 30.81, ""unit"": ""cm""}]",300
Economy,adult,"[{""storage"": ""carry-on"", ""weight"": 12.3, ""height"": 99.65, ""width"": 78.55, ""depth"": 36.13, ""unit"": ""cm""}, {""storage"": ""carry-on"", ""weight"": 12.79, ""height"": 28.88, ""width"": 20.43, ""depth"": 22.81, ""unit"": ""cm""}, {""storage"": ""personal"", ""weight"": 13.65, ""height"": 9.08, ""width"": 27.01, ""depth"": 6.95, ""unit"": ""cm""}]",False,"Carry-on: 1 bag(s) exceed quantity allowance, transferred to cargo; Total weight 25.950000000000003kg exceeds 7kg limit, all carry-on items transferred to cargo. Total fees: €225","[{""storage"": ""carry-on"", ""weight"": 12.79, ""height"": 28.88, ""width"": 20.43, ""depth"": 22.81, ""unit"": ""cm""}, {""storage"": ""carry-on"", ""weight"": 12.3, ""height"": 99.65, ""width"": 78.55, ""depth"": 36.13, ""unit"": ""cm""}, {""storage"": ""personal"", ""weight"": 13.65, ""height"": 9.08, ""width"": 27.01, ""depth"": 6.95, ""unit"": ""cm""}]",225
Business,infant,"[{""storage"": ""personal"", ""weight"": 0.34, ""height"": 57.96, ""width"": 32.75, ""depth"": 30.65, ""unit"": ""cm""}]",True,All luggage complies with the policy.,,0
First,child,"[{""storage"": ""carry-on"", ""weight"": 4.59, ""height"": 8.67, ""width"": 15.18, ""depth"": 2.43, ""unit"": ""cm""}, {""storage"": ""carry-on"", ""weight"": 3.85, ""height"": 44.01, ""width"": 27.95, ""depth"": 2.65, ""unit"": ""cm""}, {""storage"": ""personal"", ""weight"": 2.63, ""height"": 32.85, ""width"": 8.75, ""depth"": 5.02, ""unit"": ""cm""}]",True,All luggage complies with the policy.,,0
First,infant,"[{""storage"": ""personal"", ""weight"": 3.34, ""height"": 71.93, ""width"": 69.36, ""depth"": 8.84, ""unit"": ""cm""}, {""storage"": ""checked"", ""weight"": 28.93, ""height"": 54.48, ""width"": 77.26, ""depth"": 43.36, ""unit"": ""cm""}, {""storage"": ""checked"", ""weight"": 41.07, ""height"": 61.8, ""width"": 5.91, ""depth"": 47.03, ""unit"": ""cm""}, {""storage"": ""carry-on"", ""weight"": 1.81, ""height"": 85.2, ""width"": 19.31, ""depth"": 35.0, ""unit"": ""cm""}, {""storage"": ""personal"", ""weight"": 12.06, ""height"": 81.93, ""width"": 19.18, ""depth"": 35.78, ""unit"": ""cm""}]",False,"Carry-on: Total weight 17.21kg exceeds 12kg limit, all carry-on items transferred to cargo. Total fees: €75 | Checked: The following items must be shipped as cargo: Bag 2: weight 41.07kg exceeds 32kg limit. Total fees: €175 (cargo shipping costs not included - please contact cargo department). Consider splitting items or reducing weight/size to avoid cargo shipping.","[{""storage"": ""carry-on"", ""weight"": 1.81, ""height"": 85.2, ""width"": 19.31, ""depth"": 35.0, ""unit"": ""cm""}, {""storage"": ""personal"", ""weight"": 3.34, ""height"": 71.93, ""width"": 69.36, ""depth"": 8.84, ""unit"": ""cm""}, {""storage"": ""personal"", ""weight"": 12.06, ""height"": 81.93, ""width"": 19.18, ""depth"": 35.78, ""unit"": ""cm""}, {""storage"": ""checked"", ""weight"": 41.07, ""height"": 61.8, ""width"": 5.91, ""depth"": 47.03, ""unit"": ""cm""}]",250
Business,infant,"[{""storage"": ""carry-on"", ""weight"": 14.52, ""height"": 83.5, ""width"": 77.51, ""depth"": 41.54, ""unit"": ""cm""}, {""storage"": ""personal"", ""weight"": 3.25, ""height"": 7.61, ""width"": 57.63, ""depth"": 26.16, ""unit"": ""cm""}, {""storage"": ""carry-on"", ""weight"": 12.22, ""height"": 25.85, ""width"": 56.16, ""depth"": 38.15, ""unit"": ""cm""}, {""storage"": ""personal"", ""weight"": 3.62, ""height"": 73.12, ""width"": 71.18, ""depth"": 15.75, ""unit"": ""cm""}]",False,"Carry-on: 1 bag(s) exceed quantity allowance, transferred to cargo; Total weight 29.990000000000002kg exceeds 12kg limit, all carry-on items transferred to cargo. Total fees: €225","[{""storage"": ""personal"", ""weight"": 3.62, ""height"": 73.12, ""width"": 71.18, ""depth"": 15.75, ""unit"": ""cm""}, {""storage"": ""carry-on"", ""weight"": 14.52, ""height"": 83.5, ""width"": 77.51, ""depth"": 41.54, ""unit"": ""cm""}, {""storage"": ""carry-on"", ""weight"": 12.22, ""height"": 25.85, ""width"": 56.16, ""depth"": 38.15, ""unit"": ""cm""}, {""storage"": ""personal"", ""weight"": 3.25, ""height"": 7.61, ""width"": 57.63, ""depth"": 26.16, ""unit"": ""cm""}]",225
Business,child,"[{""storage"": ""checked"", ""weight"": 35.06, ""height"": 39.65, ""width"": 36.4, ""depth"": 27.46, ""unit"": ""cm""}, {""storage"": ""personal"", ""weight"": 6.64, ""height"": 79.94, ""width"": 55.11, ""depth"": 18.34, ""unit"": ""cm""}]",False,Checked: The following items must be shipped as cargo: Bag 1: weight 35.06kg exceeds 32kg limit. Total fees: €75 (cargo shipping costs not included - please contact cargo department). Consider splitting items or reducing weight/size to avoid cargo shipping.,"[{""storage"": ""checked"", ""weight"": 35.06, ""height"": 39.65, ""width"": 36.4, ""depth"": 27.46, ""unit"": ""cm""}]",75
Business,child,"[{""storage"": ""checked"", ""weight"": 6.49, ""height"": 81.38, ""width"": 17.0, ""depth"": 16.98, ""unit"": ""cm""}, {""storage"": ""personal"", ""weight"": 3.21, ""height"": 30.19, ""width"": 5.32, ""depth"": 2.49, ""unit"": ""cm""}, {""storage"": ""checked"", ""weight"": 37.78, ""height"": 33.83, ""width"": 51.35, ""depth"": 42.13, ""unit"": ""cm""}, {""storage"": ""checked"", ""weight"": 11.97, ""height"": 37.57, ""width"": 44.64, ""depth"": 41.23, ""unit"": ""cm""}, {""storage"": ""checked"", ""weight"": 27.14, ""height"": 89.28, ""width"": 61.13, ""depth"": 43.28, ""unit"": ""cm""}]",False,Checked: The following items must be shipped as cargo: Bag 2: weight 37.78kg exceeds 32kg limit. Total fees: €475 (cargo shipping costs not included - please contact cargo department). Consider splitting items or reducing weight/size to avoid cargo shipping.,"[{""storage"": ""checked"", ""weight"": 37.78, ""height"": 33.83, ""width"": 51.35, ""depth"": 42.13, ""unit"": ""cm""}]",475
Economy,child,"[{""storage"": ""carry-on"", ""weight"": 9.28, ""height"": 79.53, ""width"": 11.93, ""depth"": 13.72, ""unit"": ""cm""}, {""storage"": ""personal"", ""weight"": 1.42, ""height"": 38.64, ""width"": 3.0, ""depth"": 26.07, ""unit"": ""cm""}, {""storage"": ""carry-on"", ""weight"": 7.73, ""height"": 48.63, ""width"": 1.89, ""depth"": 36.73, ""unit"": ""cm""}, {""storage"": ""carry-on"", ""weight"": 11.06, ""height"": 19.61, ""width"": 30.36, ""depth"": 36.2, ""unit"": ""cm""}, {""storage"": ""checked"", ""weight"": 36.94, ""height"": 25.88, ""width"": 26.71, ""depth"": 37.55, ""unit"": ""cm""}]",False,"Carry-on: 2 bag(s) exceed quantity allowance, transferred to cargo; Total weight 10.7kg exceeds 7kg limit, all carry-on items transferred to cargo. Total fees: €375 | Checked: The following items must be shipped as cargo: Bag 1: weight 36.94kg exceeds 32kg limit. Total fees: €75 (cargo shipping costs not included - please contact cargo department). Consider splitting items or reducing weight/size to avoid cargo shipping.","[{""storage"": ""carry-on"", ""weight"": 7.73, ""height"": 48.63, ""width"": 1.89, ""depth"": 36.73, ""unit"": ""cm""}, {""storage"": ""carry-on"", ""weight"": 11.06, ""height"": 19.61, ""width"": 30.36, ""depth"": 36.2, ""unit"": ""cm""}, {""storage"": ""carry-on"", ""weight"": 9.28, ""height"": 79.53, ""width"": 11.93, ""depth"": 13.72, ""unit"": ""cm""}, {""storage"": ""personal"", ""weight"": 1.42, ""height"": 38.64, ""width"": 3.0, ""depth"": 26.07, ""unit"": ""cm""}, {""storage"": ""checked"", ""weight"": 36.94, ""height"": 25.88, ""width"": 26.71, ""depth"": 37.55, ""unit"": ""cm""}]",450
Economy,infant,"[{""storage"": ""carry-on"", ""weight"": 5.76, ""height"": 12.06, ""width"": 37.25, ""depth"": 8.46, ""unit"": ""cm""}, {""storage"": ""personal"", ""weight"": 0.67, ""height"": 26.65, ""width"": 14.71, ""depth"": 9.26, ""unit"": ""cm""}, {""storage"": ""checked"", ""weight"": 4.82, ""height"": 33.98, ""width"": 31.38, ""depth"": 23.83, ""unit"": ""cm""}]",True,All luggage complies with the policy.,,0
First,adult,"[{""storage"": ""personal"", ""weight"": 8.78, ""height"": 20.45, ""width"": 16.86, ""depth"": 19.0, ""unit"": ""cm""}, {""storage"": ""checked"", ""weight"": 28.73, ""height"": 34.94, ""width"": 41.05, ""depth"": 42.55, ""unit"": ""cm""}, {""storage"": ""checked"", ""weight"": 23.1, ""height"": 48.56, ""width"": 49.1, ""depth"": 38.61, ""unit"": ""cm""}, {""storage"": ""checked"", ""weight"": 7.53, ""height"": 40.95, ""width"": 49.14, ""depth"": 30.36, ""unit"": ""cm""}]",True,All luggage complies with the policy.,,0
Economy,adult,"[{""storage"": ""personal"", ""weight"": 3.42, ""height"": 5.38, ""width"": 24.25, ""depth"": 12.7, ""unit"": ""cm""}]",True,All luggage complies with the policy.,,0
First,infant,"[{""storage"": ""checked"", ""weight"": 48.29, ""height"": 42.43, ""width"": 35.96, ""depth"": 25.22, ""unit"": ""cm""}, {""storage"": ""checked"", ""weight"": 35.91, ""height"": 24.46, ""width"": 36.14, ""depth"": 12.94, ""unit"": ""cm""}, {""storage"": ""personal"", ""weight"": 8.63, ""height"": 56.9, ""width"": 38.78, ""depth"": 17.91, ""unit"": ""cm""}, {""storage"": ""personal"", ""weight"": 9.57, ""height"": 24.69, ""width"": 24.0, ""depth"": 2.55, ""unit"": ""cm""}]",False,"Carry-on: Total weight 18.200000000000003kg exceeds 12kg limit, all carry-on items transferred to cargo. Total fees: €75 | Checked: The following items must be shipped as cargo: Bag 1: weight 48.29kg exceeds 32kg limit; Bag 2: weight 35.91kg exceeds 32kg limit. Total fees: €150 (cargo shipping costs not included - please contact cargo department). Consider splitting items or reducing weight/size to avoid cargo shipping.","[{""storage"": ""personal"", ""weight"": 8.63, ""height"": 56.9, ""width"": 38.78, ""depth"": 17.91, ""unit"": ""cm""}, {""storage"": ""personal"", ""weight"": 9.57, ""height"": 24.69, ""width"": 24.0, ""depth"": 2.55, ""unit"": ""cm""}, {""storage"": ""checked"", ""weight"": 48.29, ""height"": 42.43, ""width"": 35.96, ""depth"": 25.22, ""unit"": ""cm""}, {""storage"": ""checked"", ""weight"": 35.91, ""height"": 24.46, ""width"": 36.14, ""depth"": 12.94, ""unit"": ""cm""}]",225
Economy,adult,"[{""storage"": ""carry-on"", ""weight"": 5.71, ""height"": 1.16, ""width"": 14.43, ""depth"": 39.39, ""unit"": ""cm""}, {""storage"": ""personal"", ""weight"": 3.64, ""height"": 18.11, ""width"": 65.54, ""depth"": 4.03, ""unit"": ""cm""}, {""storage"": ""checked"", ""weight"": 47.52, ""height"": 11.18, ""width"": 2.33, ""depth"": 23.99, ""unit"": ""cm""}]",False,"Carry-on: Total weight 9.35kg exceeds 7kg limit, all carry-on items transferred to cargo. Total fees: €75 | Checked: The following items must be shipped as cargo: Bag 1: weight 47.52kg exceeds 32kg limit. Total fees: €75 (cargo shipping costs not included - please contact cargo department). Consider splitting items or reducing weight/size to avoid cargo shipping.","[{""storage"": ""carry-on"", ""weight"": 5.71, ""height"": 1.16, ""width"": 14.43, ""depth"": 39.39, ""unit"": ""cm""}, {""storage"": ""personal"", ""weight"": 3.64, ""height"": 18.11, ""width"": 65.54, ""depth"": 4.03, ""unit"": ""cm""}, {""storage"": ""checked"", ""weight"": 47.52, ""height"": 11.18, ""width"": 2.33, ""depth"": 23.99, ""unit"": ""cm""}]",150
Economy,child,"[{""storage"": ""carry-on"", ""weight"": 1.08, ""height"": 22.1, ""width"": 38.39, ""depth"": 17.23, ""unit"": ""cm""}, {""storage"": ""personal"", ""weight"": 0.32, ""height"": 26.82, ""width"": 23.71, ""depth"": 16.9, ""unit"": ""cm""}]",True,All luggage complies with the policy.,,0
First,child,"[{""storage"": ""personal"", ""weight"": 8.57, ""height"": 32.8, ""width"": 28.5, ""depth"": 16.22, ""unit"": ""cm""}, {""storage"": ""checked"", ""weight"": 37.04, ""height"": 24.06, ""width"": 59.1, ""depth"": 32.54, ""unit"": ""cm""}]",False,Checked: The following items must be shipped as cargo: Bag 1: weight 37.04kg exceeds 32kg limit. Total fees: €75 (cargo shipping costs not included - please contact cargo department). Consider splitting items or reducing weight/size to avoid cargo shipping.,"[{""storage"": ""checked"", ""weight"": 37.04, ""height"": 24.06, ""width"": 59.1, ""depth"": 32.54, ""unit"": ""cm""}]",75
Economy,adult,"[{""storage"": ""carry-on"", ""weight"": 0.72, ""height"": 37.59, ""width"": 38.47, ""depth"": 12.29, ""unit"": ""cm""}, {""storage"": ""personal"", ""weight"": 4.03, ""height"": 33.67, ""width"": 25.02, ""depth"": 8.68, ""unit"": ""cm""}]",True,All luggage complies with the policy.,,0
Business,infant,"[{""storage"": ""checked"", ""weight"": 35.85, ""height"": 17.34, ""width"": 20.58, ""depth"": 20.7, ""unit"": ""cm""}, {""storage"": ""carry-on"", ""weight"": 10.52, ""height"": 73.87, ""width"": 65.91, ""depth"": 5.53, ""unit"": ""cm""}]",False,"Carry-on: 1 bag(s) exceed size limits, transferred to cargo. Total fees: €100 | Checked: The following items must be shipped as cargo: Bag 1: weight 35.85kg exceeds 32kg limit. Total fees: €75 (cargo shipping costs not included - please contact cargo department). Consider splitting items or reducing weight/size to avoid cargo shipping.","[{""storage"": ""carry-on"", ""weight"": 10.52, ""height"": 73.87, ""width"": 65.91, ""depth"": 5.53, ""unit"": ""cm""}, {""storage"": ""checked"", ""weight"": 35.85, ""height"": 17.34, ""width"": 20.58, ""depth"": 20.7, ""unit"": ""cm""}]",175
Business,infant,"[{""storage"": ""personal"", ""weight"": 7.09, ""height"": 19.72, ""width"": 4.73, ""depth"": 6.35, ""unit"": ""cm""}]",True,All luggage complies with the policy.,,0
First,child,"[{""storage"": ""carry-on"", ""weight"": 11.4, ""height"": 29.11, ""width"": 2.53, ""depth"": 18.04, ""unit"": ""cm""}, {""storage"": ""personal"", ""weight"": 0.4, ""height"": 18.66, ""width"": 14.79, ""depth"": 17.83, ""unit"": ""cm""}, {""storage"": ""checked"", ""weight"": 19.41, ""height"": 47.36, ""width"": 25.12, ""depth"": 21.33, ""unit"": ""cm""}]",True,All luggage complies with the policy.,,0
Economy,adult,"[{""storage"": ""personal"", ""weight"": 9.63, ""height"": 12.73, ""width"": 12.05, ""depth"": 43.9, ""unit"": ""cm""}, {""storage"": ""personal"", ""weight"": 1.01, ""height"": 2.28, ""width"": 61.67, ""depth"": 27.86, ""unit"": ""cm""}, {""storage"": ""carry-on"", ""weight"": 4.22, ""height"": 72.81, ""width"": 51.5, ""depth"": 49.99, ""unit"": ""cm""}]",False,"Carry-on: 1 bag(s) exceed quantity allowance, transferred to cargo; Total weight 13.850000000000001kg exceeds 7kg limit, all carry-on items transferred to cargo. Total fees: €225","[{""storage"": ""personal"", ""weight"": 1.01, ""height"": 2.28, ""width"": 61.67, ""depth"": 27.86, ""unit"": ""cm""}, {""storage"": ""carry-on"", ""weight"": 4.22, ""height"": 72.81, ""width"": 51.5, ""depth"": 49.99, ""unit"": ""cm""}, {""storage"": ""personal"", ""weight"": 9.63, ""height"": 12.73, ""width"": 12.05, ""depth"": 43.9, ""unit"": ""cm""}]",225
Economy,adult,"[{""storage"": ""checked"", ""weight"": 44.72, ""height"": 26.92, ""width"": 6.24, ""depth"": 18.91, ""unit"": ""cm""}, {""storage"": ""personal"", ""weight"": 14.62, ""height"": 40.24, ""width"": 21.61, ""depth"": 16.24, ""unit"": ""cm""}, {""storage"": ""carry-on"", ""weight"": 9.5, ""height"": 52.07, ""width"": 56.42, ""depth"": 46.15, ""unit"": ""cm""}]",False,"Carry-on: Total weight 24.119999999999997kg exceeds 7kg limit, all carry-on items transferred to cargo. Total fees: €75 | Checked: The following items must be shipped as cargo: Bag 1: weight 44.72kg exceeds 32kg limit. Total fees: €75 (cargo shipping costs not included - please contact cargo department). Consider splitting items or reducing weight/size to avoid cargo shipping.","[{""storage"": ""carry-on"", ""weight"": 9.5, ""height"": 52.07, ""width"": 56.42, ""depth"": 46.15, ""unit"": ""cm""}, {""storage"": ""personal"", ""weight"": 14.62, ""height"": 40.24, ""width"": 21.61, ""depth"": 16.24, ""unit"": ""cm""}, {""storage"": ""checked"", ""weight"": 44.72, ""height"": 26.92, ""width"": 6.24, ""depth"": 18.91, ""unit"": ""cm""}]",150
Economy,infant,"[{""storage"": ""personal"", ""weight"": 5.62, ""height"": 30.13, ""width"": 15.12, ""depth"": 8.55, ""unit"": ""cm""}]",True,All luggage complies with the policy.,,0
Business,child,"[{""storage"": ""checked"", ""weight"": 3.83, ""height"": 74.96, ""width"": 22.44, ""depth"": 4.66, ""unit"": ""cm""}, {""storage"": ""carry-on"", ""weight"": 4.91, ""height"": 59.25, ""width"": 47.02, ""depth"": 2.16, ""unit"": ""cm""}, {""storage"": ""personal"", ""weight"": 7.95, ""height"": 46.38, ""width"": 38.79, ""depth"": 38.49, ""unit"": ""cm""}, {""storage"": ""checked"", ""weight"": 6.14, ""height"": 27.82, ""width"": 79.55, ""depth"": 4.61, ""unit"": ""cm""}, {""storage"": ""personal"", ""weight"": 12.64, ""height"": 42.52, ""width"": 25.58, ""depth"": 21.73, ""unit"": ""cm""}]",False,"Carry-on: Total weight 25.5kg exceeds 12kg limit, all carry-on items transferred to cargo. Total fees: €75","[{""storage"": ""carry-on"", ""weight"": 4.91, ""height"": 59.25, ""width"": 47.02, ""depth"": 2.16, ""unit"": ""cm""}, {""storage"": ""personal"", ""weight"": 7.95, ""height"": 46.38, ""width"": 38.79, ""depth"": 38.49, ""unit"": ""cm""}, {""storage"": ""personal"", ""weight"": 12.64, ""height"": 42.52, ""width"": 25.58, ""depth"": 21.73, ""unit"": ""cm""}]",75
First,adult,"[{""storage"": ""carry-on"", ""weight"": 6.2, ""height"": 77.36, ""width"": 78.3, ""depth"": 29.34, ""unit"": ""cm""}, {""storage"": ""carry-on"", ""weight"": 9.85, ""height"": 65.04, ""width"": 16.49, ""depth"": 17.59, ""unit"": ""cm""}, {""storage"": ""checked"", ""weight"": 22.28, ""height"": 3.2, ""width"": 4.79, ""depth"": 26.69, ""unit"": ""cm""}, {""storage"": ""checked"", ""weight"": 34.23, ""height"": 88.78, ""width"": 68.77, ""depth"": 15.76, ""unit"": ""cm""}, {""storage"": ""personal"", ""weight"": 2.87, ""height"": 26.49, ""width"": 73.13, ""depth"": 23.14, ""unit"": ""cm""}]",False,"Carry-on: Total weight 18.92kg exceeds 12kg limit, all carry-on items transferred to cargo. Total fees: €75 | Checked: The following items must be shipped as cargo: Bag 2: weight 34.23kg exceeds 32kg limit. Total fees: €175 (cargo shipping costs not included - please contact cargo department). Consider splitting items or reducing weight/size to avoid cargo shipping.","[{""storage"": ""carry-on"", ""weight"": 6.2, ""height"": 77.36, ""width"": 78.3, ""depth"": 29.34, ""unit"": ""cm""}, {""storage"": ""carry-on"", ""weight"": 9.85, ""height"": 65.04, ""width"": 16.49, ""depth"": 17.59, ""unit"": ""cm""}, {""storage"": ""personal"", ""weight"": 2.87, ""height"": 26.49, ""width"": 73.13, ""depth"": 23.14, ""unit"": ""cm""}, {""storage"": ""checked"", ""weight"": 34.23, ""height"": 88.78, ""width"": 68.77, ""depth"": 15.76, ""unit"": ""cm""}]",250
First,infant,"[{""storage"": ""checked"", ""weight"": 17.21, ""height"": 11.93, ""width"": 23.94, ""depth"": 37.0, ""unit"": ""cm""}, {""storage"": ""personal"", ""weight"": 2.69, ""height"": 60.12, ""width"": 20.84, ""depth"": 37.95, ""unit"": ""cm""}, {""storage"": ""personal"", ""weight"": 1.17, ""height"": 76.3, ""width"": 8.26, ""depth"": 17.66, ""unit"": ""cm""}, {""storage"": ""personal"", ""weight"": 0.67, ""height"": 38.78, ""width"": 61.21, ""depth"": 26.91, ""unit"": ""cm""}, {""storage"": ""checked"", ""weight"": 13.94, ""height"": 28.31, ""width"": 52.47, ""depth"": 45.55, ""unit"": ""cm""}]",True,All luggage complies with the policy.,,0
Economy,child,"[{""storage"": ""carry-on"", ""weight"": 12.09, ""height"": 36.71, ""width"": 68.08, ""depth"": 36.84, ""unit"": ""cm""}, {""storage"": ""personal"", ""weight"": 5.06, ""height"": 72.39, ""width"": 20.7, ""depth"": 24.88, ""unit"": ""cm""}, {""storage"": ""checked"", ""weight"": 16.53, ""height"": 33.99, ""width"": 19.06, ""depth"": 39.41, ""unit"": ""cm""}, {""storage"": ""personal"", ""weight"": 2.35, ""height"": 76.26, ""width"": 78.99, ""depth"": 15.34, ""unit"": ""cm""}]",False,"Carry-on: 1 bag(s) exceed quantity allowance, transferred to cargo; Total weight 17.15kg exceeds 7kg limit, all carry-on items transferred to cargo. Total fees: €225","[{""storage"": ""personal"", ""weight"": 2.35, ""height"": 76.26, ""width"": 78.99, ""depth"": 15.34, ""unit"": ""cm""}, {""storage"": ""carry-on"", ""weight"": 12.09, ""height"": 36.71, ""width"": 68.08, ""depth"": 36.84, ""unit"": ""cm""}, {""storage"": ""personal"", ""weight"": 5.06, ""height"": 72.39, ""width"": 20.7, ""depth"": 24.88, ""unit"": ""cm""}]",225
Economy,adult,"[{""storage"": ""carry-on"", ""weight"": 0.46, ""height"": 41.74, ""width"": 14.74, ""depth"": 17.52, ""unit"": ""cm""}, {""storage"": ""personal"", ""weight"": 6.33, ""height"": 11.16, ""width"": 2.27, ""depth"": 14.84, ""unit"": ""cm""}, {""storage"": ""checked"", ""weight"": 12.01, ""height"": 23.59, ""width"": 25.33, ""depth"": 36.05, ""unit"": ""cm""}]",True,All luggage complies with the policy.,,0
First,infant,"[{""storage"": ""checked"", ""weight"": 16.35, ""height"": 79.99, ""width"": 49.13, ""depth"": 34.14, ""unit"": ""cm""}, {""storage"": ""personal"", ""weight"": 0.99, ""height"": 73.41, ""width"": 76.08, ""depth"": 16.06, ""unit"": ""cm""}]",False,Checked: Checked luggage complies with the policy.,,100
Economy,child,"[{""storage"": ""checked"", ""weight"": 42.14, ""height"": 86.27, ""width"": 40.0, ""depth"": 0.27, ""unit"": ""cm""}, {""storage"": ""personal"", ""weight"": 12.42, ""height"": 35.36, ""width"": 79.13, ""depth"": 3.44, ""unit"": ""cm""}, {""storage"": ""carry-on"", ""weight"": 0.28, ""height"": 54.02, ""width"": 67.13, ""depth"": 47.02, ""unit"": ""cm""}, {""storage"": ""carry-on"", ""weight"": 5.11, ""height"": 14.04, ""width"": 58.67, ""depth"": 40.62, ""unit"": ""cm""}]",False,"Carry-on: 1 bag(s) exceed quantity allowance, transferred to cargo; Total weight 12.7kg exceeds 7kg limit, all carry-on items transferred to cargo. Total fees: €225 | Checked: The following items must be shipped as cargo: Bag 1: weight 42.14kg exceeds 32kg limit. Total fees: €75 (cargo shipping costs not included - please contact cargo department). Consider splitting items or reducing weight/size to avoid cargo shipping.","[{""storage"": ""carry-on"", ""weight"": 5.11, ""height"": 14.04, ""width"": 58.67, ""depth"": 40.62, ""unit"": ""cm""}, {""storage"": ""carry-on"", ""weight"": 0.28, ""height"": 54.02, ""width"": 67.13, ""depth"": 47.02, ""unit"": ""cm""}, {""storage"": ""personal"", ""weight"": 12.42, ""height"": 35.36, ""width"": 79.13, ""depth"": 3.44, ""unit"": ""cm""}, {""storage"": ""checked"", ""weight"": 42.14, ""height"": 86.27, ""width"": 40.0, ""depth"": 0.27, ""unit"": ""cm""}]",300
Business,child,"[{""storage"": ""personal"", ""weight"": 0.84, ""height"": 35.87, ""width"": 15.18, ""depth"": 5.01, ""unit"": ""cm""}, {""storage"": ""checked"", ""weight"": 21.79, ""height"": 56.02, ""width"": 31.07, ""depth"": 27.5, ""unit"": ""cm""}, {""storage"": ""checked"", ""weight"": 19.59, ""height"": 59.28, ""width"": 43.19, ""depth"": 23.55, ""unit"": ""cm""}]",True,All luggage complies with the policy.,,0
First,adult,"[{""storage"": ""carry-on"", ""weight"": 2.73, ""height"": 20.69, ""width"": 26.79, ""depth"": 0.84, ""unit"": ""cm""}, {""storage"": ""carry-on"", ""weight"": 4.46, ""height"": 32.71, ""width"": 32.09, ""depth"": 20.42, ""unit"": ""cm""}, {""storage"": ""personal"", ""weight"": 3.36, ""height"": 30.19, ""width"": 12.79, ""depth"": 4.45, ""unit"": ""cm""}]",True,All luggage complies with the policy.,,0
Economy,infant,"[{""storage"": ""carry-on"", ""weight"": 2.54, ""height"": 5.35, ""width"": 22.58, ""depth"": 6.63, ""unit"": ""cm""}, {""storage"": ""personal"", ""weight"": 4.01, ""height"": 21.62, ""width"": 3.19, ""depth"": 16.48, ""unit"": ""cm""}]",True,All luggage complies with the policy.,,0
Economy,adult,"[{""storage"": ""personal"", ""weight"": 4.15, ""height"": 39.46, ""width"": 9.47, ""depth"": 18.51, ""unit"": ""cm""}]",True,All luggage complies with the policy.,,0
Economy,adult,"[{""storage"": ""carry-on"", ""weight"": 3.5, ""height"": 38.09, ""width"": 35.93, ""depth"": 1.77, ""unit"": ""cm""}, {""storage"": ""personal"", ""weight"": 1.85, ""height"": 28.84, ""width"": 14.27, ""depth"": 0.75, ""unit"": ""cm""}]",True,All luggage complies with the policy.,,0
Economy,infant,"[{""storage"": ""personal"", ""weight"": 3.67, ""height"": 5.39, ""width"": 1.75, ""depth"": 15.65, ""unit"": ""cm""}, {""storage"": ""checked"", ""weight"": 22.64, ""height"": 69.41, ""width"": 38.97, ""depth"": 31.19, ""unit"": ""cm""}]",True,All luggage complies with the policy.,,0
First,adult,"[{""storage"": ""carry-on"", ""weight"": 4.74, ""height"": 1.52, ""width"": 21.19, ""depth"": 14.23, ""unit"": ""cm""}, {""storage"": ""personal"", ""weight"": 2.13, ""height"": 34.63, ""width"": 9.19, ""depth"": 4.72, ""unit"": ""cm""}]",True,All luggage complies with the policy.,,0
Economy,infant,"[{""storage"": ""carry-on"", ""weight"": 2.74, ""height"": 13.06, ""width"": 75.78, ""depth"": 18.33, ""unit"": ""cm""}]",False,"Carry-on: 1 bag(s) exceed size limits, transferred to cargo. Total fees: €100","[{""storage"": ""carry-on"", ""weight"": 2.74, ""height"": 13.06, ""width"": 75.78, ""depth"": 18.33, ""unit"": ""cm""}]",100
First,infant,"[{""storage"": ""carry-on"", ""weight"": 1.01, ""height"": 17.79, ""width"": 17.59, ""depth"": 13.27, ""unit"": ""cm""}, {""storage"": ""personal"", ""weight"": 1.44, ""height"": 15.12, ""width"": 10.36, ""depth"": 9.94, ""unit"": ""cm""}, {""storage"": ""checked"", ""weight"": 12.26, ""height"": 55.16, ""width"": 20.24, ""depth"": 44.6, ""unit"": ""cm""}, {""storage"": ""checked"", ""weight"": 7.96, ""height"": 49.32, ""width"": 34.25, ""depth"": 45.52, ""unit"": ""cm""}, {""storage"": ""checked"", ""weight"": 18.11, ""height"": 61.55, ""width"": 45.85, ""depth"": 35.74, ""unit"": ""cm""}]",True,All luggage complies with the policy.,,0
Business,adult,"[{""storage"": ""checked"", ""weight"": 8.24, ""height"": 21.27, ""width"": 34.81, ""depth"": 7.35, ""unit"": ""cm""}]",True,All luggage complies with the policy.,,0
First,infant,"[{""storage"": ""checked"", ""weight"": 4.11, ""height"": 53.76, ""width"": 36.59, ""depth"": 45.47, ""unit"": ""cm""}, {""storage"": ""carry-on"", ""weight"": 2.91, ""height"": 56.22, ""width"": 50.71, ""depth"": 21.26, ""unit"": ""cm""}]",False,"Carry-on: 1 bag(s) exceed size limits, transferred to cargo. Total fees: €100","[{""storage"": ""carry-on"", ""weight"": 2.91, ""height"": 56.22, ""width"": 50.71, ""depth"": 21.26, ""unit"": ""cm""}]",100
Business,child,"[{""storage"": ""carry-on"", ""weight"": 4.01, ""height"": 11.9, ""width"": 14.71, ""depth"": 24.3, ""unit"": ""cm""}, {""storage"": ""checked"", ""weight"": 40.03, ""height"": 6.5, ""width"": 42.08, ""depth"": 13.24, ""unit"": ""cm""}]",False,"Carry-on: 1 bag(s) exceed size limits, transferred to cargo. Total fees: €100 | Checked: The following items must be shipped as cargo: Bag 1: weight 40.03kg exceeds 32kg limit. Total fees: €75 (cargo shipping costs not included - please contact cargo department). Consider splitting items or reducing weight/size to avoid cargo shipping.","[{""storage"": ""carry-on"", ""weight"": 4.01, ""height"": 11.9, ""width"": 14.71, ""depth"": 24.3, ""unit"": ""cm""}, {""storage"": ""checked"", ""weight"": 40.03, ""height"": 6.5, ""width"": 42.08, ""depth"": 13.24, ""unit"": ""cm""}]",175
Economy,infant,"[{""storage"": ""carry-on"", ""weight"": 2.18, ""height"": 24.92, ""width"": 32.34, ""depth"": 20.9, ""unit"": ""cm""}, {""storage"": ""personal"", ""weight"": 2.67, ""height"": 19.95, ""width"": 16.78, ""depth"": 8.52, ""unit"": ""cm""}, {""storage"": ""checked"", ""weight"": 10.95, ""height"": 54.3, ""width"": 37.82, ""depth"": 47.72, ""unit"": ""cm""}]",True,All luggage complies with the policy.,,0
Business,child,"[{""storage"": ""checked"", ""weight"": 41.34, ""height"": 35.07, ""width"": 60.2, ""depth"": 30.55, ""unit"": ""cm""}, {""storage"": ""carry-on"", ""weight"": 0.25, ""height"": 6.22, ""width"": 13.9, ""depth"": 35.12, ""unit"": ""cm""}]",False,"Carry-on: 1 bag(s) exceed size limits, transferred to cargo. Total fees: €100 | Checked: The following items must be shipped as cargo: Bag 1: weight 41.34kg exceeds 32kg limit. Total fees: €75 (cargo shipping costs not included - please contact cargo department). Consider splitting items or reducing weight/size to avoid cargo shipping.","[{""storage"": ""carry-on"", ""weight"": 0.25, ""height"": 6.22, ""width"": 13.9, ""depth"": 35.12, ""unit"": ""cm""}, {""storage"": ""checked"", ""weight"": 41.34, ""height"": 35.07, ""width"": 60.2, ""depth"": 30.55, ""unit"": ""cm""}]",175
Business,adult,"[{""storage"": ""personal"", ""weight"": 2.72, ""height"": 37.26, ""width"": 4.78, ""depth"": 15.95, ""unit"": ""cm""}, {""storage"": ""checked"", ""weight"": 15.33, ""height"": 57.12, ""width"": 52.26, ""depth"": 24.95, ""unit"": ""cm""}]",True,All luggage complies with the policy.,,0
Economy,child,"[{""storage"": ""carry-on"", ""weight"": 1.28, ""height"": 97.11, ""width"": 1.4, ""depth"": 49.87, ""unit"": ""cm""}, {""storage"": ""personal"", ""weight"": 11.59, ""height"": 63.5, ""width"": 45.87, ""depth"": 33.76, ""unit"": ""cm""}, {""storage"": ""carry-on"", ""weight"": 10.8, ""height"": 88.15, ""width"": 22.42, ""depth"": 12.48, ""unit"": ""cm""}, {""storage"": ""checked"", ""weight"": 21.07, ""height"": 72.66, ""width"": 21.15, ""depth"": 21.15, ""unit"": ""cm""}]",False,"Carry-on: 1 bag(s) exceed quantity allowance, transferred to cargo; Total weight 12.87kg exceeds 7kg limit, all carry-on items transferred to cargo. Total fees: €225","[{""storage"": ""carry-on"", ""weight"": 10.8, ""height"": 88.15, ""width"": 22.42, ""depth"": 12.48, ""unit"": ""cm""}, {""storage"": ""carry-on"", ""weight"": 1.28, ""height"": 97.11, ""width"": 1.4, ""depth"": 49.87, ""unit"": ""cm""}, {""storage"": ""personal"", ""weight"": 11.59, ""height"": 63.5, ""width"": 45.87, ""depth"": 33.76, ""unit"": ""cm""}]",225
Business,adult,"[{""storage"": ""carry-on"", ""weight"": 3.27, ""height"": 7.11, ""width"": 24.79, ""depth"": 5.34, ""unit"": ""cm""}, {""storage"": ""personal"", ""weight"": 2.99, ""height"": 22.57, ""width"": 13.73, ""depth"": 11.7, ""unit"": ""cm""}]",True,All luggage complies with the policy.,,0
Economy,infant,"[{""storage"": ""personal"", ""weight"": 5.17, ""height"": 56.25, ""width"": 33.78, ""depth"": 35.24, ""unit"": ""cm""}, {""storage"": ""personal"", ""weight"": 12.71, ""height"": 34.68, ""width"": 24.58, ""depth"": 7.28, ""unit"": ""cm""}]",False,"Carry-on: Total weight 17.880000000000003kg exceeds 7kg limit, all carry-on items transferred to cargo. Total fees: €75","[{""storage"": ""personal"", ""weight"": 5.17, ""height"": 56.25, ""width"": 33.78, ""depth"": 35.24, ""unit"": ""cm""}, {""storage"": ""personal"", ""weight"": 12.71, ""height"": 34.68, ""width"": 24.58, ""depth"": 7.28, ""unit"": ""cm""}]",75
Business,adult,"[{""storage"": ""personal"", ""weight"": 9.66, ""height"": 20.52, ""width"": 8.99, ""depth"": 5.7, ""unit"": ""cm""}]",True,All luggage complies with the policy.,,0
First,child,"[{""storage"": ""checked"", ""weight"": 2.42, ""height"": 39.3, ""width"": 39.26, ""depth"": 14.43, ""unit"": ""cm""}, {""storage"": ""checked"", ""weight"": 32.28, ""height"": 12.06, ""width"": 28.64, ""depth"": 20.72, ""unit"": ""cm""}]",False,Checked: The following items must be shipped as cargo: Bag 2: weight 32.28kg exceeds 32kg limit. Total fees: €75 (cargo shipping costs not included - please contact cargo department). Consider splitting items or reducing weight/size to avoid cargo shipping.,"[{""storage"": ""checked"", ""weight"": 32.28, ""height"": 12.06, ""width"": 28.64, ""depth"": 20.72, ""unit"": ""cm""}]",75
Business,adult,"[{""storage"": ""carry-on"", ""weight"": 0.27, ""height"": 24.91, ""width"": 0.68, ""depth"": 4.04, ""unit"": ""cm""}, {""storage"": ""carry-on"", ""weight"": 1.7, ""height"": 7.94, ""width"": 30.71, ""depth"": 22.78, ""unit"": ""cm""}, {""storage"": ""personal"", ""weight"": 6.27, ""height"": 30.21, ""width"": 2.95, ""depth"": 7.83, ""unit"": ""cm""}, {""storage"": ""checked"", ""weight"": 1.9, ""height"": 32.81, ""width"": 54.69, ""depth"": 21.84, ""unit"": ""cm""}]",True,All luggage complies with the policy.,,0
Business,infant,"[{""storage"": ""personal"", ""weight"": 4.23, ""height"": 3.88, ""width"": 27.22, ""depth"": 12.51, ""unit"": ""cm""}, {""storage"": ""checked"", ""weight"": 5.85, ""height"": 69.81, ""width"": 34.25, ""depth"": 30.62, ""unit"": ""cm""}, {""storage"": ""checked"", ""weight"": 13.29, ""height"": 62.69, ""width"": 59.9, ""depth"": 33.54, ""unit"": ""cm""}]",True,All luggage complies with the policy.,,0
Economy,child,"[{""storage"": ""personal"", ""weight"": 10.64, ""height"": 83.86, ""width"": 15.11, ""depth"": 18.75, ""unit"": ""cm""}, {""storage"": ""personal"", ""weight"": 14.12, ""height"": 19.0, ""width"": 37.83, ""depth"": 31.97, ""unit"": ""cm""}, {""storage"": ""checked"", ""weight"": 4.45, ""height"": 17.12, ""width"": 71.94, ""depth"": 14.17, ""unit"": ""cm""}, {""storage"": ""personal"", ""weight"": 6.73, ""height"": 37.37, ""width"": 10.64, ""depth"": 42.98, ""unit"": ""cm""}]",False,"Carry-on: 2 bag(s) exceed quantity allowance, transferred to cargo; Total weight 10.64kg exceeds 7kg limit, all carry-on items transferred to cargo. Total fees: €375","[{""storage"": ""personal"", ""weight"": 14.12, ""height"": 19.0, ""width"": 37.83, ""depth"": 31.97, ""unit"": ""cm""}, {""storage"": ""personal"", ""weight"": 6.73, ""height"": 37.37, ""width"": 10.64, ""depth"": 42.98, ""unit"": ""cm""}, {""storage"": ""personal"", ""weight"": 10.64, ""height"": 83.86, ""width"": 15.11, ""depth"": 18.75, ""unit"": ""cm""}]",375
First,child,"[{""storage"": ""carry-on"", ""weight"": 2.65, ""height"": 52.76, ""width"": 19.56, ""depth"": 21.8, ""unit"": ""cm""}, {""storage"": ""carry-on"", ""weight"": 1.1, ""height"": 52.46, ""width"": 35.76, ""depth"": 5.43, ""unit"": ""cm""}, {""storage"": ""personal"", ""weight"": 6.37, ""height"": 3.06, ""width"": 8.23, ""depth"": 10.07, ""unit"": ""cm""}, {""storage"": ""checked"", ""weight"": 18.66, ""height"": 54.2, ""width"": 24.03, ""depth"": 33.8, ""unit"": ""cm""}, {""storage"": ""checked"", ""weight"": 30.81, ""height"": 23.87, ""width"": 44.32, ""depth"": 36.92, ""unit"": ""cm""}]",True,All luggage complies with the policy.,,0
Economy,infant,"[{""storage"": ""carry-on"", ""weight"": 14.91, ""height"": 42.66, ""width"": 37.65, ""depth"": 26.78, ""unit"": ""cm""}, {""storage"": ""carry-on"", ""weight"": 14.41, ""height"": 93.67, ""width"": 7.15, ""depth"": 38.31, ""unit"": ""cm""}, {""storage"": ""checked"", ""weight"": 5.77, ""height"": 60.42, ""width"": 45.22, ""depth"": 25.98, ""unit"": ""cm""}, {""storage"": ""checked"", ""weight"": 3.61, ""height"": 11.96, ""width"": 35.43, ""depth"": 31.51, ""unit"": ""cm""}]",False,"Carry-on: Total weight 29.32kg exceeds 7kg limit, all carry-on items transferred to cargo. Total fees: €75 | Checked: Checked luggage complies with the policy.","[{""storage"": ""carry-on"", ""weight"": 14.91, ""height"": 42.66, ""width"": 37.65, ""depth"": 26.78, ""unit"": ""cm""}, {""storage"": ""carry-on"", ""weight"": 14.41, ""height"": 93.67, ""width"": 7.15, ""depth"": 38.31, ""unit"": ""cm""}]",225
Economy,adult,"[{""storage"": ""carry-on"", ""weight"": 1.22, ""height"": 74.67, ""width"": 53.22, ""depth"": 12.25, ""unit"": ""cm""}, {""storage"": ""personal"", ""weight"": 9.68, ""height"": 4.5, ""width"": 30.83, ""depth"": 29.6, ""unit"": ""cm""}, {""storage"": ""personal"", ""weight"": 10.25, ""height"": 15.18, ""width"": 55.19, ""depth"": 37.13, ""unit"": ""cm""}, {""storage"": ""carry-on"", ""weight"": 10.49, ""height"": 34.79, ""width"": 46.13, ""depth"": 43.59, ""unit"": ""cm""}, {""storage"": ""carry-on"", ""weight"": 2.17, ""height"": 32.4, ""width"": 40.62, ""depth"": 44.39, ""unit"": ""cm""}]",False,"Carry-on: 3 bag(s) exceed quantity allowance, transferred to cargo; Total weight 10.9kg exceeds 7kg limit, all carry-on items transferred to cargo. Total fees: €525","[{""storage"": ""personal"", ""weight"": 10.25, ""height"": 15.18, ""width"": 55.19, ""depth"": 37.13, ""unit"": ""cm""}, {""storage"": ""carry-on"", ""weight"": 10.49, ""height"": 34.79, ""width"": 46.13, ""depth"": 43.59, ""unit"": ""cm""}, {""storage"": ""carry-on"", ""weight"": 2.17, ""height"": 32.4, ""width"": 40.62, ""depth"": 44.39, ""unit"": ""cm""}, {""storage"": ""carry-on"", ""weight"": 1.22, ""height"": 74.67, ""width"": 53.22, ""depth"": 12.25, ""unit"": ""cm""}, {""storage"": ""personal"", ""weight"": 9.68, ""height"": 4.5, ""width"": 30.83, ""depth"": 29.6, ""unit"": ""cm""}]",525
Economy,adult,"[{""storage"": ""personal"", ""weight"": 6.47, ""height"": 46.71, ""width"": 39.35, ""depth"": 22.33, ""unit"": ""cm""}, {""storage"": ""personal"", ""weight"": 10.14, ""height"": 22.4, ""width"": 47.33, ""depth"": 31.73, ""unit"": ""cm""}, {""storage"": ""personal"", ""weight"": 12.6, ""height"": 88.43, ""width"": 47.84, ""depth"": 43.97, ""unit"": ""cm""}, {""storage"": ""checked"", ""weight"": 3.15, ""height"": 31.27, ""width"": 70.74, ""depth"": 32.63, ""unit"": ""cm""}]",False,"Carry-on: 2 bag(s) exceed quantity allowance, transferred to cargo. Total fees: €300","[{""storage"": ""personal"", ""weight"": 10.14, ""height"": 22.4, ""width"": 47.33, ""depth"": 31.73, ""unit"": ""cm""}, {""storage"": ""personal"", ""weight"": 12.6, ""height"": 88.43, ""width"": 47.84, ""depth"": 43.97, ""unit"": ""cm""}]",300
Economy,child,"[{""storage"": ""carry-on"", ""weight"": 5.63, ""height"": 87.56, ""width"": 54.65, ""depth"": 31.97, ""unit"": ""cm""}, {""storage"": ""personal"", ""weight"": 13.98, ""height"": 89.02, ""width"": 22.51, ""depth"": 12.55, ""unit"": ""cm""}]",False,"Carry-on: Total weight 19.61kg exceeds 7kg limit, all carry-on items transferred to cargo. Total fees: €75","[{""storage"": ""carry-on"", ""weight"": 5.63, ""height"": 87.56, ""width"": 54.65, ""depth"": 31.97, ""unit"": ""cm""}, {""storage"": ""personal"", ""weight"": 13.98, ""height"": 89.02, ""width"": 22.51, ""depth"": 12.55, ""unit"": ""cm""}]",75
Business,child,"[{""storage"": ""personal"", ""weight"": 14.04, ""height"": 23.66, ""width"": 23.65, ""depth"": 16.79, ""unit"": ""cm""}, {""storage"": ""checked"", ""weight"": 28.29, ""height"": 68.39, ""width"": 63.78, ""depth"": 18.6, ""unit"": ""cm""}, {""storage"": ""carry-on"", ""weight"": 13.22, ""height"": 2.19, ""width"": 22.56, ""depth"": 16.93, ""unit"": ""cm""}]",False,"Carry-on: Total weight 27.259999999999998kg exceeds 12kg limit, all carry-on items transferred to cargo. Total fees: €75","[{""storage"": ""carry-on"", ""weight"": 13.22, ""height"": 2.19, ""width"": 22.56, ""depth"": 16.93, ""unit"": ""cm""}, {""storage"": ""personal"", ""weight"": 14.04, ""height"": 23.66, ""width"": 23.65, ""depth"": 16.79, ""unit"": ""cm""}]",75
Economy,adult,"[{""storage"": ""personal"", ""weight"": 9.96, ""height"": 25.38, ""width"": 48.34, ""depth"": 29.27, ""unit"": ""cm""}, {""storage"": ""checked"", ""weight"": 14.2, ""height"": 76.03, ""width"": 15.73, ""depth"": 22.34, ""unit"": ""cm""}]",False,"Carry-on: Total weight 9.96kg exceeds 7kg limit, all carry-on items transferred to cargo. Total fees: €75","[{""storage"": ""personal"", ""weight"": 9.96, ""height"": 25.38, ""width"": 48.34, ""depth"": 29.27, ""unit"": ""cm""}]",75
First,infant,"[{""storage"": ""carry-on"", ""weight"": 11.41, ""height"": 74.86, ""width"": 67.81, ""depth"": 19.17, ""unit"": ""cm""}, {""storage"": ""carry-on"", ""weight"": 14.85, ""height"": 71.43, ""width"": 14.8, ""depth"": 20.83, ""unit"": ""cm""}]",False,"Carry-on: Total weight 26.259999999999998kg exceeds 12kg limit, all carry-on items transferred to cargo. Total fees: €75","[{""storage"": ""carry-on"", ""weight"": 11.41, ""height"": 74.86, ""width"": 67.81, ""depth"": 19.17, ""unit"": ""cm""}, {""storage"": ""carry-on"", ""weight"": 14.85, ""height"": 71.43, ""width"": 14.8, ""depth"": 20.83, ""unit"": ""cm""}]",75
First,infant,"[{""storage"": ""carry-on"", ""weight"": 7.83, ""height"": 42.51, ""width"": 3.14, ""depth"": 9.32, ""unit"": ""cm""}, {""storage"": ""personal"", ""weight"": 2.97, ""height"": 23.39, ""width"": 11.08, ""depth"": 5.43, ""unit"": ""cm""}, {""storage"": ""checked"", ""weight"": 25.48, ""height"": 37.43, ""width"": 44.89, ""depth"": 43.76, ""unit"": ""cm""}]",True,All luggage complies with the policy.,,0
Business,adult,"[{""storage"": ""personal"", ""weight"": 2.12, ""height"": 91.99, ""width"": 35.56, ""depth"": 10.08, ""unit"": ""cm""}, {""storage"": ""checked"", ""weight"": 18.08, ""height"": 89.27, ""width"": 49.31, ""depth"": 17.28, ""unit"": ""cm""}, {""storage"": ""checked"", ""weight"": 14.86, ""height"": 87.77, ""width"": 62.25, ""depth"": 2.61, ""unit"": ""cm""}]",True,All luggage complies with the policy.,,0
Economy,infant,"[{""storage"": ""personal"", ""weight"": 6.66, ""height"": 22.71, ""width"": 29.1, ""depth"": 17.99, ""unit"": ""cm""}]",True,All luggage complies with the policy.,,0
Economy,adult,"[{""storage"": ""personal"", ""weight"": 0.97, ""height"": 34.56, ""width"": 18.43, ""depth"": 4.15, ""unit"": ""cm""}, {""storage"": ""checked"", ""weight"": 4.78, ""height"": 32.84, ""width"": 52.55, ""depth"": 28.64, ""unit"": ""cm""}]",True,All luggage complies with the policy.,,0
Business,child,"[{""storage"": ""personal"", ""weight"": 9.7, ""height"": 17.61, ""width"": 3.02, ""depth"": 9.9, ""unit"": ""cm""}, {""storage"": ""checked"", ""weight"": 30.51, ""height"": 21.04, ""width"": 56.2, ""depth"": 36.47, ""unit"": ""cm""}, {""storage"": ""checked"", ""weight"": 12.57, ""height"": 61.98, ""width"": 20.38, ""depth"": 44.39, ""unit"": ""cm""}]",True,All luggage complies with the policy.,,0
Economy,adult,"[{""storage"": ""carry-on"", ""weight"": 4.45, ""height"": 43.72, ""width"": 31.26, ""depth"": 7.11, ""unit"": ""cm""}, {""storage"": ""personal"", ""weight"": 2.07, ""height"": 21.45, ""width"": 4.63, ""depth"": 17.4, ""unit"": ""cm""}, {""storage"": ""checked"", ""weight"": 18.66, ""height"": 27.66, ""width"": 51.74, ""depth"": 29.8, ""unit"": ""cm""}]",True,All luggage complies with the policy.,,0
Economy,child,"[{""storage"": ""carry-on"", ""weight"": 0.89, ""height"": 53.33, ""width"": 35.31, ""depth"": 19.02, ""unit"": ""cm""}, {""storage"": ""personal"", ""weight"": 2.11, ""height"": 5.52, ""width"": 17.48, ""depth"": 2.31, ""unit"": ""cm""}]",True,All luggage complies with the policy.,,0
First,adult,"[{""storage"": ""carry-on"", ""weight"": 4.78, ""height"": 11.25, ""width"": 70.24, ""depth"": 19.58, ""unit"": ""cm""}, {""storage"": ""checked"", ""weight"": 33.74, ""height"": 63.0, ""width"": 21.17, ""depth"": 19.31, ""unit"": ""cm""}, {""storage"": ""personal"", ""weight"": 7.36, ""height"": 85.98, ""width"": 59.12, ""depth"": 44.56, ""unit"": ""cm""}, {""storage"": ""checked"", ""weight"": 32.51, ""height"": 94.6, ""width"": 8.82, ""depth"": 48.96, ""unit"": ""cm""}]",False,"Carry-on: Total weight 12.14kg exceeds 12kg limit, all carry-on items transferred to cargo. Total fees: €75 | Checked: The following items must be shipped as cargo: Bag 1: weight 33.74kg exceeds 32kg limit; Bag 2: weight 32.51kg exceeds 32kg limit. Total fees: €150 (cargo shipping costs not included - please contact cargo department). Consider splitting items or reducing weight/size to avoid cargo shipping.","[{""storage"": ""carry-on"", ""weight"": 4.78, ""height"": 11.25, ""width"": 70.24, ""depth"": 19.58, ""unit"": ""cm""}, {""storage"": ""personal"", ""weight"": 7.36, ""height"": 85.98, ""width"": 59.12, ""depth"": 44.56, ""unit"": ""cm""}, {""storage"": ""checked"", ""weight"": 33.74, ""height"": 63.0, ""width"": 21.17, ""depth"": 19.31, ""unit"": ""cm""}, {""storage"": ""checked"", ""weight"": 32.51, ""height"": 94.6, ""width"": 8.82, ""depth"": 48.96, ""unit"": ""cm""}]",225
First,adult,"[{""storage"": ""personal"", ""weight"": 1.63, ""height"": 13.65, ""width"": 28.27, ""depth"": 18.43, ""unit"": ""cm""}, {""storage"": ""checked"", ""weight"": 1.05, ""height"": 28.42, ""width"": 26.78, ""depth"": 27.14, ""unit"": ""cm""}, {""storage"": ""checked"", ""weight"": 10.65, ""height"": 38.8, ""width"": 24.79, ""depth"": 20.12, ""unit"": ""cm""}, {""storage"": ""checked"", ""weight"": 25.2, ""height"": 61.22, ""width"": 48.54, ""depth"": 24.61, ""unit"": ""cm""}]",True,All luggage complies with the policy.,,0
First,adult,"[{""storage"": ""carry-on"", ""weight"": 0.51, ""height"": 16.05, ""width"": 33.78, ""depth"": 3.32, ""unit"": ""cm""}, {""storage"": ""carry-on"", ""weight"": 4.81, ""height"": 13.12, ""width"": 25.27, ""depth"": 20.79, ""unit"": ""cm""}, {""storage"": ""personal"", ""weight"": 6.3, ""height"": 25.26, ""width"": 19.05, ""depth"": 19.37, ""unit"": ""cm""}, {""storage"": ""checked"", ""weight"": 15.6, ""height"": 47.77, ""width"": 35.91, ""depth"": 28.85, ""unit"": ""cm""}, {""storage"": ""checked"", ""weight"": 13.53, ""height"": 60.76, ""width"": 55.04, ""depth"": 41.52, ""unit"": ""cm""}]",True,All luggage complies with the policy.,,0
Economy,child,"[{""storage"": ""personal"", ""weight"": 1.66, ""height"": 29.04, ""width"": 6.53, ""depth"": 8.0, ""unit"": ""cm""}]",True,All luggage complies with the policy.,,0
First,infant,"[{""storage"": ""carry-on"", ""weight"": 1.67, ""height"": 8.88, ""width"": 13.44, ""depth"": 7.71, ""unit"": ""cm""}, {""storage"": ""carry-on"", ""weight"": 3.85, ""height"": 11.32, ""width"": 0.98, ""depth"": 20.09, ""unit"": ""cm""}, {""storage"": ""personal"", ""weight"": 2.17, ""height"": 27.62, ""width"": 2.81, ""depth"": 6.22, ""unit"": ""cm""}, {""storage"": ""checked"", ""weight"": 12.45, ""height"": 65.4, ""width"": 30.87, ""depth"": 49.9, ""unit"": ""cm""}, {""storage"": ""checked"", ""weight"": 12.26, ""height"": 31.86, ""width"": 21.83, ""depth"": 23.73, ""unit"": ""cm""}]",True,All luggage complies with the policy.,,0
Business,adult,"[{""storage"": ""carry-on"", ""weight"": 0.32, ""height"": 82.43, ""width"": 10.25, ""depth"": 17.42, ""unit"": ""cm""}]",False,"Carry-on: 1 bag(s) exceed size limits, transferred to cargo. Total fees: €100","[{""storage"": ""carry-on"", ""weight"": 0.32, ""height"": 82.43, ""width"": 10.25, ""depth"": 17.42, ""unit"": ""cm""}]",100
First,infant,"[{""storage"": ""checked"", ""weight"": 41.9, ""height"": 26.61, ""width"": 57.29, ""depth"": 49.15, ""unit"": ""cm""}]",False,Checked: The following items must be shipped as cargo: Bag 1: weight 41.9kg exceeds 32kg limit. Total fees: €75 (cargo shipping costs not included - please contact cargo department). Consider splitting items or reducing weight/size to avoid cargo shipping.,"[{""storage"": ""checked"", ""weight"": 41.9, ""height"": 26.61, ""width"": 57.29, ""depth"": 49.15, ""unit"": ""cm""}]",75
Business,adult,"[{""storage"": ""carry-on"", ""weight"": 0.51, ""height"": 24.77, ""width"": 8.99, ""depth"": 9.21, ""unit"": ""cm""}, {""storage"": ""carry-on"", ""weight"": 0.66, ""height"": 22.08, ""width"": 8.75, ""depth"": 8.02, ""unit"": ""cm""}, {""storage"": ""personal"", ""weight"": 8.18, ""height"": 34.4, ""width"": 12.78, ""depth"": 9.63, ""unit"": ""cm""}]",True,All luggage complies with the policy.,,0
Economy,adult,"[{""storage"": ""checked"", ""weight"": 4.67, ""height"": 88.7, ""width"": 65.08, ""depth"": 35.27, ""unit"": ""cm""}]",False,Checked: Checked luggage complies with the policy.,,100
Business,infant,"[{""storage"": ""carry-on"", ""weight"": 7.34, ""height"": 18.82, ""width"": 33.11, ""depth"": 20.15, ""unit"": ""cm""}, {""storage"": ""personal"", ""weight"": 0.62, ""height"": 30.72, ""width"": 5.45, ""depth"": 17.9, ""unit"": ""cm""}]",True,All luggage complies with the policy.,,0
First,infant,"[{""storage"": ""carry-on"", ""weight"": 10.3, ""height"": 20.06, ""width"": 47.14, ""depth"": 5.79, ""unit"": ""cm""}, {""storage"": ""personal"", ""weight"": 0.86, ""height"": 72.16, ""width"": 72.86, ""depth"": 25.31, ""unit"": ""cm""}, {""storage"": ""checked"", ""weight"": 10.52, ""height"": 76.28, ""width"": 30.04, ""depth"": 23.47, ""unit"": ""cm""}, {""storage"": ""carry-on"", ""weight"": 1.69, ""height"": 38.62, ""width"": 20.11, ""depth"": 42.52, ""unit"": ""cm""}, {""storage"": ""carry-on"", ""weight"": 3.73, ""height"": 47.16, ""width"": 65.05, ""depth"": 28.62, ""unit"": ""cm""}]",False,"Carry-on: 1 bag(s) exceed quantity allowance, transferred to cargo; Total weight 12.85kg exceeds 12kg limit, all carry-on items transferred to cargo. Total fees: €225","[{""storage"": ""carry-on"", ""weight"": 3.73, ""height"": 47.16, ""width"": 65.05, ""depth"": 28.62, ""unit"": ""cm""}, {""storage"": ""carry-on"", ""weight"": 10.3, ""height"": 20.06, ""width"": 47.14, ""depth"": 5.79, ""unit"": ""cm""}, {""storage"": ""carry-on"", ""weight"": 1.69, ""height"": 38.62, ""width"": 20.11, ""depth"": 42.52, ""unit"": ""cm""}, {""storage"": ""personal"", ""weight"": 0.86, ""height"": 72.16, ""width"": 72.86, ""depth"": 25.31, ""unit"": ""cm""}]",225
First,child,"[{""storage"": ""carry-on"", ""weight"": 4.67, ""height"": 65.26, ""width"": 30.17, ""depth"": 8.74, ""unit"": ""cm""}]",False,"Carry-on: 1 bag(s) exceed size limits, transferred to cargo. Total fees: €100","[{""storage"": ""carry-on"", ""weight"": 4.67, ""height"": 65.26, ""width"": 30.17, ""depth"": 8.74, ""unit"": ""cm""}]",100
First,adult,"[{""storage"": ""carry-on"", ""weight"": 2.44, ""height"": 49.06, ""width"": 36.58, ""depth"": 1.27, ""unit"": ""cm""}, {""storage"": ""carry-on"", ""weight"": 0.37, ""height"": 4.53, ""width"": 18.27, ""depth"": 6.36, ""unit"": ""cm""}, {""storage"": ""personal"", ""weight"": 2.48, ""height"": 17.31, ""width"": 5.29, ""depth"": 16.18, ""unit"": ""cm""}, {""storage"": ""checked"", ""weight"": 25.96, ""height"": 60.53, ""width"": 38.67, ""depth"": 26.16, ""unit"": ""cm""}, {""storage"": ""checked"", ""weight"": 20.23, ""height"": 35.26, ""width"": 59.78, ""depth"": 38.91, ""unit"": ""cm""}]",True,All luggage complies with the policy.,,0
Business,infant,"[{""storage"": ""carry-on"", ""weight"": 1.93, ""height"": 11.45, ""width"": 21.53, ""depth"": 6.48, ""unit"": ""cm""}, {""storage"": ""carry-on"", ""weight"": 4.68, ""height"": 18.86, ""width"": 19.33, ""depth"": 10.91, ""unit"": ""cm""}, {""storage"": ""personal"", ""weight"": 0.09, ""height"": 12.67, ""width"": 19.82, ""depth"": 19.35, ""unit"": ""cm""}, {""storage"": ""checked"", ""weight"": 12.34, ""height"": 22.77, ""width"": 54.78, ""depth"": 47.53, ""unit"": ""cm""}]",True,All luggage complies with the policy.,,0
First,adult,"[{""storage"": ""carry-on"", ""weight"": 2.29, ""height"": 12.49, ""width"": 9.07, ""depth"": 0.97, ""unit"": ""cm""}, {""storage"": ""personal"", ""weight"": 5.6, ""height"": 32.76, ""width"": 29.83, ""depth"": 17.87, ""unit"": ""cm""}, {""storage"": ""checked"", ""weight"": 29.15, ""height"": 37.81, ""width"": 27.53, ""depth"": 23.2, ""unit"": ""cm""}]",True,All luggage complies with the policy.,,0
Economy,child,"[{""storage"": ""personal"", ""weight"": 8.31, ""height"": 90.63, ""width"": 66.44, ""depth"": 21.07, ""unit"": ""cm""}]",False,"Carry-on: Total weight 8.31kg exceeds 7kg limit, all carry-on items transferred to cargo. Total fees: €75","[{""storage"": ""personal"", ""weight"": 8.31, ""height"": 90.63, ""width"": 66.44, ""depth"": 21.07, ""unit"": ""cm""}]",75
Economy,adult,"[{""storage"": ""checked"", ""weight"": 7.5, ""height"": 1.84, ""width"": 7.58, ""depth"": 48.92, ""unit"": ""cm""}, {""storage"": ""personal"", ""weight"": 13.18, ""height"": 22.07, ""width"": 30.33, ""depth"": 27.77, ""unit"": ""cm""}, {""storage"": ""personal"", ""weight"": 6.04, ""height"": 69.75, ""width"": 62.56, ""depth"": 29.92, ""unit"": ""cm""}]",False,"Carry-on: Total weight 19.22kg exceeds 7kg limit, all carry-on items transferred to cargo. Total fees: €75","[{""storage"": ""personal"", ""weight"": 13.18, ""height"": 22.07, ""width"": 30.33, ""depth"": 27.77, ""unit"": ""cm""}, {""storage"": ""personal"", ""weight"": 6.04, ""height"": 69.75, ""width"": 62.56, ""depth"": 29.92, ""unit"": ""cm""}]",75
Business,adult,"[{""storage"": ""checked"", ""weight"": 11.72, ""height"": 68.4, ""width"": 6.56, ""depth"": 39.21, ""unit"": ""cm""}]",True,All luggage complies with the policy.,,0
Economy,adult,"[{""storage"": ""checked"", ""weight"": 12.91, ""height"": 68.48, ""width"": 25.97, ""depth"": 15.67, ""unit"": ""cm""}, {""storage"": ""personal"", ""weight"": 10.93, ""height"": 96.0, ""width"": 11.32, ""depth"": 43.64, ""unit"": ""cm""}, {""storage"": ""carry-on"", ""weight"": 1.77, ""height"": 10.75, ""width"": 3.47, ""depth"": 31.71, ""unit"": ""cm""}, {""storage"": ""checked"", ""weight"": 34.76, ""height"": 55.6, ""width"": 51.85, ""depth"": 28.19, ""unit"": ""cm""}, {""storage"": ""carry-on"", ""weight"": 10.31, ""height"": 0.01, ""width"": 15.48, ""depth"": 0.75, ""unit"": ""cm""}]",False,"Carry-on: 1 bag(s) exceed quantity allowance, transferred to cargo; Total weight 12.7kg exceeds 7kg limit, all carry-on items transferred to cargo. Total fees: €225 | Checked: The following items must be shipped as cargo: Bag 2: weight 34.76kg exceeds 32kg limit. Total fees: €225 (cargo shipping costs not included - please contact cargo department). Consider splitting items or reducing weight/size to avoid cargo shipping.","[{""storage"": ""carry-on"", ""weight"": 10.31, ""height"": 0.01, ""width"": 15.48, ""depth"": 0.75, ""unit"": ""cm""}, {""storage"": ""carry-on"", ""weight"": 1.77, ""height"": 10.75, ""width"": 3.47, ""depth"": 31.71, ""unit"": ""cm""}, {""storage"": ""personal"", ""weight"": 10.93, ""height"": 96.0, ""width"": 11.32, ""depth"": 43.64, ""unit"": ""cm""}, {""storage"": ""checked"", ""weight"": 34.76, ""height"": 55.6, ""width"": 51.85, ""depth"": 28.19, ""unit"": ""cm""}]",450
First,infant,"[{""storage"": ""carry-on"", ""weight"": 10.09, ""height"": 92.96, ""width"": 53.78, ""depth"": 15.38, ""unit"": ""cm""}, {""storage"": ""personal"", ""weight"": 7.52, ""height"": 48.4, ""width"": 32.33, ""depth"": 8.88, ""unit"": ""cm""}, {""storage"": ""personal"", ""weight"": 13.62, ""height"": 3.83, ""width"": 10.35, ""depth"": 9.39, ""unit"": ""cm""}, {""storage"": ""checked"", ""weight"": 11.47, ""height"": 75.14, ""width"": 2.46, ""depth"": 41.79, ""unit"": ""cm""}]",False,"Carry-on: Total weight 31.229999999999997kg exceeds 12kg limit, all carry-on items transferred to cargo. Total fees: €75","[{""storage"": ""carry-on"", ""weight"": 10.09, ""height"": 92.96, ""width"": 53.78, ""depth"": 15.38, ""unit"": ""cm""}, {""storage"": ""personal"", ""weight"": 7.52, ""height"": 48.4, ""width"": 32.33, ""depth"": 8.88, ""unit"": ""cm""}, {""storage"": ""personal"", ""weight"": 13.62, ""height"": 3.83, ""width"": 10.35, ""depth"": 9.39, ""unit"": ""cm""}]",75
Business,adult,"[{""storage"": ""carry-on"", ""weight"": 1.76, ""height"": 43.82, ""width"": 2.29, ""depth"": 7.09, ""unit"": ""cm""}, {""storage"": ""personal"", ""weight"": 6.85, ""height"": 29.11, ""width"": 1.38, ""depth"": 19.48, ""unit"": ""cm""}, {""storage"": ""checked"", ""weight"": 19.61, ""height"": 41.14, ""width"": 56.24, ""depth"": 30.98, ""unit"": ""cm""}]",True,All luggage complies with the policy.,,0
Business,infant,"[{""storage"": ""carry-on"", ""weight"": 2.17, ""height"": 50.01, ""width"": 26.55, ""depth"": 11.54, ""unit"": ""cm""}, {""storage"": ""carry-on"", ""weight"": 0.42, ""height"": 51.12, ""width"": 6.42, ""depth"": 2.91, ""unit"": ""cm""}, {""storage"": ""personal"", ""weight"": 6.82, ""height"": 1.44, ""width"": 10.33, ""depth"": 16.78, ""unit"": ""cm""}]",True,All luggage complies with the policy.,,0
First,infant,"[{""storage"": ""personal"", ""weight"": 9.23, ""height"": 38.3, ""width"": 12.65, ""depth"": 0.12, ""unit"": ""cm""}, {""storage"": ""checked"", ""weight"": 6.25, ""height"": 42.75, ""width"": 37.25, ""depth"": 45.51, ""unit"": ""cm""}]",True,All luggage complies with the policy.,,0
Economy,adult,"[{""storage"": ""carry-on"", ""weight"": 6.9, ""height"": 49.29, ""width"": 3.81, ""depth"": 10.87, ""unit"": ""cm""}, {""storage"": ""personal"", ""weight"": 0.05, ""height"": 2.37, ""width"": 17.62, ""depth"": 12.13, ""unit"": ""cm""}]",True,All luggage complies with the policy.,,0
Business,infant,"[{""storage"": ""carry-on"", ""weight"": 2.52, ""height"": 21.71, ""width"": 18.1, ""depth"": 3.01, ""unit"": ""cm""}, {""storage"": ""carry-on"", ""weight"": 5.44, ""height"": 16.95, ""width"": 32.44, ""depth"": 14.66, ""unit"": ""cm""}, {""storage"": ""personal"", ""weight"": 3.15, ""height"": 33.03, ""width"": 2.42, ""depth"": 17.81, ""unit"": ""cm""}]",True,All luggage complies with the policy.,,0
Business,adult,"[{""storage"": ""carry-on"", ""weight"": 2.18, ""height"": 46.14, ""width"": 34.41, ""depth"": 15.4, ""unit"": ""cm""}, {""storage"": ""carry-on"", ""weight"": 4.25, ""height"": 67.5, ""width"": 76.53, ""depth"": 13.8, ""unit"": ""cm""}]",False,"Carry-on: 1 bag(s) exceed size limits, transferred to cargo. Total fees: €100","[{""storage"": ""carry-on"", ""weight"": 4.25, ""height"": 67.5, ""width"": 76.53, ""depth"": 13.8, ""unit"": ""cm""}]",100
Economy,adult,"[{""storage"": ""carry-on"", ""weight"": 5.93, ""height"": 7.57, ""width"": 38.55, ""depth"": 6.32, ""unit"": ""cm""}, {""storage"": ""personal"", ""weight"": 0.12, ""height"": 25.06, ""width"": 8.2, ""depth"": 18.92, ""unit"": ""cm""}, {""storage"": ""checked"", ""weight"": 18.16, ""height"": 54.78, ""width"": 57.33, ""depth"": 32.76, ""unit"": ""cm""}]",True,All luggage complies with the policy.,,0
Economy,adult,"[{""storage"": ""personal"", ""weight"": 6.05, ""height"": 6.95, ""width"": 4.08, ""depth"": 17.17, ""unit"": ""cm""}]",True,All luggage complies with the policy.,,0
Business,adult,"[{""storage"": ""checked"", ""weight"": 13.28, ""height"": 76.4, ""width"": 70.43, ""depth"": 5.42, ""unit"": ""cm""}, {""storage"": ""checked"", ""weight"": 46.46, ""height"": 32.65, ""width"": 23.94, ""depth"": 17.66, ""unit"": ""cm""}, {""storage"": ""checked"", ""weight"": 22.64, ""height"": 16.63, ""width"": 6.53, ""depth"": 0.61, ""unit"": ""cm""}, {""storage"": ""carry-on"", ""weight"": 3.58, ""height"": 24.52, ""width"": 45.31, ""depth"": 40.99, ""unit"": ""cm""}, {""storage"": ""personal"", ""weight"": 4.01, ""height"": 11.35, ""width"": 37.88, ""depth"": 42.09, ""unit"": ""cm""}]",False,"Carry-on: 1 bag(s) exceed size limits, transferred to cargo. Total fees: €100 | Checked: The following items must be shipped as cargo: Bag 2: weight 46.46kg exceeds 32kg limit. Total fees: €225 (cargo shipping costs not included - please contact cargo department). Consider splitting items or reducing weight/size to avoid cargo shipping.","[{""storage"": ""carry-on"", ""weight"": 3.58, ""height"": 24.52, ""width"": 45.31, ""depth"": 40.99, ""unit"": ""cm""}, {""storage"": ""checked"", ""weight"": 46.46, ""height"": 32.65, ""width"": 23.94, ""depth"": 17.66, ""unit"": ""cm""}]",325
Economy,child,"[{""storage"": ""personal"", ""weight"": 1.07, ""height"": 77.32, ""width"": 67.65, ""depth"": 32.68, ""unit"": ""cm""}, {""storage"": ""carry-on"", ""weight"": 12.22, ""height"": 64.55, ""width"": 46.76, ""depth"": 29.88, ""unit"": ""cm""}, {""storage"": ""carry-on"", ""weight"": 13.66, ""height"": 3.03, ""width"": 1.02, ""depth"": 4.84, ""unit"": ""cm""}, {""storage"": ""carry-on"", ""weight"": 13.91, ""height"": 9.05, ""width"": 35.17, ""depth"": 19.88, ""unit"": ""cm""}, {""storage"": ""carry-on"", ""weight"": 12.21, ""height"": 25.45, ""width"": 13.79, ""depth"": 5.94, ""unit"": ""cm""}]",False,"Carry-on: 3 bag(s) exceed quantity allowance, transferred to cargo; Total weight 13.290000000000001kg exceeds 7kg limit, all carry-on items transferred to cargo. Total fees: €525","[{""storage"": ""carry-on"", ""weight"": 13.66, ""height"": 3.03, ""width"": 1.02, ""depth"": 4.84, ""unit"": ""cm""}, {""storage"": ""carry-on"", ""weight"": 13.91, ""height"": 9.05, ""width"": 35.17, ""depth"": 19.88, ""unit"": ""cm""}, {""storage"": ""carry-on"", ""weight"": 12.21, ""height"": 25.45, ""width"": 13.79, ""depth"": 5.94, ""unit"": ""cm""}, {""storage"": ""carry-on"", ""weight"": 12.22, ""height"": 64.55, ""width"": 46.76, ""depth"": 29.88, ""unit"": ""cm""}, {""storage"": ""personal"", ""weight"": 1.07, ""height"": 77.32, ""width"": 67.65, ""depth"": 32.68, ""unit"": ""cm""}]",525
Economy,child,"[{""storage"": ""personal"", ""weight"": 2.88, ""height"": 44.47, ""width"": 63.48, ""depth"": 31.86, ""unit"": ""cm""}, {""storage"": ""checked"", ""weight"": 40.79, ""height"": 99.86, ""width"": 22.66, ""depth"": 30.75, ""unit"": ""cm""}, {""storage"": ""personal"", ""weight"": 2.76, ""height"": 21.14, ""width"": 63.12, ""depth"": 27.93, ""unit"": ""cm""}]",False,Checked: The following items must be shipped as cargo: Bag 1: weight 40.79kg exceeds 32kg limit. Total fees: €75 (cargo shipping costs not included - please contact cargo department). Consider splitting items or reducing weight/size to avoid cargo shipping.,"[{""storage"": ""checked"", ""weight"": 40.79, ""height"": 99.86, ""width"": 22.66, ""depth"": 30.75, ""unit"": ""cm""}]",75
Business,infant,"[{""storage"": ""personal"", ""weight"": 1.0, ""height"": 47.57, ""width"": 39.02, ""depth"": 2.47, ""unit"": ""cm""}]",True,All luggage complies with the policy.,,0
Economy,infant,"[{""storage"": ""carry-on"", ""weight"": 4.58, ""height"": 67.74, ""width"": 51.85, ""depth"": 39.35, ""unit"": ""cm""}, {""storage"": ""carry-on"", ""weight"": 2.18, ""height"": 40.68, ""width"": 48.25, ""depth"": 42.77, ""unit"": ""cm""}, {""storage"": ""checked"", ""weight"": 49.17, ""height"": 63.06, ""width"": 25.22, ""depth"": 19.72, ""unit"": ""cm""}, {""storage"": ""carry-on"", ""weight"": 0.93, ""height"": 90.74, ""width"": 71.2, ""depth"": 8.59, ""unit"": ""cm""}, {""storage"": ""personal"", ""weight"": 4.45, ""height"": 9.58, ""width"": 64.41, ""depth"": 35.67, ""unit"": ""cm""}]",False,"Carry-on: 2 bag(s) exceed quantity allowance, transferred to cargo; Total weight 9.030000000000001kg exceeds 7kg limit, all carry-on items transferred to cargo. Total fees: €375 | Checked: The following items must be shipped as cargo: Bag 1: weight 49.17kg exceeds 32kg limit. Total fees: €75 (cargo shipping costs not included - please contact cargo department). Consider splitting items or reducing weight/size to avoid cargo shipping.","[{""storage"": ""carry-on"", ""weight"": 2.18, ""height"": 40.68, ""width"": 48.25, ""depth"": 42.77, ""unit"": ""cm""}, {""storage"": ""carry-on"", ""weight"": 0.93, ""height"": 90.74, ""width"": 71.2, ""depth"": 8.59, ""unit"": ""cm""}, {""storage"": ""carry-on"", ""weight"": 4.58, ""height"": 67.74, ""width"": 51.85, ""depth"": 39.35, ""unit"": ""cm""}, {""storage"": ""personal"", ""weight"": 4.45, ""height"": 9.58, ""width"": 64.41, ""depth"": 35.67, ""unit"": ""cm""}, {""storage"": ""checked"", ""weight"": 49.17, ""height"": 63.06, ""width"": 25.22, ""depth"": 19.72, ""unit"": ""cm""}]",450
Economy,infant,"[{""storage"": ""personal"", ""weight"": 5.24, ""height"": 19.65, ""width"": 23.72, ""depth"": 4.5, ""unit"": ""cm""}]",True,All luggage complies with the policy.,,0
First,infant,"[{""storage"": ""carry-on"", ""weight"": 12.75, ""height"": 72.42, ""width"": 34.17, ""depth"": 36.56, ""unit"": ""cm""}]",False,"Carry-on: Total weight 12.75kg exceeds 12kg limit, all carry-on items transferred to cargo. Total fees: €75","[{""storage"": ""carry-on"", ""weight"": 12.75, ""height"": 72.42, ""width"": 34.17, ""depth"": 36.56, ""unit"": ""cm""}]",75
First,child,"[{""storage"": ""carry-on"", ""weight"": 11.69, ""height"": 1.95, ""width"": 39.81, ""depth"": 2.36, ""unit"": ""cm""}, {""storage"": ""personal"", ""weight"": 0.22, ""height"": 9.52, ""width"": 10.58, ""depth"": 14.35, ""unit"": ""cm""}]",True,All luggage complies with the policy.,,0
Economy,infant,"[{""storage"": ""checked"", ""weight"": 31.96, ""height"": 78.89, ""width"": 40.34, ""depth"": 21.66, ""unit"": ""cm""}, {""storage"": ""personal"", ""weight"": 3.36, ""height"": 35.02, ""width"": 77.95, ""depth"": 23.21, ""unit"": ""cm""}]",False,Checked: Checked luggage complies with the policy.,,75
Economy,adult,"[{""storage"": ""carry-on"", ""weight"": 0.42, ""height"": 35.89, ""width"": 19.49, ""depth"": 2.2, ""unit"": ""cm""}, {""storage"": ""personal"", ""weight"": 1.73, ""height"": 10.24, ""width"": 9.37, ""depth"": 3.74, ""unit"": ""cm""}]",True,All luggage complies with the policy.,,0
Economy,infant,"[{""storage"": ""personal"", ""weight"": 2.73, ""height"": 30.47, ""width"": 20.56, ""depth"": 15.02, ""unit"": ""cm""}]",True,All luggage complies with the policy.,,0
Business,child,"[{""storage"": ""checked"", ""weight"": 20.74, ""height"": 23.15, ""width"": 75.67, ""depth"": 14.29, ""unit"": ""cm""}]",True,All luggage complies with the policy.,,0
Economy,infant,"[{""storage"": ""carry-on"", ""weight"": 1.79, ""height"": 24.83, ""width"": 75.73, ""depth"": 23.05, ""unit"": ""cm""}, {""storage"": ""carry-on"", ""weight"": 8.15, ""height"": 90.36, ""width"": 61.35, ""depth"": 14.78, ""unit"": ""cm""}, {""storage"": ""checked"", ""weight"": 27.46, ""height"": 77.72, ""width"": 68.99, ""depth"": 14.2, ""unit"": ""cm""}, {""storage"": ""personal"", ""weight"": 7.55, ""height"": 99.36, ""width"": 36.91, ""depth"": 31.85, ""unit"": ""cm""}, {""storage"": ""carry-on"", ""weight"": 2.6, ""height"": 8.77, ""width"": 59.44, ""depth"": 25.89, ""unit"": ""cm""}]",False,"Carry-on: 2 bag(s) exceed quantity allowance, transferred to cargo; Total weight 9.34kg exceeds 7kg limit, all carry-on items transferred to cargo. Total fees: €375 | Checked: Checked luggage complies with the policy.","[{""storage"": ""carry-on"", ""weight"": 8.15, ""height"": 90.36, ""width"": 61.35, ""depth"": 14.78, ""unit"": ""cm""}, {""storage"": ""carry-on"", ""weight"": 2.6, ""height"": 8.77, ""width"": 59.44, ""depth"": 25.89, ""unit"": ""cm""}, {""storage"": ""carry-on"", ""weight"": 1.79, ""height"": 24.83, ""width"": 75.73, ""depth"": 23.05, ""unit"": ""cm""}, {""storage"": ""personal"", ""weight"": 7.55, ""height"": 99.36, ""width"": 36.91, ""depth"": 31.85, ""unit"": ""cm""}]",550
Economy,infant,"[{""storage"": ""carry-on"", ""weight"": 13.8, ""height"": 100.0, ""width"": 68.64, ""depth"": 41.11, ""unit"": ""cm""}, {""storage"": ""personal"", ""weight"": 4.91, ""height"": 18.08, ""width"": 20.8, ""depth"": 7.12, ""unit"": ""cm""}, {""storage"": ""checked"", ""weight"": 13.21, ""height"": 63.98, ""width"": 61.24, ""depth"": 36.57, ""unit"": ""cm""}]",False,"Carry-on: Total weight 18.71kg exceeds 7kg limit, all carry-on items transferred to cargo. Total fees: €75 | Checked: Checked luggage complies with the policy.","[{""storage"": ""carry-on"", ""weight"": 13.8, ""height"": 100.0, ""width"": 68.64, ""depth"": 41.11, ""unit"": ""cm""}, {""storage"": ""personal"", ""weight"": 4.91, ""height"": 18.08, ""width"": 20.8, ""depth"": 7.12, ""unit"": ""cm""}]",175
Economy,infant,"[{""storage"": ""carry-on"", ""weight"": 4.1, ""height"": 3.88, ""width"": 18.44, ""depth"": 0.09, ""unit"": ""cm""}, {""storage"": ""personal"", ""weight"": 0.5, ""height"": 15.94, ""width"": 28.2, ""depth"": 1.45, ""unit"": ""cm""}]",True,All luggage complies with the policy.,,0
Business,adult,"[{""storage"": ""personal"", ""weight"": 8.26, ""height"": 85.38, ""width"": 39.52, ""depth"": 23.13, ""unit"": ""cm""}, {""storage"": ""checked"", ""weight"": 16.46, ""height"": 26.17, ""width"": 60.88, ""depth"": 48.11, ""unit"": ""cm""}, {""storage"": ""personal"", ""weight"": 6.44, ""height"": 92.62, ""width"": 23.65, ""depth"": 28.79, ""unit"": ""cm""}, {""storage"": ""personal"", ""weight"": 11.47, ""height"": 27.43, ""width"": 63.45, ""depth"": 21.27, ""unit"": ""cm""}, {""storage"": ""checked"", ""weight"": 27.59, ""height"": 63.9, ""width"": 57.14, ""depth"": 5.7, ""unit"": ""cm""}]",False,"Carry-on: Total weight 26.17kg exceeds 12kg limit, all carry-on items transferred to cargo. Total fees: €75","[{""storage"": ""personal"", ""weight"": 8.26, ""height"": 85.38, ""width"": 39.52, ""depth"": 23.13, ""unit"": ""cm""}, {""storage"": ""personal"", ""weight"": 6.44, ""height"": 92.62, ""width"": 23.65, ""depth"": 28.79, ""unit"": ""cm""}, {""storage"": ""personal"", ""weight"": 11.47, ""height"": 27.43, ""width"": 63.45, ""depth"": 21.27, ""unit"": ""cm""}]",75
Economy,adult,"[{""storage"": ""carry-on"", ""weight"": 0.42, ""height"": 19.4, ""width"": 9.02, ""depth"": 8.72, ""unit"": ""cm""}, {""storage"": ""personal"", ""weight"": 0.87, ""height"": 35.84, ""width"": 19.2, ""depth"": 19.45, ""unit"": ""cm""}]",True,All luggage complies with the policy.,,0
First,child,"[{""storage"": ""checked"", ""weight"": 10.91, ""height"": 28.5, ""width"": 52.57, ""depth"": 14.31, ""unit"": ""cm""}]",True,All luggage complies with the policy.,,0
First,infant,"[{""storage"": ""checked"", ""weight"": 11.05, ""height"": 89.7, ""width"": 0.45, ""depth"": 48.52, ""unit"": ""cm""}, {""storage"": ""carry-on"", ""weight"": 13.31, ""height"": 28.2, ""width"": 6.5, ""depth"": 9.76, ""unit"": ""cm""}, {""storage"": ""personal"", ""weight"": 10.57, ""height"": 43.03, ""width"": 73.41, ""depth"": 10.06, ""unit"": ""cm""}, {""storage"": ""carry-on"", ""weight"": 12.31, ""height"": 33.81, ""width"": 77.32, ""depth"": 41.04, ""unit"": ""cm""}, {""storage"": ""carry-on"", ""weight"": 8.51, ""height"": 40.92, ""width"": 77.07, ""depth"": 45.16, ""unit"": ""cm""}]",False,"Carry-on: 1 bag(s) exceed quantity allowance, transferred to cargo; Total weight 36.19kg exceeds 12kg limit, all carry-on items transferred to cargo. Total fees: €225","[{""storage"": ""carry-on"", ""weight"": 8.51, ""height"": 40.92, ""width"": 77.07, ""depth"": 45.16, ""unit"": ""cm""}, {""storage"": ""carry-on"", ""weight"": 13.31, ""height"": 28.2, ""width"": 6.5, ""depth"": 9.76, ""unit"": ""cm""}, {""storage"": ""carry-on"", ""weight"": 12.31, ""height"": 33.81, ""width"": 77.32, ""depth"": 41.04, ""unit"": ""cm""}, {""storage"": ""personal"", ""weight"": 10.57, ""height"": 43.03, ""width"": 73.41, ""depth"": 10.06, ""unit"": ""cm""}]",225
Economy,adult,"[{""storage"": ""carry-on"", ""weight"": 3.3, ""height"": 7.48, ""width"": 24.5, ""depth"": 12.96, ""unit"": ""cm""}, {""storage"": ""personal"", ""weight"": 1.6, ""height"": 1.68, ""width"": 4.16, ""depth"": 9.14, ""unit"": ""cm""}]",True,All luggage complies with the policy.,,0
Economy,child,"[{""storage"": ""carry-on"", ""weight"": 5.5, ""height"": 55.14, ""width"": 51.28, ""depth"": 39.88, ""unit"": ""cm""}, {""storage"": ""checked"", ""weight"": 34.51, ""height"": 6.63, ""width"": 11.26, ""depth"": 7.08, ""unit"": ""cm""}, {""storage"": ""checked"", ""weight"": 39.6, ""height"": 65.22, ""width"": 28.78, ""depth"": 9.19, ""unit"": ""cm""}, {""storage"": ""carry-on"", ""weight"": 4.7, ""height"": 53.56, ""width"": 56.34, ""depth"": 44.92, ""unit"": ""cm""}]",False,"Carry-on: Total weight 10.2kg exceeds 7kg limit, all carry-on items transferred to cargo. Total fees: €75 | Checked: The following items must be shipped as cargo: Bag 1: weight 34.51kg exceeds 32kg limit; Bag 2: weight 39.6kg exceeds 32kg limit. Total fees: €300 (cargo shipping costs not included - please contact cargo department). Consider splitting items or reducing weight/size to avoid cargo shipping.","[{""storage"": ""carry-on"", ""weight"": 5.5, ""height"": 55.14, ""width"": 51.28, ""depth"": 39.88, ""unit"": ""cm""}, {""storage"": ""carry-on"", ""weight"": 4.7, ""height"": 53.56, ""width"": 56.34, ""depth"": 44.92, ""unit"": ""cm""}, {""storage"": ""checked"", ""weight"": 34.51, ""height"": 6.63, ""width"": 11.26, ""depth"": 7.08, ""unit"": ""cm""}, {""storage"": ""checked"", ""weight"": 39.6, ""height"": 65.22, ""width"": 28.78, ""depth"": 9.19, ""unit"": ""cm""}]",375
First,adult,"[{""storage"": ""checked"", ""weight"": 30.64, ""height"": 67.08, ""width"": 55.46, ""depth"": 31.81, ""unit"": ""cm""}, {""storage"": ""checked"", ""weight"": 25.82, ""height"": 49.44, ""width"": 34.24, ""depth"": 7.18, ""unit"": ""cm""}, {""storage"": ""personal"", ""weight"": 14.49, ""height"": 23.2, ""width"": 2.93, ""depth"": 49.44, ""unit"": ""cm""}, {""storage"": ""personal"", ""weight"": 6.59, ""height"": 71.09, ""width"": 10.97, ""depth"": 20.85, ""unit"": ""cm""}]",False,"Carry-on: Total weight 21.08kg exceeds 12kg limit, all carry-on items transferred to cargo. Total fees: €75","[{""storage"": ""personal"", ""weight"": 14.49, ""height"": 23.2, ""width"": 2.93, ""depth"": 49.44, ""unit"": ""cm""}, {""storage"": ""personal"", ""weight"": 6.59, ""height"": 71.09, ""width"": 10.97, ""depth"": 20.85, ""unit"": ""cm""}]",75
First,adult,"[{""storage"": ""personal"", ""weight"": 9.95, ""height"": 20.0, ""width"": 17.58, ""depth"": 12.12, ""unit"": ""cm""}]",True,All luggage complies with the policy.,,0
First,adult,"[{""storage"": ""checked"", ""weight"": 37.14, ""height"": 72.56, ""width"": 78.02, ""depth"": 47.28, ""unit"": ""cm""}, {""storage"": ""checked"", ""weight"": 16.82, ""height"": 8.25, ""width"": 12.86, ""depth"": 11.34, ""unit"": ""cm""}, {""storage"": ""checked"", ""weight"": 34.18, ""height"": 10.98, ""width"": 78.68, ""depth"": 41.2, ""unit"": ""cm""}]",False,Checked: The following items must be shipped as cargo: Bag 1: weight 37.14kg exceeds 32kg limit; Bag 3: weight 34.18kg exceeds 32kg limit. Total fees: €250 (cargo shipping costs not included - please contact cargo department). Consider splitting items or reducing weight/size to avoid cargo shipping.,"[{""storage"": ""checked"", ""weight"": 37.14, ""height"": 72.56, ""width"": 78.02, ""depth"": 47.28, ""unit"": ""cm""}, {""storage"": ""checked"", ""weight"": 34.18, ""height"": 10.98, ""width"": 78.68, ""depth"": 41.2, ""unit"": ""cm""}]",250
Economy,child,"[{""storage"": ""personal"", ""weight"": 1.94, ""height"": 21.52, ""width"": 10.52, ""depth"": 16.06, ""unit"": ""cm""}, {""storage"": ""checked"", ""weight"": 19.86, ""height"": 59.43, ""width"": 44.73, ""depth"": 42.49, ""unit"": ""cm""}]",True,All luggage complies with the policy.,,0
Business,infant,"[{""storage"": ""personal"", ""weight"": 11.18, ""height"": 53.12, ""width"": 33.19, ""depth"": 9.8, ""unit"": ""cm""}, {""storage"": ""checked"", ""weight"": 21.92, ""height"": 35.73, ""width"": 26.99, ""depth"": 38.82, ""unit"": ""cm""}, {""storage"": ""carry-on"", ""weight"": 8.92, ""height"": 7.48, ""width"": 20.86, ""depth"": 2.48, ""unit"": ""cm""}]",False,"Carry-on: Total weight 20.1kg exceeds 12kg limit, all carry-on items transferred to cargo. Total fees: €75","[{""storage"": ""carry-on"", ""weight"": 8.92, ""height"": 7.48, ""width"": 20.86, ""depth"": 2.48, ""unit"": ""cm""}, {""storage"": ""personal"", ""weight"": 11.18, ""height"": 53.12, ""width"": 33.19, ""depth"": 9.8, ""unit"": ""cm""}]",75
Economy,infant,"[{""storage"": ""personal"", ""weight"": 3.14, ""height"": 37.06, ""width"": 26.45, ""depth"": 3.8, ""unit"": ""cm""}]",True,All luggage complies with the policy.,,0
First,adult,"[{""storage"": ""checked"", ""weight"": 7.9, ""height"": 50.72, ""width"": 73.29, ""depth"": 23.36, ""unit"": ""cm""}, {""storage"": ""carry-on"", ""weight"": 10.23, ""height"": 10.69, ""width"": 48.41, ""depth"": 35.47, ""unit"": ""cm""}, {""storage"": ""personal"", ""weight"": 8.32, ""height"": 73.67, ""width"": 28.83, ""depth"": 15.38, ""unit"": ""cm""}, {""storage"": ""personal"", ""weight"": 8.81, ""height"": 42.79, ""width"": 7.23, ""depth"": 17.68, ""unit"": ""cm""}]",False,"Carry-on: Total weight 27.36kg exceeds 12kg limit, all carry-on items transferred to cargo. Total fees: €75","[{""storage"": ""carry-on"", ""weight"": 10.23, ""height"": 10.69, ""width"": 48.41, ""depth"": 35.47, ""unit"": ""cm""}, {""storage"": ""personal"", ""weight"": 8.32, ""height"": 73.67, ""width"": 28.83, ""depth"": 15.38, ""unit"": ""cm""}, {""storage"": ""personal"", ""weight"": 8.81, ""height"": 42.79, ""width"": 7.23, ""depth"": 17.68, ""unit"": ""cm""}]",75
Economy,infant,"[{""storage"": ""personal"", ""weight"": 6.27, ""height"": 38.55, ""width"": 41.01, ""depth"": 47.76, ""unit"": ""cm""}, {""storage"": ""carry-on"", ""weight"": 7.79, ""height"": 21.41, ""width"": 20.35, ""depth"": 14.75, ""unit"": ""cm""}, {""storage"": ""checked"", ""weight"": 31.66, ""height"": 81.21, ""width"": 24.58, ""depth"": 39.3, ""unit"": ""cm""}]",False,"Carry-on: Total weight 14.059999999999999kg exceeds 7kg limit, all carry-on items transferred to cargo. Total fees: €75 | Checked: Checked luggage complies with the policy.","[{""storage"": ""carry-on"", ""weight"": 7.79, ""height"": 21.41, ""width"": 20.35, ""depth"": 14.75, ""unit"": ""cm""}, {""storage"": ""personal"", ""weight"": 6.27, ""height"": 38.55, ""width"": 41.01, ""depth"": 47.76, ""unit"": ""cm""}]",150
First,child,"[{""storage"": ""personal"", ""weight"": 6.22, ""height"": 0.5, ""width"": 5.3, ""depth"": 4.39, ""unit"": ""cm""}, {""storage"": ""checked"", ""weight"": 23.33, ""height"": 48.75, ""width"": 58.17, ""depth"": 38.4, ""unit"": ""cm""}]",True,All luggage complies with the policy.,,0
First,child,"[{""storage"": ""personal"", ""weight"": 0.64, ""height"": 71.78, ""width"": 42.49, ""depth"": 6.12, ""unit"": ""cm""}, {""storage"": ""carry-on"", ""weight"": 10.75, ""height"": 24.94, ""width"": 53.16, ""depth"": 10.96, ""unit"": ""cm""}, {""storage"": ""checked"", ""weight"": 7.05, ""height"": 66.22, ""width"": 59.85, ""depth"": 16.94, ""unit"": ""cm""}, {""storage"": ""carry-on"", ""weight"": 0.23, ""height"": 78.68, ""width"": 72.85, ""depth"": 19.44, ""unit"": ""cm""}]",False,"Carry-on: 2 bag(s) exceed size limits, transferred to cargo. Total fees: €200","[{""storage"": ""carry-on"", ""weight"": 10.75, ""height"": 24.94, ""width"": 53.16, ""depth"": 10.96, ""unit"": ""cm""}, {""storage"": ""carry-on"", ""weight"": 0.23, ""height"": 78.68, ""width"": 72.85, ""depth"": 19.44, ""unit"": ""cm""}]",200
Business,adult,"[{""storage"": ""personal"", ""weight"": 2.58, ""height"": 37.89, ""width"": 19.08, ""depth"": 4.03, ""unit"": ""cm""}, {""storage"": ""checked"", ""weight"": 23.12, ""height"": 57.1, ""width"": 37.04, ""depth"": 43.45, ""unit"": ""cm""}, {""storage"": ""checked"", ""weight"": 0.28, ""height"": 34.19, ""width"": 34.2, ""depth"": 25.47, ""unit"": ""cm""}]",True,All luggage complies with the policy.,,0
First,infant,"[{""storage"": ""checked"", ""weight"": 37.41, ""height"": 36.68, ""width"": 19.75, ""depth"": 35.3, ""unit"": ""cm""}, {""storage"": ""personal"", ""weight"": 10.62, ""height"": 33.34, ""width"": 23.12, ""depth"": 46.26, ""unit"": ""cm""}, {""storage"": ""carry-on"", ""weight"": 7.09, ""height"": 35.4, ""width"": 68.17, ""depth"": 2.35, ""unit"": ""cm""}]",False,"Carry-on: Total weight 17.71kg exceeds 12kg limit, all carry-on items transferred to cargo. Total fees: €75 | Checked: The following items must be shipped as cargo: Bag 1: weight 37.41kg exceeds 32kg limit. Total fees: €75 (cargo shipping costs not included - please contact cargo department). Consider splitting items or reducing weight/size to avoid cargo shipping.","[{""storage"": ""carry-on"", ""weight"": 7.09, ""height"": 35.4, ""width"": 68.17, ""depth"": 2.35, ""unit"": ""cm""}, {""storage"": ""personal"", ""weight"": 10.62, ""height"": 33.34, ""width"": 23.12, ""depth"": 46.26, ""unit"": ""cm""}, {""storage"": ""checked"", ""weight"": 37.41, ""height"": 36.68, ""width"": 19.75, ""depth"": 35.3, ""unit"": ""cm""}]",150
Economy,infant,"[{""storage"": ""carry-on"", ""weight"": 0.41, ""height"": 19.28, ""width"": 31.51, ""depth"": 8.05, ""unit"": ""cm""}, {""storage"": ""personal"", ""weight"": 5.66, ""height"": 25.28, ""width"": 7.68, ""depth"": 15.16, ""unit"": ""cm""}, {""storage"": ""checked"", ""weight"": 7.55, ""height"": 57.3, ""width"": 22.28, ""depth"": 47.1, ""unit"": ""cm""}]",True,All luggage complies with the policy.,,0
Economy,child,"[{""storage"": ""carry-on"", ""weight"": 2.73, ""height"": 30.74, ""width"": 0.85, ""depth"": 19.46, ""unit"": ""cm""}, {""storage"": ""personal"", ""weight"": 3.82, ""height"": 2.33, ""width"": 13.43, ""depth"": 1.79, ""unit"": ""cm""}]",True,All luggage complies with the policy.,,0
Business,adult,"[{""storage"": ""personal"", ""weight"": 4.55, ""height"": 36.87, ""width"": 5.52, ""depth"": 3.44, ""unit"": ""cm""}, {""storage"": ""checked"", ""weight"": 13.81, ""height"": 33.89, ""width"": 20.97, ""depth"": 22.91, ""unit"": ""cm""}]",True,All luggage complies with the policy.,,0
First,child,"[{""storage"": ""checked"", ""weight"": 21.61, ""height"": 77.98, ""width"": 37.16, ""depth"": 21.75, ""unit"": ""cm""}]",True,All luggage complies with the policy.,,0
Business,adult,"[{""storage"": ""carry-on"", ""weight"": 2.55, ""height"": 31.64, ""width"": 10.42, ""depth"": 19.55, ""unit"": ""cm""}, {""storage"": ""personal"", ""weight"": 8.41, ""height"": 37.62, ""width"": 19.51, ""depth"": 17.31, ""unit"": ""cm""}]",True,All luggage complies with the policy.,,0
Economy,infant,"[{""storage"": ""carry-on"", ""weight"": 1.09, ""height"": 41.11, ""width"": 12.84, ""depth"": 13.81, ""unit"": ""cm""}, {""storage"": ""personal"", ""weight"": 0.33, ""height"": 35.9, ""width"": 0.2, ""depth"": 3.29, ""unit"": ""cm""}, {""storage"": ""checked"", ""weight"": 11.65, ""height"": 27.37, ""width"": 43.05, ""depth"": 25.67, ""unit"": ""cm""}]",True,All luggage complies with the policy.,,0
First,infant,"[{""storage"": ""carry-on"", ""weight"": 11.4, ""height"": 24.55, ""width"": 20.11, ""depth"": 14.38, ""unit"": ""cm""}, {""storage"": ""personal"", ""weight"": 0.54, ""height"": 36.0, ""width"": 23.06, ""depth"": 2.31, ""unit"": ""cm""}]",True,All luggage complies with the policy.,,0
Economy,child,"[{""storage"": ""personal"", ""weight"": 0.86, ""height"": 14.64, ""width"": 29.27, ""depth"": 17.12, ""unit"": ""cm""}]",True,All luggage complies with the policy.,,0
Business,infant,"[{""storage"": ""carry-on"", ""weight"": 10.86, ""height"": 8.72, ""width"": 25.68, ""depth"": 3.67, ""unit"": ""cm""}, {""storage"": ""personal"", ""weight"": 1.42, ""height"": 51.57, ""width"": 41.76, ""depth"": 3.76, ""unit"": ""cm""}, {""storage"": ""checked"", ""weight"": 40.08, ""height"": 81.42, ""width"": 53.38, ""depth"": 19.57, ""unit"": ""cm""}]",False,"Carry-on: Total weight 12.28kg exceeds 12kg limit, all carry-on items transferred to cargo. Total fees: €75 | Checked: The following items must be shipped as cargo: Bag 1: weight 40.08kg exceeds 32kg limit. Total fees: €75 (cargo shipping costs not included - please contact cargo department). Consider splitting items or reducing weight/size to avoid cargo shipping.","[{""storage"": ""carry-on"", ""weight"": 10.86, ""height"": 8.72, ""width"": 25.68, ""depth"": 3.67, ""unit"": ""cm""}, {""storage"": ""personal"", ""weight"": 1.42, ""height"": 51.57, ""width"": 41.76, ""depth"": 3.76, ""unit"": ""cm""}, {""storage"": ""checked"", ""weight"": 40.08, ""height"": 81.42, ""width"": 53.38, ""depth"": 19.57, ""unit"": ""cm""}]",150
Economy,child,"[{""storage"": ""personal"", ""weight"": 6.35, ""height"": 93.75, ""width"": 44.81, ""depth"": 45.97, ""unit"": ""cm""}, {""storage"": ""personal"", ""weight"": 6.32, ""height"": 44.43, ""width"": 12.32, ""depth"": 48.37, ""unit"": ""cm""}, {""storage"": ""checked"", ""weight"": 13.42, ""height"": 97.08, ""width"": 65.06, ""depth"": 1.65, ""unit"": ""cm""}, {""storage"": ""checked"", ""weight"": 15.28, ""height"": 25.13, ""width"": 71.86, ""depth"": 44.3, ""unit"": ""cm""}, {""storage"": ""personal"", ""weight"": 1.8, ""height"": 76.26, ""width"": 43.67, ""depth"": 45.66, ""unit"": ""cm""}]",False,"Carry-on: 2 bag(s) exceed quantity allowance, transferred to cargo. Total fees: €300 | Checked: Checked luggage complies with the policy.","[{""storage"": ""personal"", ""weight"": 6.32, ""height"": 44.43, ""width"": 12.32, ""depth"": 48.37, ""unit"": ""cm""}, {""storage"": ""personal"", ""weight"": 1.8, ""height"": 76.26, ""width"": 43.67, ""depth"": 45.66, ""unit"": ""cm""}]",550
Economy,adult,"[{""storage"": ""carry-on"", ""weight"": 0.69, ""height"": 47.72, ""width"": 13.6, ""depth"": 12.61, ""unit"": ""cm""}, {""storage"": ""personal"", ""weight"": 1.47, ""height"": 1.12, ""width"": 17.91, ""depth"": 5.63, ""unit"": ""cm""}]",True,All luggage complies with the policy.,,0
Business,child,"[{""storage"": ""carry-on"", ""weight"": 6.72, ""height"": 16.9, ""width"": 32.78, ""depth"": 10.16, ""unit"": ""cm""}, {""storage"": ""personal"", ""weight"": 1.41, ""height"": 5.7, ""width"": 16.94, ""depth"": 6.9, ""unit"": ""cm""}, {""storage"": ""checked"", ""weight"": 11.35, ""height"": 37.11, ""width"": 38.35, ""depth"": 38.46, ""unit"": ""cm""}]",True,All luggage complies with the policy.,,0
First,adult,"[{""storage"": ""carry-on"", ""weight"": 2.08, ""height"": 18.6, ""width"": 19.21, ""depth"": 8.92, ""unit"": ""cm""}, {""storage"": ""personal"", ""weight"": 7.83, ""height"": 17.45, ""width"": 22.48, ""depth"": 5.95, ""unit"": ""cm""}, {""storage"": ""checked"", ""weight"": 15.38, ""height"": 40.83, ""width"": 27.71, ""depth"": 47.4, ""unit"": ""cm""}]",True,All luggage complies with the policy.,,0
Economy,infant,"[{""storage"": ""personal"", ""weight"": 1.65, ""height"": 17.12, ""width"": 16.15, ""depth"": 10.16, ""unit"": ""cm""}]",True,All luggage complies with the policy.,,0
First,adult,"[{""storage"": ""carry-on"", ""weight"": 11.54, ""height"": 54.84, ""width"": 36.26, ""depth"": 1.17, ""unit"": ""cm""}, {""storage"": ""personal"", ""weight"": 0.03, ""height"": 9.87, ""width"": 9.56, ""depth"": 6.26, ""unit"": ""cm""}, {""storage"": ""checked"", ""weight"": 6.92, ""height"": 59.16, ""width"": 29.49, ""depth"": 47.16, ""unit"": ""cm""}, {""storage"": ""checked"", ""weight"": 6.82, ""height"": 37.5, ""width"": 59.63, ""depth"": 28.26, ""unit"": ""cm""}, {""storage"": ""checked"", ""weight"": 31.21, ""height"": 38.62, ""width"": 54.18, ""depth"": 35.62, ""unit"": ""cm""}]",True,All luggage complies with the policy.,,0
Economy,child,"[{""storage"": ""personal"", ""weight"": 0.54, ""height"": 20.33, ""width"": 28.2, ""depth"": 9.56, ""unit"": ""cm""}, {""storage"": ""checked"", ""weight"": 2.06, ""height"": 31.57, ""width"": 48.85, ""depth"": 45.77, ""unit"": ""cm""}]",True,All luggage complies with the policy.,,0
Business,infant,"[{""storage"": ""carry-on"", ""weight"": 1.62, ""height"": 0.44, ""width"": 1.03, ""depth"": 15.01, ""unit"": ""cm""}, {""storage"": ""carry-on"", ""weight"": 4.69, ""height"": 43.73, ""width"": 20.06, ""depth"": 8.51, ""unit"": ""cm""}, {""storage"": ""personal"", ""weight"": 3.0, ""height"": 30.22, ""width"": 1.35, ""depth"": 14.87, ""unit"": ""cm""}, {""storage"": ""checked"", ""weight"": 26.55, ""height"": 26.82, ""width"": 36.9, ""depth"": 28.23, ""unit"": ""cm""}]",True,All luggage complies with the policy.,,0
First,adult,"[{""storage"": ""checked"", ""weight"": 44.34, ""height"": 11.31, ""width"": 8.86, ""depth"": 28.84, ""unit"": ""cm""}]",False,Checked: The following items must be shipped as cargo: Bag 1: weight 44.34kg exceeds 32kg limit. Total fees: €75 (cargo shipping costs not included - please contact cargo department). Consider splitting items or reducing weight/size to avoid cargo shipping.,"[{""storage"": ""checked"", ""weight"": 44.34, ""height"": 11.31, ""width"": 8.86, ""depth"": 28.84, ""unit"": ""cm""}]",75
First,child,"[{""storage"": ""carry-on"", ""weight"": 11.31, ""height"": 24.78, ""width"": 11.92, ""depth"": 21.62, ""unit"": ""cm""}, {""storage"": ""carry-on"", ""weight"": 13.4, ""height"": 63.7, ""width"": 13.7, ""depth"": 27.66, ""unit"": ""cm""}, {""storage"": ""checked"", ""weight"": 27.81, ""height"": 45.12, ""width"": 61.72, ""depth"": 24.91, ""unit"": ""cm""}, {""storage"": ""checked"", ""weight"": 14.86, ""height"": 5.34, ""width"": 5.37, ""depth"": 31.75, ""unit"": ""cm""}, {""storage"": ""personal"", ""weight"": 5.22, ""height"": 1.37, ""width"": 72.84, ""depth"": 41.04, ""unit"": ""cm""}]",False,"Carry-on: Total weight 29.93kg exceeds 12kg limit, all carry-on items transferred to cargo. Total fees: €75","[{""storage"": ""carry-on"", ""weight"": 11.31, ""height"": 24.78, ""width"": 11.92, ""depth"": 21.62, ""unit"": ""cm""}, {""storage"": ""carry-on"", ""weight"": 13.4, ""height"": 63.7, ""width"": 13.7, ""depth"": 27.66, ""unit"": ""cm""}, {""storage"": ""personal"", ""weight"": 5.22, ""height"": 1.37, ""width"": 72.84, ""depth"": 41.04, ""unit"": ""cm""}]",75
First,infant,"[{""storage"": ""checked"", ""weight"": 21.14, ""height"": 13.6, ""width"": 47.43, ""depth"": 45.49, ""unit"": ""cm""}, {""storage"": ""carry-on"", ""weight"": 4.03, ""height"": 97.91, ""width"": 38.93, ""depth"": 18.93, ""unit"": ""cm""}, {""storage"": ""personal"", ""weight"": 1.13, ""height"": 32.15, ""width"": 4.03, ""depth"": 26.67, ""unit"": ""cm""}]",False,"Carry-on: 1 bag(s) exceed size limits, transferred to cargo. Total fees: €100","[{""storage"": ""carry-on"", ""weight"": 4.03, ""height"": 97.91, ""width"": 38.93, ""depth"": 18.93, ""unit"": ""cm""}]",100
Business,infant,"[{""storage"": ""carry-on"", ""weight"": 4.95, ""height"": 46.29, ""width"": 39.61, ""depth"": 5.95, ""unit"": ""cm""}, {""storage"": ""personal"", ""weight"": 6.29, ""height"": 1.31, ""width"": 10.37, ""depth"": 1.19, ""unit"": ""cm""}, {""storage"": ""checked"", ""weight"": 29.07, ""height"": 43.16, ""width"": 48.27, ""depth"": 23.45, ""unit"": ""cm""}, {""storage"": ""checked"", ""weight"": 14.52, ""height"": 27.39, ""width"": 41.16, ""depth"": 23.03, ""unit"": ""cm""}]",True,All luggage complies with the policy.,,0
Economy,adult,"[{""storage"": ""personal"", ""weight"": 1.59, ""height"": 19.39, ""width"": 22.44, ""depth"": 12.7, ""unit"": ""cm""}, {""storage"": ""checked"", ""weight"": 20.63, ""height"": 54.06, ""width"": 39.28, ""depth"": 29.46, ""unit"": ""cm""}]",True,All luggage complies with the policy.,,0
First,infant,"[{""storage"": ""personal"", ""weight"": 2.29, ""height"": 80.84, ""width"": 35.13, ""depth"": 15.77, ""unit"": ""cm""}]",True,All luggage complies with the policy.,,0
Economy,adult,"[{""storage"": ""personal"", ""weight"": 12.73, ""height"": 56.74, ""width"": 77.21, ""depth"": 3.85, ""unit"": ""cm""}, {""storage"": ""personal"", ""weight"": 0.94, ""height"": 43.46, ""width"": 64.26, ""depth"": 28.63, ""unit"": ""cm""}]",False,"Carry-on: Total weight 13.67kg exceeds 7kg limit, all carry-on items transferred to cargo. Total fees: €75","[{""storage"": ""personal"", ""weight"": 12.73, ""height"": 56.74, ""width"": 77.21, ""depth"": 3.85, ""unit"": ""cm""}, {""storage"": ""personal"", ""weight"": 0.94, ""height"": 43.46, ""width"": 64.26, ""depth"": 28.63, ""unit"": ""cm""}]",75
First,adult,"[{""storage"": ""personal"", ""weight"": 9.39, ""height"": 5.33, ""width"": 55.66, ""depth"": 18.81, ""unit"": ""cm""}, {""storage"": ""personal"", ""weight"": 9.42, ""height"": 35.18, ""width"": 39.96, ""depth"": 16.39, ""unit"": ""cm""}, {""storage"": ""personal"", ""weight"": 5.98, ""height"": 69.0, ""width"": 77.05, ""depth"": 46.43, ""unit"": ""cm""}, {""storage"": ""personal"", ""weight"": 4.74, ""height"": 6.2, ""width"": 40.27, ""depth"": 44.52, ""unit"": ""cm""}]",False,"Carry-on: 3 bag(s) exceed quantity allowance, transferred to cargo. Total fees: €450","[{""storage"": ""personal"", ""weight"": 9.42, ""height"": 35.18, ""width"": 39.96, ""depth"": 16.39, ""unit"": ""cm""}, {""storage"": ""personal"", ""weight"": 5.98, ""height"": 69.0, ""width"": 77.05, ""depth"": 46.43, ""unit"": ""cm""}, {""storage"": ""personal"", ""weight"": 4.74, ""height"": 6.2, ""width"": 40.27, ""depth"": 44.52, ""unit"": ""cm""}]",450
Business,child,"[{""storage"": ""personal"", ""weight"": 3.05, ""height"": 17.7, ""width"": 4.8, ""depth"": 19.84, ""unit"": ""cm""}, {""storage"": ""checked"", ""weight"": 0.37, ""height"": 27.16, ""width"": 50.08, ""depth"": 25.79, ""unit"": ""cm""}]",True,All luggage complies with the policy.,,0
First,infant,"[{""storage"": ""carry-on"", ""weight"": 12.7, ""height"": 50.06, ""width"": 39.01, ""depth"": 27.97, ""unit"": ""cm""}, {""storage"": ""personal"", ""weight"": 1.94, ""height"": 72.74, ""width"": 8.71, ""depth"": 44.88, ""unit"": ""cm""}, {""storage"": ""personal"", ""weight"": 2.92, ""height"": 72.15, ""width"": 14.11, ""depth"": 29.05, ""unit"": ""cm""}, {""storage"": ""personal"", ""weight"": 3.68, ""height"": 87.13, ""width"": 0.12, ""depth"": 25.92, ""unit"": ""cm""}]",False,"Carry-on: 2 bag(s) exceed quantity allowance, transferred to cargo; Total weight 14.639999999999999kg exceeds 12kg limit, all carry-on items transferred to cargo. Total fees: €375","[{""storage"": ""personal"", ""weight"": 2.92, ""height"": 72.15, ""width"": 14.11, ""depth"": 29.05, ""unit"": ""cm""}, {""storage"": ""personal"", ""weight"": 3.68, ""height"": 87.13, ""width"": 0.12, ""depth"": 25.92, ""unit"": ""cm""}, {""storage"": ""carry-on"", ""weight"": 12.7, ""height"": 50.06, ""width"": 39.01, ""depth"": 27.97, ""unit"": ""cm""}, {""storage"": ""personal"", ""weight"": 1.94, ""height"": 72.74, ""width"": 8.71, ""depth"": 44.88, ""unit"": ""cm""}]",375
Business,adult,"[{""storage"": ""personal"", ""weight"": 7.5, ""height"": 18.11, ""width"": 23.83, ""depth"": 13.03, ""unit"": ""cm""}, {""storage"": ""checked"", ""weight"": 11.93, ""height"": 45.11, ""width"": 55.79, ""depth"": 35.61, ""unit"": ""cm""}, {""storage"": ""checked"", ""weight"": 28.48, ""height"": 37.13, ""width"": 23.37, ""depth"": 29.03, ""unit"": ""cm""}]",True,All luggage complies with the policy.,,0
Economy,infant,"[{""storage"": ""carry-on"", ""weight"": 1.5, ""height"": 29.83, ""width"": 20.99, ""depth"": 21.95, ""unit"": ""cm""}, {""storage"": ""personal"", ""weight"": 4.31, ""height"": 20.29, ""width"": 9.78, ""depth"": 13.14, ""unit"": ""cm""}]",True,All luggage complies with the policy.,,0
Economy,child,"[{""storage"": ""personal"", ""weight"": 2.27, ""height"": 5.91, ""width"": 15.01, ""depth"": 4.81, ""unit"": ""cm""}, {""storage"": ""checked"", ""weight"": 9.22, ""height"": 34.93, ""width"": 56.52, ""depth"": 21.68, ""unit"": ""cm""}]",True,All luggage complies with the policy.,,0
Economy,child,"[{""storage"": ""personal"", ""weight"": 1.92, ""height"": 8.77, ""width"": 16.87, ""depth"": 10.26, ""unit"": ""cm""}]",True,All luggage complies with the policy.,,0
Business,infant,"[{""storage"": ""checked"", ""weight"": 24.56, ""height"": 83.85, ""width"": 48.21, ""depth"": 35.14, ""unit"": ""cm""}, {""storage"": ""personal"", ""weight"": 11.54, ""height"": 86.5, ""width"": 12.76, ""depth"": 8.14, ""unit"": ""cm""}, {""storage"": ""personal"", ""weight"": 7.39, ""height"": 36.84, ""width"": 49.98, ""depth"": 7.14, ""unit"": ""cm""}]",False,"Carry-on: Total weight 18.93kg exceeds 12kg limit, all carry-on items transferred to cargo. Total fees: €75 | Checked: Checked luggage complies with the policy.","[{""storage"": ""personal"", ""weight"": 11.54, ""height"": 86.5, ""width"": 12.76, ""depth"": 8.14, ""unit"": ""cm""}, {""storage"": ""personal"", ""weight"": 7.39, ""height"": 36.84, ""width"": 49.98, ""depth"": 7.14, ""unit"": ""cm""}]",175
Economy,child,"[{""storage"": ""carry-on"", ""weight"": 11.26, ""height"": 0.01, ""width"": 77.03, ""depth"": 38.42, ""unit"": ""cm""}, {""storage"": ""carry-on"", ""weight"": 3.54, ""height"": 84.74, ""width"": 30.68, ""depth"": 48.69, ""unit"": ""cm""}, {""storage"": ""personal"", ""weight"": 3.35, ""height"": 78.98, ""width"": 58.64, ""depth"": 31.7, ""unit"": ""cm""}, {""storage"": ""checked"", ""weight"": 6.75, ""height"": 52.16, ""width"": 60.23, ""depth"": 23.81, ""unit"": ""cm""}]",False,"Carry-on: 1 bag(s) exceed quantity allowance, transferred to cargo; Total weight 14.61kg exceeds 7kg limit, all carry-on items transferred to cargo. Total fees: €225","[{""storage"": ""carry-on"", ""weight"": 3.54, ""height"": 84.74, ""width"": 30.68, ""depth"": 48.69, ""unit"": ""cm""}, {""storage"": ""carry-on"", ""weight"": 11.26, ""height"": 0.01, ""width"": 77.03, ""depth"": 38.42, ""unit"": ""cm""}, {""storage"": ""personal"", ""weight"": 3.35, ""height"": 78.98, ""width"": 58.64, ""depth"": 31.7, ""unit"": ""cm""}]",225
Business,child,"[{""storage"": ""carry-on"", ""weight"": 9.71, ""height"": 24.88, ""width"": 9.17, ""depth"": 9.48, ""unit"": ""cm""}, {""storage"": ""personal"", ""weight"": 1.65, ""height"": 30.66, ""width"": 26.29, ""depth"": 15.82, ""unit"": ""cm""}]",True,All luggage complies with the policy.,,0
Economy,infant,"[{""storage"": ""carry-on"", ""weight"": 13.11, ""height"": 89.8, ""width"": 61.35, ""depth"": 31.82, ""unit"": ""cm""}]",False,"Carry-on: Total weight 13.11kg exceeds 7kg limit, all carry-on items transferred to cargo. Total fees: €75","[{""storage"": ""carry-on"", ""weight"": 13.11, ""height"": 89.8, ""width"": 61.35, ""depth"": 31.82, ""unit"": ""cm""}]",75
Business,infant,"[{""storage"": ""personal"", ""weight"": 6.89, ""height"": 3.53, ""width"": 19.59, ""depth"": 10.73, ""unit"": ""cm""}, {""storage"": ""checked"", ""weight"": 4.94, ""height"": 20.33, ""width"": 35.8, ""depth"": 49.28, ""unit"": ""cm""}]",True,All luggage complies with the policy.,,0
Business,child,"[{""storage"": ""carry-on"", ""weight"": 11.24, ""height"": 2.79, ""width"": 28.77, ""depth"": 4.16, ""unit"": ""cm""}, {""storage"": ""personal"", ""weight"": 0.05, ""height"": 36.17, ""width"": 10.2, ""depth"": 18.55, ""unit"": ""cm""}, {""storage"": ""checked"", ""weight"": 17.82, ""height"": 31.2, ""width"": 58.42, ""depth"": 44.12, ""unit"": ""cm""}]",True,All luggage complies with the policy.,,0
First,child,"[{""storage"": ""personal"", ""weight"": 2.51, ""height"": 10.73, ""width"": 4.49, ""depth"": 6.17, ""unit"": ""cm""}, {""storage"": ""checked"", ""weight"": 28.06, ""height"": 39.96, ""width"": 56.6, ""depth"": 47.66, ""unit"": ""cm""}, {""storage"": ""checked"", ""weight"": 24.99, ""height"": 60.13, ""width"": 34.76, ""depth"": 42.56, ""unit"": ""cm""}]",True,All luggage complies with the policy.,,0
Economy,adult,"[{""storage"": ""checked"", ""weight"": 32.21, ""height"": 57.4, ""width"": 7.61, ""depth"": 20.54, ""unit"": ""cm""}, {""storage"": ""carry-on"", ""weight"": 14.27, ""height"": 19.36, ""width"": 3.43, ""depth"": 7.89, ""unit"": ""cm""}, {""storage"": ""checked"", ""weight"": 25.23, ""height"": 1.86, ""width"": 56.36, ""depth"": 29.81, ""unit"": ""cm""}]",False,"Carry-on: Total weight 14.27kg exceeds 7kg limit, all carry-on items transferred to cargo. Total fees: €75 | Checked: The following items must be shipped as cargo: Bag 1: weight 32.21kg exceeds 32kg limit. Total fees: €300 (cargo shipping costs not included - please contact cargo department). Consider splitting items or reducing weight/size to avoid cargo shipping.","[{""storage"": ""carry-on"", ""weight"": 14.27, ""height"": 19.36, ""width"": 3.43, ""depth"": 7.89, ""unit"": ""cm""}, {""storage"": ""checked"", ""weight"": 32.21, ""height"": 57.4, ""width"": 7.61, ""depth"": 20.54, ""unit"": ""cm""}]",375
First,infant,"[{""storage"": ""carry-on"", ""weight"": 3.83, ""height"": 42.0, ""width"": 9.17, ""depth"": 10.57, ""unit"": ""cm""}, {""storage"": ""carry-on"", ""weight"": 5.46, ""height"": 9.31, ""width"": 30.79, ""depth"": 15.83, ""unit"": ""cm""}, {""storage"": ""personal"", ""weight"": 0.53, ""height"": 32.75, ""width"": 15.98, ""depth"": 10.21, ""unit"": ""cm""}, {""storage"": ""checked"", ""weight"": 29.72, ""height"": 58.25, ""width"": 27.77, ""depth"": 40.95, ""unit"": ""cm""}, {""storage"": ""checked"", ""weight"": 2.66, ""height"": 37.19, ""width"": 23.98, ""depth"": 31.07, ""unit"": ""cm""}, {""storage"": ""checked"", ""weight"": 17.54, ""height"": 23.39, ""width"": 22.58, ""depth"": 44.06, ""unit"": ""cm""}]",True,All luggage complies with the policy.,,0
First,infant,"[{""storage"": ""carry-on"", ""weight"": 3.73, ""height"": 42.14, ""width"": 20.49, ""depth"": 42.79, ""unit"": ""cm""}, {""storage"": ""carry-on"", ""weight"": 14.31, ""height"": 66.1, ""width"": 43.64, ""depth"": 26.46, ""unit"": ""cm""}]",False,"Carry-on: Total weight 18.04kg exceeds 12kg limit, all carry-on items transferred to cargo. Total fees: €75","[{""storage"": ""carry-on"", ""weight"": 3.73, ""height"": 42.14, ""width"": 20.49, ""depth"": 42.79, ""unit"": ""cm""}, {""storage"": ""carry-on"", ""weight"": 14.31, ""height"": 66.1, ""width"": 43.64, ""depth"": 26.46, ""unit"": ""cm""}]",75
Business,child,"[{""storage"": ""personal"", ""weight"": 1.58, ""height"": 3.78, ""width"": 22.95, ""depth"": 2.39, ""unit"": ""cm""}, {""storage"": ""checked"", ""weight"": 24.15, ""height"": 53.79, ""width"": 39.05, ""depth"": 42.23, ""unit"": ""cm""}]",True,All luggage complies with the policy.,,0
Business,infant,"[{""storage"": ""carry-on"", ""weight"": 3.94, ""height"": 11.91, ""width"": 14.75, ""depth"": 16.7, ""unit"": ""cm""}, {""storage"": ""carry-on"", ""weight"": 4.43, ""height"": 37.18, ""width"": 25.4, ""depth"": 20.71, ""unit"": ""cm""}, {""storage"": ""personal"", ""weight"": 0.43, ""height"": 8.78, ""width"": 18.21, ""depth"": 18.67, ""unit"": ""cm""}, {""storage"": ""checked"", ""weight"": 11.82, ""height"": 30.31, ""width"": 30.8, ""depth"": 39.12, ""unit"": ""cm""}, {""storage"": ""checked"", ""weight"": 15.82, ""height"": 47.25, ""width"": 59.72, ""depth"": 22.76, ""unit"": ""cm""}]",True,All luggage complies with the policy.,,0
Economy,adult,"[{""storage"": ""personal"", ""weight"": 10.42, ""height"": 77.95, ""width"": 33.65, ""depth"": 13.56, ""unit"": ""cm""}, {""storage"": ""personal"", ""weight"": 13.63, ""height"": 11.71, ""width"": 21.96, ""depth"": 8.74, ""unit"": ""cm""}]",False,"Carry-on: Total weight 24.05kg exceeds 7kg limit, all carry-on items transferred to cargo. Total fees: €75","[{""storage"": ""personal"", ""weight"": 10.42, ""height"": 77.95, ""width"": 33.65, ""depth"": 13.56, ""unit"": ""cm""}, {""storage"": ""personal"", ""weight"": 13.63, ""height"": 11.71, ""width"": 21.96, ""depth"": 8.74, ""unit"": ""cm""}]",75
Business,child,"[{""storage"": ""personal"", ""weight"": 8.43, ""height"": 35.73, ""width"": 11.55, ""depth"": 8.47, ""unit"": ""cm""}]",True,All luggage complies with the policy.,,0
First,adult,"[{""storage"": ""checked"", ""weight"": 21.76, ""height"": 38.46, ""width"": 3.78, ""depth"": 43.85, ""unit"": ""cm""}, {""storage"": ""checked"", ""weight"": 31.21, ""height"": 83.68, ""width"": 58.12, ""depth"": 12.56, ""unit"": ""cm""}]",True,All luggage complies with the policy.,,0
Business,child,"[{""storage"": ""checked"", ""weight"": 20.02, ""height"": 17.19, ""width"": 20.69, ""depth"": 2.9, ""unit"": ""cm""}]",True,All luggage complies with the policy.,,0
Business,infant,"[{""storage"": ""checked"", ""weight"": 32.39, ""height"": 55.54, ""width"": 79.08, ""depth"": 6.62, ""unit"": ""cm""}, {""storage"": ""carry-on"", ""weight"": 0.82, ""height"": 90.42, ""width"": 15.09, ""depth"": 6.9, ""unit"": ""cm""}, {""storage"": ""personal"", ""weight"": 2.45, ""height"": 77.95, ""width"": 64.57, ""depth"": 15.93, ""unit"": ""cm""}, {""storage"": ""checked"", ""weight"": 2.1, ""height"": 20.5, ""width"": 19.37, ""depth"": 8.76, ""unit"": ""cm""}, {""storage"": ""checked"", ""weight"": 26.71, ""height"": 8.7, ""width"": 45.76, ""depth"": 48.81, ""unit"": ""cm""}]",False,"Carry-on: 1 bag(s) exceed size limits, transferred to cargo. Total fees: €100 | Checked: The following items must be shipped as cargo: Bag 1: weight 32.39kg exceeds 32kg limit. Total fees: €225 (cargo shipping costs not included - please contact cargo department). Consider splitting items or reducing weight/size to avoid cargo shipping.","[{""storage"": ""carry-on"", ""weight"": 0.82, ""height"": 90.42, ""width"": 15.09, ""depth"": 6.9, ""unit"": ""cm""}, {""storage"": ""checked"", ""weight"": 32.39, ""height"": 55.54, ""width"": 79.08, ""depth"": 6.62, ""unit"": ""cm""}]",325
Economy,child,"[{""storage"": ""personal"", ""weight"": 5.53, ""height"": 31.04, ""width"": 8.18, ""depth"": 1.86, ""unit"": ""cm""}, {""storage"": ""checked"", ""weight"": 0.81, ""height"": 61.97, ""width"": 42.82, ""depth"": 23.87, ""unit"": ""cm""}]",True,All luggage complies with the policy.,,0
Business,infant,"[{""storage"": ""carry-on"", ""weight"": 8.01, ""height"": 3.75, ""width"": 20.92, ""depth"": 14.12, ""unit"": ""cm""}, {""storage"": ""personal"", ""weight"": 2.37, ""height"": 33.28, ""width"": 9.27, ""depth"": 5.0, ""unit"": ""cm""}, {""storage"": ""checked"", ""weight"": 6.76, ""height"": 41.82, ""width"": 24.96, ""depth"": 21.76, ""unit"": ""cm""}, {""storage"": ""checked"", ""weight"": 14.87, ""height"": 41.91, ""width"": 44.65, ""depth"": 43.0, ""unit"": ""cm""}]",True,All luggage complies with the policy.,,0
Economy,infant,"[{""storage"": ""personal"", ""weight"": 1.59, ""height"": 24.21, ""width"": 29.36, ""depth"": 11.71, ""unit"": ""cm""}]",True,All luggage complies with the policy.,,0
First,adult,"[{""storage"": ""personal"", ""weight"": 13.71, ""height"": 6.89, ""width"": 72.17, ""depth"": 27.64, ""unit"": ""cm""}, {""storage"": ""carry-on"", ""weight"": 11.74, ""height"": 43.76, ""width"": 20.5, ""depth"": 36.52, ""unit"": ""cm""}, {""storage"": ""checked"", ""weight"": 31.44, ""height"": 79.12, ""width"": 48.66, ""depth"": 9.41, ""unit"": ""cm""}]",False,"Carry-on: Total weight 25.450000000000003kg exceeds 12kg limit, all carry-on items transferred to cargo. Total fees: €75","[{""storage"": ""carry-on"", ""weight"": 11.74, ""height"": 43.76, ""width"": 20.5, ""depth"": 36.52, ""unit"": ""cm""}, {""storage"": ""personal"", ""weight"": 13.71, ""height"": 6.89, ""width"": 72.17, ""depth"": 27.64, ""unit"": ""cm""}]",75
Business,adult,"[{""storage"": ""carry-on"", ""weight"": 1.14, ""height"": 51.51, ""width"": 24.13, ""depth"": 16.84, ""unit"": ""cm""}, {""storage"": ""personal"", ""weight"": 5.33, ""height"": 30.21, ""width"": 21.73, ""depth"": 15.88, ""unit"": ""cm""}]",True,All luggage complies with the policy.,,0
First,infant,"[{""storage"": ""carry-on"", ""weight"": 5.23, ""height"": 32.5, ""width"": 20.44, ""depth"": 3.13, ""unit"": ""cm""}, {""storage"": ""carry-on"", ""weight"": 2.36, ""height"": 29.53, ""width"": 16.4, ""depth"": 7.72, ""unit"": ""cm""}, {""storage"": ""personal"", ""weight"": 1.44, ""height"": 1.56, ""width"": 4.56, ""depth"": 18.81, ""unit"": ""cm""}, {""storage"": ""checked"", ""weight"": 9.27, ""height"": 63.02, ""width"": 29.82, ""depth"": 41.23, ""unit"": ""cm""}, {""storage"": ""checked"", ""weight"": 2.28, ""height"": 24.93, ""width"": 48.99, ""depth"": 24.14, ""unit"": ""cm""}]",True,All luggage complies with the policy.,,0
First,child,"[{""storage"": ""personal"", ""weight"": 4.71, ""height"": 4.71, ""width"": 12.57, ""depth"": 5.58, ""unit"": ""cm""}, {""storage"": ""checked"", ""weight"": 13.11, ""height"": 38.76, ""width"": 23.06, ""depth"": 38.08, ""unit"": ""cm""}]",True,All luggage complies with the policy.,,0
Economy,infant,"[{""storage"": ""carry-on"", ""weight"": 5.79, ""height"": 7.26, ""width"": 4.27, ""depth"": 2.91, ""unit"": ""cm""}, {""storage"": ""personal"", ""weight"": 3.86, ""height"": 10.17, ""width"": 30.37, ""depth"": 23.47, ""unit"": ""cm""}, {""storage"": ""checked"", ""weight"": 0.67, ""height"": 12.76, ""width"": 50.17, ""depth"": 44.03, ""unit"": ""cm""}, {""storage"": ""carry-on"", ""weight"": 8.07, ""height"": 34.31, ""width"": 30.18, ""depth"": 19.87, ""unit"": ""cm""}]",False,"Carry-on: 1 bag(s) exceed quantity allowance, transferred to cargo; Total weight 9.65kg exceeds 7kg limit, all carry-on items transferred to cargo. Total fees: €225","[{""storage"": ""carry-on"", ""weight"": 8.07, ""height"": 34.31, ""width"": 30.18, ""depth"": 19.87, ""unit"": ""cm""}, {""storage"": ""carry-on"", ""weight"": 5.79, ""height"": 7.26, ""width"": 4.27, ""depth"": 2.91, ""unit"": ""cm""}, {""storage"": ""personal"", ""weight"": 3.86, ""height"": 10.17, ""width"": 30.37, ""depth"": 23.47, ""unit"": ""cm""}]",225
Economy,child,"[{""storage"": ""carry-on"", ""weight"": 3.7, ""height"": 40.65, ""width"": 10.12, ""depth"": 39.63, ""unit"": ""cm""}]",False,"Carry-on: 1 bag(s) exceed size limits, transferred to cargo. Total fees: €100","[{""storage"": ""carry-on"", ""weight"": 3.7, ""height"": 40.65, ""width"": 10.12, ""depth"": 39.63, ""unit"": ""cm""}]",100
Economy,child,"[{""storage"": ""checked"", ""weight"": 43.08, ""height"": 47.75, ""width"": 47.85, ""depth"": 38.78, ""unit"": ""cm""}, {""storage"": ""personal"", ""weight"": 9.99, ""height"": 17.6, ""width"": 0.59, ""depth"": 27.61, ""unit"": ""cm""}]",False,"Carry-on: Total weight 9.99kg exceeds 7kg limit, all carry-on items transferred to cargo. Total fees: €75 | Checked: The following items must be shipped as cargo: Bag 1: weight 43.08kg exceeds 32kg limit. Total fees: €75 (cargo shipping costs not included - please contact cargo department). Consider splitting items or reducing weight/size to avoid cargo shipping.","[{""storage"": ""personal"", ""weight"": 9.99, ""height"": 17.6, ""width"": 0.59, ""depth"": 27.61, ""unit"": ""cm""}, {""storage"": ""checked"", ""weight"": 43.08, ""height"": 47.75, ""width"": 47.85, ""depth"": 38.78, ""unit"": ""cm""}]",150
Economy,child,"[{""storage"": ""personal"", ""weight"": 0.74, ""height"": 57.41, ""width"": 35.59, ""depth"": 41.79, ""unit"": ""cm""}]",True,All luggage complies with the policy.,,0
Economy,child,"[{""storage"": ""personal"", ""weight"": 5.38, ""height"": 16.0, ""width"": 9.34, ""depth"": 8.82, ""unit"": ""cm""}]",True,All luggage complies with the policy.,,0
Economy,infant,"[{""storage"": ""carry-on"", ""weight"": 0.07, ""height"": 25.11, ""width"": 13.1, ""depth"": 2.41, ""unit"": ""cm""}, {""storage"": ""personal"", ""weight"": 5.37, ""height"": 14.16, ""width"": 4.7, ""depth"": 14.52, ""unit"": ""cm""}]",True,All luggage complies with the policy.,,0
First,child,"[{""storage"": ""carry-on"", ""weight"": 10.04, ""height"": 48.78, ""width"": 21.25, ""depth"": 13.26, ""unit"": ""cm""}, {""storage"": ""personal"", ""weight"": 0.14, ""height"": 19.49, ""width"": 16.86, ""depth"": 14.06, ""unit"": ""cm""}, {""storage"": ""checked"", ""weight"": 20.94, ""height"": 39.77, ""width"": 24.37, ""depth"": 29.17, ""unit"": ""cm""}, {""storage"": ""checked"", ""weight"": 6.12, ""height"": 35.71, ""width"": 24.66, ""depth"": 40.05, ""unit"": ""cm""}]",True,All luggage complies with the policy.,,0
Business,infant,"[{""storage"": ""checked"", ""weight"": 35.06, ""height"": 10.88, ""width"": 57.55, ""depth"": 1.89, ""unit"": ""cm""}, {""storage"": ""checked"", ""weight"": 12.07, ""height"": 73.55, ""width"": 31.65, ""depth"": 31.96, ""unit"": ""cm""}]",False,Checked: The following items must be shipped as cargo: Bag 1: weight 35.06kg exceeds 32kg limit. Total fees: €75 (cargo shipping costs not included - please contact cargo department). Consider splitting items or reducing weight/size to avoid cargo shipping.,"[{""storage"": ""checked"", ""weight"": 35.06, ""height"": 10.88, ""width"": 57.55, ""depth"": 1.89, ""unit"": ""cm""}]",75
Business,child,"[{""storage"": ""carry-on"", ""weight"": 5.2, ""height"": 37.02, ""width"": 11.56, ""depth"": 0.99, ""unit"": ""cm""}, {""storage"": ""carry-on"", ""weight"": 3.8, ""height"": 20.08, ""width"": 10.15, ""depth"": 21.03, ""unit"": ""cm""}, {""storage"": ""personal"", ""weight"": 1.22, ""height"": 39.03, ""width"": 29.62, ""depth"": 11.35, ""unit"": ""cm""}, {""storage"": ""checked"", ""weight"": 5.62, ""height"": 30.01, ""width"": 28.15, ""depth"": 24.94, ""unit"": ""cm""}]",True,All luggage complies with the policy.,,0
Economy,child,"[{""storage"": ""carry-on"", ""weight"": 2.05, ""height"": 21.34, ""width"": 23.7, ""depth"": 5.7, ""unit"": ""cm""}, {""storage"": ""personal"", ""weight"": 2.52, ""height"": 34.08, ""width"": 23.28, ""depth"": 4.84, ""unit"": ""cm""}]",True,All luggage complies with the policy.,,0
First,child,"[{""storage"": ""personal"", ""weight"": 4.65, ""height"": 30.27, ""width"": 12.21, ""depth"": 13.65, ""unit"": ""cm""}, {""storage"": ""checked"", ""weight"": 26.87, ""height"": 29.44, ""width"": 30.77, ""depth"": 35.61, ""unit"": ""cm""}]",True,All luggage complies with the policy.,,0
Economy,child,"[{""storage"": ""personal"", ""weight"": 3.1, ""height"": 48.35, ""width"": 34.1, ""depth"": 10.65, ""unit"": ""cm""}, {""storage"": ""checked"", ""weight"": 35.51, ""height"": 86.66, ""width"": 57.48, ""depth"": 16.97, ""unit"": ""cm""}, {""storage"": ""checked"", ""weight"": 28.87, ""height"": 43.46, ""width"": 23.05, ""depth"": 38.52, ""unit"": ""cm""}, {""storage"": ""personal"", ""weight"": 14.41, ""height"": 24.47, ""width"": 0.86, ""depth"": 27.65, ""unit"": ""cm""}]",False,"Carry-on: Total weight 17.51kg exceeds 7kg limit, all carry-on items transferred to cargo. Total fees: €75 | Checked: The following items must be shipped as cargo: Bag 1: weight 35.51kg exceeds 32kg limit. Total fees: €400 (cargo shipping costs not included - please contact cargo department). Consider splitting items or reducing weight/size to avoid cargo shipping.","[{""storage"": ""personal"", ""weight"": 3.1, ""height"": 48.35, ""width"": 34.1, ""depth"": 10.65, ""unit"": ""cm""}, {""storage"": ""personal"", ""weight"": 14.41, ""height"": 24.47, ""width"": 0.86, ""depth"": 27.65, ""unit"": ""cm""}, {""storage"": ""checked"", ""weight"": 35.51, ""height"": 86.66, ""width"": 57.48, ""depth"": 16.97, ""unit"": ""cm""}]",475
Economy,child,"[{""storage"": ""personal"", ""weight"": 6.41, ""height"": 2.24, ""width"": 9.71, ""depth"": 12.74, ""unit"": ""cm""}, {""storage"": ""checked"", ""weight"": 18.24, ""height"": 46.09, ""width"": 51.76, ""depth"": 44.67, ""unit"": ""cm""}]",True,All luggage complies with the policy.,,0
Economy,adult,"[{""storage"": ""carry-on"", ""weight"": 2.54, ""height"": 44.48, ""width"": 0.31, ""depth"": 3.82, ""unit"": ""cm""}, {""storage"": ""personal"", ""weight"": 3.76, ""height"": 25.59, ""width"": 3.96, ""depth"": 3.51, ""unit"": ""cm""}, {""storage"": ""checked"", ""weight"": 18.81, ""height"": 69.94, ""width"": 56.48, ""depth"": 22.33, ""unit"": ""cm""}]",True,All luggage complies with the policy.,,0
Business,adult,"[{""storage"": ""carry-on"", ""weight"": 4.06, ""height"": 42.63, ""width"": 22.16, ""depth"": 12.49, ""unit"": ""cm""}, {""storage"": ""carry-on"", ""weight"": 0.18, ""height"": 7.49, ""width"": 0.21, ""depth"": 2.71, ""unit"": ""cm""}, {""storage"": ""personal"", ""weight"": 7.69, ""height"": 35.01, ""width"": 20.73, ""depth"": 14.06, ""unit"": ""cm""}]",True,All luggage complies with the policy.,,0
Economy,adult,"[{""storage"": ""personal"", ""weight"": 14.67, ""height"": 17.18, ""width"": 43.68, ""depth"": 7.09, ""unit"": ""cm""}, {""storage"": ""personal"", ""weight"": 12.23, ""height"": 15.96, ""width"": 21.34, ""depth"": 35.36, ""unit"": ""cm""}, {""storage"": ""carry-on"", ""weight"": 3.48, ""height"": 21.53, ""width"": 71.11, ""depth"": 46.76, ""unit"": ""cm""}, {""storage"": ""carry-on"", ""weight"": 14.78, ""height"": 38.5, ""width"": 35.75, ""depth"": 24.34, ""unit"": ""cm""}, {""storage"": ""carry-on"", ""weight"": 6.37, ""height"": 20.36, ""width"": 58.94, ""depth"": 27.88, ""unit"": ""cm""}]",False,"Carry-on: 3 bag(s) exceed quantity allowance, transferred to cargo; Total weight 18.15kg exceeds 7kg limit, all carry-on items transferred to cargo. Total fees: €525","[{""storage"": ""personal"", ""weight"": 12.23, ""height"": 15.96, ""width"": 21.34, ""depth"": 35.36, ""unit"": ""cm""}, {""storage"": ""carry-on"", ""weight"": 14.78, ""height"": 38.5, ""width"": 35.75, ""depth"": 24.34, ""unit"": ""cm""}, {""storage"": ""carry-on"", ""weight"": 6.37, ""height"": 20.36, ""width"": 58.94, ""depth"": 27.88, ""unit"": ""cm""}, {""storage"": ""carry-on"", ""weight"": 3.48, ""height"": 21.53, ""width"": 71.11, ""depth"": 46.76, ""unit"": ""cm""}, {""storage"": ""personal"", ""weight"": 14.67, ""height"": 17.18, ""width"": 43.68, ""depth"": 7.09, ""unit"": ""cm""}]",525
First,infant,"[{""storage"": ""carry-on"", ""weight"": 3.01, ""height"": 26.77, ""width"": 34.16, ""depth"": 42.44, ""unit"": ""cm""}]",False,"Carry-on: 1 bag(s) exceed size limits, transferred to cargo. Total fees: €100","[{""storage"": ""carry-on"", ""weight"": 3.01, ""height"": 26.77, ""width"": 34.16, ""depth"": 42.44, ""unit"": ""cm""}]",100
Business,adult,"[{""storage"": ""carry-on"", ""weight"": 1.51, ""height"": 33.85, ""width"": 25.46, ""depth"": 10.76, ""unit"": ""cm""}, {""storage"": ""carry-on"", ""weight"": 2.75, ""height"": 45.19, ""width"": 9.13, ""depth"": 16.95, ""unit"": ""cm""}, {""storage"": ""personal"", ""weight"": 3.64, ""height"": 22.08, ""width"": 10.86, ""depth"": 8.45, ""unit"": ""cm""}, {""storage"": ""checked"", ""weight"": 25.95, ""height"": 23.19, ""width"": 53.57, ""depth"": 41.74, ""unit"": ""cm""}]",True,All luggage complies with the policy.,,0
First,child,"[{""storage"": ""carry-on"", ""weight"": 8.76, ""height"": 54.79, ""width"": 36.4, ""depth"": 34.43, ""unit"": ""cm""}, {""storage"": ""carry-on"", ""weight"": 4.38, ""height"": 35.14, ""width"": 12.73, ""depth"": 2.32, ""unit"": ""cm""}, {""storage"": ""personal"", ""weight"": 12.49, ""height"": 68.81, ""width"": 24.77, ""depth"": 32.32, ""unit"": ""cm""}]",False,"Carry-on: Total weight 25.630000000000003kg exceeds 12kg limit, all carry-on items transferred to cargo. Total fees: €75","[{""storage"": ""carry-on"", ""weight"": 8.76, ""height"": 54.79, ""width"": 36.4, ""depth"": 34.43, ""unit"": ""cm""}, {""storage"": ""carry-on"", ""weight"": 4.38, ""height"": 35.14, ""width"": 12.73, ""depth"": 2.32, ""unit"": ""cm""}, {""storage"": ""personal"", ""weight"": 12.49, ""height"": 68.81, ""width"": 24.77, ""depth"": 32.32, ""unit"": ""cm""}]",75
First,child,"[{""storage"": ""personal"", ""weight"": 5.71, ""height"": 32.03, ""width"": 78.93, ""depth"": 0.62, ""unit"": ""cm""}]",True,All luggage complies with the policy.,,0
Business,child,"[{""storage"": ""checked"", ""weight"": 7.85, ""height"": 39.81, ""width"": 76.4, ""depth"": 37.19, ""unit"": ""cm""}, {""storage"": ""personal"", ""weight"": 13.07, ""height"": 87.29, ""width"": 52.75, ""depth"": 17.8, ""unit"": ""cm""}, {""storage"": ""checked"", ""weight"": 9.64, ""height"": 14.71, ""width"": 39.3, ""depth"": 21.12, ""unit"": ""cm""}, {""storage"": ""carry-on"", ""weight"": 10.3, ""height"": 90.04, ""width"": 42.17, ""depth"": 33.58, ""unit"": ""cm""}]",False,"Carry-on: Total weight 23.37kg exceeds 12kg limit, all carry-on items transferred to cargo. Total fees: €75","[{""storage"": ""carry-on"", ""weight"": 10.3, ""height"": 90.04, ""width"": 42.17, ""depth"": 33.58, ""unit"": ""cm""}, {""storage"": ""personal"", ""weight"": 13.07, ""height"": 87.29, ""width"": 52.75, ""depth"": 17.8, ""unit"": ""cm""}]",75
Economy,adult,"[{""storage"": ""carry-on"", ""weight"": 0.75, ""height"": 45.07, ""width"": 74.27, ""depth"": 43.22, ""unit"": ""cm""}]",False,"Carry-on: 1 bag(s) exceed size limits, transferred to cargo. Total fees: €100","[{""storage"": ""carry-on"", ""weight"": 0.75, ""height"": 45.07, ""width"": 74.27, ""depth"": 43.22, ""unit"": ""cm""}]",100
Economy,infant,"[{""storage"": ""checked"", ""weight"": 16.18, ""height"": 22.5, ""width"": 15.08, ""depth"": 46.77, ""unit"": ""cm""}, {""storage"": ""checked"", ""weight"": 2.97, ""height"": 84.63, ""width"": 16.91, ""depth"": 5.38, ""unit"": ""cm""}]",False,Checked: Checked luggage complies with the policy.,,150
Economy,adult,"[{""storage"": ""personal"", ""weight"": 8.98, ""height"": 20.7, ""width"": 56.48, ""depth"": 34.39, ""unit"": ""cm""}, {""storage"": ""checked"", ""weight"": 31.85, ""height"": 86.78, ""width"": 38.71, ""depth"": 41.75, ""unit"": ""cm""}, {""storage"": ""checked"", ""weight"": 41.84, ""height"": 95.75, ""width"": 75.99, ""depth"": 20.66, ""unit"": ""cm""}, {""storage"": ""personal"", ""weight"": 6.03, ""height"": 16.87, ""width"": 75.62, ""depth"": 30.95, ""unit"": ""cm""}, {""storage"": ""checked"", ""weight"": 32.16, ""height"": 23.89, ""width"": 28.64, ""depth"": 45.67, ""unit"": ""cm""}]",False,"Carry-on: Total weight 15.010000000000002kg exceeds 7kg limit, all carry-on items transferred to cargo. Total fees: €75 | Checked: The following items must be shipped as cargo: Bag 2: weight 41.84kg exceeds 32kg limit; Bag 3: weight 32.16kg exceeds 32kg limit. Total fees: €725 (cargo shipping costs not included - please contact cargo department). Consider splitting items or reducing weight/size to avoid cargo shipping.","[{""storage"": ""personal"", ""weight"": 8.98, ""height"": 20.7, ""width"": 56.48, ""depth"": 34.39, ""unit"": ""cm""}, {""storage"": ""personal"", ""weight"": 6.03, ""height"": 16.87, ""width"": 75.62, ""depth"": 30.95, ""unit"": ""cm""}, {""storage"": ""checked"", ""weight"": 41.84, ""height"": 95.75, ""width"": 75.99, ""depth"": 20.66, ""unit"": ""cm""}, {""storage"": ""checked"", ""weight"": 32.16, ""height"": 23.89, ""width"": 28.64, ""depth"": 45.67, ""unit"": ""cm""}]",800
Business,child,"[{""storage"": ""personal"", ""weight"": 10.36, ""height"": 36.46, ""width"": 32.56, ""depth"": 27.72, ""unit"": ""cm""}, {""storage"": ""checked"", ""weight"": 13.69, ""height"": 3.21, ""width"": 29.28, ""depth"": 34.03, ""unit"": ""cm""}]",True,All luggage complies with the policy.,,0
Economy,child,"[{""storage"": ""personal"", ""weight"": 3.9, ""height"": 1.93, ""width"": 11.0, ""depth"": 6.28, ""unit"": ""cm""}]",True,All luggage complies with the policy.,,0
First,adult,"[{""storage"": ""carry-on"", ""weight"": 3.86, ""height"": 7.57, ""width"": 29.09, ""depth"": 8.96, ""unit"": ""cm""}, {""storage"": ""carry-on"", ""weight"": 1.73, ""height"": 10.98, ""width"": 14.62, ""depth"": 0.79, ""unit"": ""cm""}, {""storage"": ""personal"", ""weight"": 4.18, ""height"": 30.33, ""width"": 21.25, ""depth"": 3.31, ""unit"": ""cm""}, {""storage"": ""checked"", ""weight"": 28.38, ""height"": 44.87, ""width"": 24.28, ""depth"": 44.5, ""unit"": ""cm""}]",True,All luggage complies with the policy.,,0
Business,infant,"[{""storage"": ""carry-on"", ""weight"": 10.32, ""height"": 15.35, ""width"": 15.34, ""depth"": 11.97, ""unit"": ""cm""}, {""storage"": ""personal"", ""weight"": 0.49, ""height"": 15.11, ""width"": 5.81, ""depth"": 18.39, ""unit"": ""cm""}, {""storage"": ""checked"", ""weight"": 15.55, ""height"": 22.25, ""width"": 57.24, ""depth"": 26.11, ""unit"": ""cm""}, {""storage"": ""checked"", ""weight"": 27.24, ""height"": 25.34, ""width"": 22.98, ""depth"": 43.05, ""unit"": ""cm""}]",True,All luggage complies with the policy.,,0
Business,infant,"[{""storage"": ""carry-on"", ""weight"": 8.36, ""height"": 15.61, ""width"": 1.11, ""depth"": 22.73, ""unit"": ""cm""}, {""storage"": ""personal"", ""weight"": 0.28, ""height"": 34.7, ""width"": 3.67, ""depth"": 2.76, ""unit"": ""cm""}]",True,All luggage complies with the policy.,,0
Economy,infant,"[{""storage"": ""checked"", ""weight"": 8.18, ""height"": 54.99, ""width"": 31.93, ""depth"": 35.5, ""unit"": ""cm""}, {""storage"": ""carry-on"", ""weight"": 9.18, ""height"": 41.71, ""width"": 29.01, ""depth"": 37.91, ""unit"": ""cm""}, {""storage"": ""carry-on"", ""weight"": 11.35, ""height"": 53.88, ""width"": 69.3, ""depth"": 46.52, ""unit"": ""cm""}, {""storage"": ""carry-on"", ""weight"": 13.82, ""height"": 10.57, ""width"": 58.89, ""depth"": 36.12, ""unit"": ""cm""}]",False,"Carry-on: 1 bag(s) exceed quantity allowance, transferred to cargo; Total weight 20.53kg exceeds 7kg limit, all carry-on items transferred to cargo. Total fees: €225","[{""storage"": ""carry-on"", ""weight"": 13.82, ""height"": 10.57, ""width"": 58.89, ""depth"": 36.12, ""unit"": ""cm""}, {""storage"": ""carry-on"", ""weight"": 9.18, ""height"": 41.71, ""width"": 29.01, ""depth"": 37.91, ""unit"": ""cm""}, {""storage"": ""carry-on"", ""weight"": 11.35, ""height"": 53.88, ""width"": 69.3, ""depth"": 46.52, ""unit"": ""cm""}]",225
Business,child,"[{""storage"": ""carry-on"", ""weight"": 1.43, ""height"": 20.83, ""width"": 20.03, ""depth"": 9.18, ""unit"": ""cm""}, {""storage"": ""carry-on"", ""weight"": 1.56, ""height"": 34.02, ""width"": 5.19, ""depth"": 7.61, ""unit"": ""cm""}, {""storage"": ""personal"", ""weight"": 2.71, ""height"": 35.81, ""width"": 19.62, ""depth"": 2.12, ""unit"": ""cm""}]",True,All luggage complies with the policy.,,0
First,child,"[{""storage"": ""personal"", ""weight"": 10.52, ""height"": 12.44, ""width"": 1.05, ""depth"": 5.82, ""unit"": ""cm""}, {""storage"": ""checked"", ""weight"": 27.83, ""height"": 50.81, ""width"": 25.15, ""depth"": 44.08, ""unit"": ""cm""}]",True,All luggage complies with the policy.,,0
Economy,infant,"[{""storage"": ""personal"", ""weight"": 5.23, ""height"": 8.3, ""width"": 20.64, ""depth"": 2.82, ""unit"": ""cm""}, {""storage"": ""checked"", ""weight"": 22.87, ""height"": 35.39, ""width"": 55.22, ""depth"": 48.09, ""unit"": ""cm""}]",True,All luggage complies with the policy.,,0
First,infant,"[{""storage"": ""personal"", ""weight"": 6.84, ""height"": 27.72, ""width"": 17.17, ""depth"": 7.01, ""unit"": ""cm""}, {""storage"": ""checked"", ""weight"": 2.73, ""height"": 60.3, ""width"": 55.79, ""depth"": 28.44, ""unit"": ""cm""}, {""storage"": ""checked"", ""weight"": 20.33, ""height"": 37.87, ""width"": 36.41, ""depth"": 45.43, ""unit"": ""cm""}, {""storage"": ""checked"", ""weight"": 4.41, ""height"": 33.66, ""width"": 55.84, ""depth"": 20.6, ""unit"": ""cm""}]",True,All luggage complies with the policy.,,0
First,infant,"[{""storage"": ""carry-on"", ""weight"": 3.3, ""height"": 85.39, ""width"": 16.04, ""depth"": 23.24, ""unit"": ""cm""}]",False,"Carry-on: 1 bag(s) exceed size limits, transferred to cargo. Total fees: €100","[{""storage"": ""carry-on"", ""weight"": 3.3, ""height"": 85.39, ""width"": 16.04, ""depth"": 23.24, ""unit"": ""cm""}]",100
Economy,adult,"[{""storage"": ""checked"", ""weight"": 46.21, ""height"": 9.61, ""width"": 47.49, ""depth"": 46.05, ""unit"": ""cm""}]",False,Checked: The following items must be shipped as cargo: Bag 1: weight 46.21kg exceeds 32kg limit. Total fees: €75 (cargo shipping costs not included - please contact cargo department). Consider splitting items or reducing weight/size to avoid cargo shipping.,"[{""storage"": ""checked"", ""weight"": 46.21, ""height"": 9.61, ""width"": 47.49, ""depth"": 46.05, ""unit"": ""cm""}]",75
Business,child,"[{""storage"": ""checked"", ""weight"": 45.24, ""height"": 0.17, ""width"": 61.72, ""depth"": 20.06, ""unit"": ""cm""}, {""storage"": ""checked"", ""weight"": 15.85, ""height"": 97.94, ""width"": 19.01, ""depth"": 15.27, ""unit"": ""cm""}, {""storage"": ""carry-on"", ""weight"": 7.16, ""height"": 93.58, ""width"": 58.17, ""depth"": 18.1, ""unit"": ""cm""}]",False,"Carry-on: 1 bag(s) exceed size limits, transferred to cargo. Total fees: €100 | Checked: The following items must be shipped as cargo: Bag 1: weight 45.24kg exceeds 32kg limit. Total fees: €75 (cargo shipping costs not included - please contact cargo department). Consider splitting items or reducing weight/size to avoid cargo shipping.","[{""storage"": ""carry-on"", ""weight"": 7.16, ""height"": 93.58, ""width"": 58.17, ""depth"": 18.1, ""unit"": ""cm""}, {""storage"": ""checked"", ""weight"": 45.24, ""height"": 0.17, ""width"": 61.72, ""depth"": 20.06, ""unit"": ""cm""}]",175
Economy,child,"[{""storage"": ""carry-on"", ""weight"": 6.17, ""height"": 5.61, ""width"": 28.14, ""depth"": 11.1, ""unit"": ""cm""}, {""storage"": ""personal"", ""weight"": 0.09, ""height"": 38.32, ""width"": 6.62, ""depth"": 7.14, ""unit"": ""cm""}]",True,All luggage complies with the policy.,,0
Business,infant,"[{""storage"": ""personal"", ""weight"": 9.1, ""height"": 15.71, ""width"": 20.92, ""depth"": 9.53, ""unit"": ""cm""}, {""storage"": ""checked"", ""weight"": 30.66, ""height"": 43.34, ""width"": 42.46, ""depth"": 29.16, ""unit"": ""cm""}]",True,All luggage complies with the policy.,,0
Economy,child,"[{""storage"": ""personal"", ""weight"": 8.37, ""height"": 8.27, ""width"": 73.62, ""depth"": 42.71, ""unit"": ""cm""}, {""storage"": ""checked"", ""weight"": 43.45, ""height"": 54.31, ""width"": 62.32, ""depth"": 26.41, ""unit"": ""cm""}, {""storage"": ""checked"", ""weight"": 37.32, ""height"": 82.69, ""width"": 25.01, ""depth"": 34.22, ""unit"": ""cm""}, {""storage"": ""personal"", ""weight"": 13.86, ""height"": 84.24, ""width"": 18.64, ""depth"": 28.02, ""unit"": ""cm""}, {""storage"": ""checked"", ""weight"": 2.97, ""height"": 80.63, ""width"": 79.75, ""depth"": 26.57, ""unit"": ""cm""}]",False,"Carry-on: Total weight 22.229999999999997kg exceeds 7kg limit, all carry-on items transferred to cargo. Total fees: €75 | Checked: The following items must be shipped as cargo: Bag 1: weight 43.45kg exceeds 32kg limit; Bag 2: weight 37.32kg exceeds 32kg limit. Total fees: €550 (cargo shipping costs not included - please contact cargo department). Consider splitting items or reducing weight/size to avoid cargo shipping.","[{""storage"": ""personal"", ""weight"": 8.37, ""height"": 8.27, ""width"": 73.62, ""depth"": 42.71, ""unit"": ""cm""}, {""storage"": ""personal"", ""weight"": 13.86, ""height"": 84.24, ""width"": 18.64, ""depth"": 28.02, ""unit"": ""cm""}, {""storage"": ""checked"", ""weight"": 43.45, ""height"": 54.31, ""width"": 62.32, ""depth"": 26.41, ""unit"": ""cm""}, {""storage"": ""checked"", ""weight"": 37.32, ""height"": 82.69, ""width"": 25.01, ""depth"": 34.22, ""unit"": ""cm""}]",625
Economy,child,"[{""storage"": ""carry-on"", ""weight"": 3.51, ""height"": 24.11, ""width"": 20.61, ""depth"": 12.25, ""unit"": ""cm""}, {""storage"": ""personal"", ""weight"": 3.21, ""height"": 22.35, ""width"": 4.93, ""depth"": 15.87, ""unit"": ""cm""}, {""storage"": ""checked"", ""weight"": 11.02, ""height"": 28.8, ""width"": 26.48, ""depth"": 47.65, ""unit"": ""cm""}]",True,All luggage complies with the policy.,,0
Business,infant,"[{""storage"": ""carry-on"", ""weight"": 14.86, ""height"": 17.57, ""width"": 9.29, ""depth"": 16.81, ""unit"": ""cm""}]",False,"Carry-on: Total weight 14.86kg exceeds 12kg limit, all carry-on items transferred to cargo. Total fees: €75","[{""storage"": ""carry-on"", ""weight"": 14.86, ""height"": 17.57, ""width"": 9.29, ""depth"": 16.81, ""unit"": ""cm""}]",75
Business,adult,"[{""storage"": ""carry-on"", ""weight"": 0.33, ""height"": 30.95, ""width"": 2.06, ""depth"": 22.34, ""unit"": ""cm""}, {""storage"": ""personal"", ""weight"": 7.3, ""height"": 28.86, ""width"": 4.2, ""depth"": 3.18, ""unit"": ""cm""}, {""storage"": ""checked"", ""weight"": 5.73, ""height"": 63.82, ""width"": 53.86, ""depth"": 20.04, ""unit"": ""cm""}]",True,All luggage complies with the policy.,,0
First,adult,"[{""storage"": ""personal"", ""weight"": 7.69, ""height"": 90.04, ""width"": 30.57, ""depth"": 5.92, ""unit"": ""cm""}]",True,All luggage complies with the policy.,,0
Business,child,"[{""storage"": ""carry-on"", ""weight"": 4.88, ""height"": 99.48, ""width"": 17.21, ""depth"": 29.9, ""unit"": ""cm""}, {""storage"": ""carry-on"", ""weight"": 7.42, ""height"": 85.61, ""width"": 77.92, ""depth"": 0.15, ""unit"": ""cm""}, {""storage"": ""carry-on"", ""weight"": 10.42, ""height"": 53.36, ""width"": 13.15, ""depth"": 22.0, ""unit"": ""cm""}, {""storage"": ""personal"", ""weight"": 3.63, ""height"": 31.6, ""width"": 12.27, ""depth"": 22.16, ""unit"": ""cm""}, {""storage"": ""carry-on"", ""weight"": 2.29, ""height"": 84.05, ""width"": 40.33, ""depth"": 31.48, ""unit"": ""cm""}]",False,"Carry-on: 2 bag(s) exceed quantity allowance, transferred to cargo; Total weight 15.93kg exceeds 12kg limit, all carry-on items transferred to cargo. Total fees: €375","[{""storage"": ""carry-on"", ""weight"": 10.42, ""height"": 53.36, ""width"": 13.15, ""depth"": 22.0, ""unit"": ""cm""}, {""storage"": ""carry-on"", ""weight"": 2.29, ""height"": 84.05, ""width"": 40.33, ""depth"": 31.48, ""unit"": ""cm""}, {""storage"": ""carry-on"", ""weight"": 4.88, ""height"": 99.48, ""width"": 17.21, ""depth"": 29.9, ""unit"": ""cm""}, {""storage"": ""carry-on"", ""weight"": 7.42, ""height"": 85.61, ""width"": 77.92, ""depth"": 0.15, ""unit"": ""cm""}, {""storage"": ""personal"", ""weight"": 3.63, ""height"": 31.6, ""width"": 12.27, ""depth"": 22.16, ""unit"": ""cm""}]",375
Business,adult,"[{""storage"": ""carry-on"", ""weight"": 5.79, ""height"": 8.87, ""width"": 25.89, ""depth"": 19.11, ""unit"": ""cm""}, {""storage"": ""personal"", ""weight"": 0.69, ""height"": 6.31, ""width"": 18.85, ""depth"": 11.12, ""unit"": ""cm""}, {""storage"": ""checked"", ""weight"": 20.31, ""height"": 68.71, ""width"": 30.3, ""depth"": 34.87, ""unit"": ""cm""}, {""storage"": ""checked"", ""weight"": 2.51, ""height"": 65.08, ""width"": 34.05, ""depth"": 24.26, ""unit"": ""cm""}]",True,All luggage complies with the policy.,,0
Business,infant,"[{""storage"": ""personal"", ""weight"": 10.99, ""height"": 32.47, ""width"": 12.94, ""depth"": 2.54, ""unit"": ""cm""}]",True,All luggage complies with the policy.,,0
Economy,adult,"[{""storage"": ""carry-on"", ""weight"": 13.58, ""height"": 11.57, ""width"": 68.23, ""depth"": 12.33, ""unit"": ""cm""}, {""storage"": ""checked"", ""weight"": 13.47, ""height"": 9.23, ""width"": 57.58, ""depth"": 39.74, ""unit"": ""cm""}, {""storage"": ""checked"", ""weight"": 18.03, ""height"": 79.5, ""width"": 15.67, ""depth"": 45.78, ""unit"": ""cm""}]",False,"Carry-on: Total weight 13.58kg exceeds 7kg limit, all carry-on items transferred to cargo. Total fees: €75 | Checked: Checked luggage complies with the policy.","[{""storage"": ""carry-on"", ""weight"": 13.58, ""height"": 11.57, ""width"": 68.23, ""depth"": 12.33, ""unit"": ""cm""}]",225
Business,adult,"[{""storage"": ""carry-on"", ""weight"": 2.26, ""height"": 90.11, ""width"": 59.95, ""depth"": 14.28, ""unit"": ""cm""}, {""storage"": ""personal"", ""weight"": 9.36, ""height"": 53.64, ""width"": 2.91, ""depth"": 13.86, ""unit"": ""cm""}, {""storage"": ""carry-on"", ""weight"": 11.26, ""height"": 46.51, ""width"": 55.41, ""depth"": 25.88, ""unit"": ""cm""}, {""storage"": ""checked"", ""weight"": 21.87, ""height"": 75.86, ""width"": 51.92, ""depth"": 45.18, ""unit"": ""cm""}]",False,"Carry-on: Total weight 22.88kg exceeds 12kg limit, all carry-on items transferred to cargo. Total fees: €75 | Checked: Checked luggage complies with the policy.","[{""storage"": ""carry-on"", ""weight"": 2.26, ""height"": 90.11, ""width"": 59.95, ""depth"": 14.28, ""unit"": ""cm""}, {""storage"": ""carry-on"", ""weight"": 11.26, ""height"": 46.51, ""width"": 55.41, ""depth"": 25.88, ""unit"": ""cm""}, {""storage"": ""personal"", ""weight"": 9.36, ""height"": 53.64, ""width"": 2.91, ""depth"": 13.86, ""unit"": ""cm""}]",175
Economy,child,"[{""storage"": ""personal"", ""weight"": 3.5, ""height"": 51.85, ""width"": 79.78, ""depth"": 3.9, ""unit"": ""cm""}, {""storage"": ""personal"", ""weight"": 12.21, ""height"": 33.09, ""width"": 26.51, ""depth"": 5.94, ""unit"": ""cm""}, {""storage"": ""checked"", ""weight"": 6.14, ""height"": 11.39, ""width"": 35.23, ""depth"": 32.7, ""unit"": ""cm""}, {""storage"": ""carry-on"", ""weight"": 0.75, ""height"": 54.93, ""width"": 48.1, ""depth"": 10.85, ""unit"": ""cm""}, {""storage"": ""carry-on"", ""weight"": 13.89, ""height"": 35.0, ""width"": 11.03, ""depth"": 23.83, ""unit"": ""cm""}]",False,"Carry-on: 2 bag(s) exceed quantity allowance, transferred to cargo; 1 bag(s) exceed size limits, transferred to cargo. Total fees: €400","[{""storage"": ""personal"", ""weight"": 12.21, ""height"": 33.09, ""width"": 26.51, ""depth"": 5.94, ""unit"": ""cm""}, {""storage"": ""carry-on"", ""weight"": 13.89, ""height"": 35.0, ""width"": 11.03, ""depth"": 23.83, ""unit"": ""cm""}, {""storage"": ""carry-on"", ""weight"": 0.75, ""height"": 54.93, ""width"": 48.1, ""depth"": 10.85, ""unit"": ""cm""}]",400
Economy,child,"[{""storage"": ""personal"", ""weight"": 10.33, ""height"": 78.89, ""width"": 51.0, ""depth"": 29.68, ""unit"": ""cm""}]",False,"Carry-on: Total weight 10.33kg exceeds 7kg limit, all carry-on items transferred to cargo. Total fees: €75","[{""storage"": ""personal"", ""weight"": 10.33, ""height"": 78.89, ""width"": 51.0, ""depth"": 29.68, ""unit"": ""cm""}]",75
Business,infant,"[{""storage"": ""personal"", ""weight"": 11.6, ""height"": 28.2, ""width"": 11.93, ""depth"": 7.71, ""unit"": ""cm""}, {""storage"": ""checked"", ""weight"": 25.97, ""height"": 40.14, ""width"": 48.24, ""depth"": 24.77, ""unit"": ""cm""}]",True,All luggage complies with the policy.,,0
Economy,infant,"[{""storage"": ""carry-on"", ""weight"": 3.04, ""height"": 26.82, ""width"": 38.08, ""depth"": 16.08, ""unit"": ""cm""}, {""storage"": ""personal"", ""weight"": 3.77, ""height"": 22.58, ""width"": 3.25, ""depth"": 18.19, ""unit"": ""cm""}, {""storage"": ""checked"", ""weight"": 10.07, ""height"": 62.24, ""width"": 24.33, ""depth"": 47.43, ""unit"": ""cm""}]",True,All luggage complies with the policy.,,0
First,child,"[{""storage"": ""carry-on"", ""weight"": 1.09, ""height"": 7.76, ""width"": 9.83, ""depth"": 16.11, ""unit"": ""cm""}, {""storage"": ""personal"", ""weight"": 3.21, ""height"": 39.23, ""width"": 24.0, ""depth"": 12.62, ""unit"": ""cm""}]",True,All luggage complies with the policy.,,0
Economy,adult,"[{""storage"": ""carry-on"", ""weight"": 6.25, ""height"": 20.74, ""width"": 35.97, ""depth"": 2.33, ""unit"": ""cm""}, {""storage"": ""personal"", ""weight"": 0.22, ""height"": 11.52, ""width"": 18.7, ""depth"": 18.1, ""unit"": ""cm""}, {""storage"": ""checked"", ""weight"": 5.51, ""height"": 37.36, ""width"": 47.59, ""depth"": 29.4, ""unit"": ""cm""}]",True,All luggage complies with the policy.,,0
Economy,child,"[{""storage"": ""personal"", ""weight"": 3.3, ""height"": 4.16, ""width"": 16.74, ""depth"": 14.66, ""unit"": ""cm""}, {""storage"": ""checked"", ""weight"": 1.49, ""height"": 33.95, ""width"": 21.16, ""depth"": 20.65, ""unit"": ""cm""}]",True,All luggage complies with the policy.,,0
Business,child,"[{""storage"": ""personal"", ""weight"": 2.95, ""height"": 37.13, ""width"": 8.53, ""depth"": 11.56, ""unit"": ""cm""}, {""storage"": ""checked"", ""weight"": 1.93, ""height"": 48.39, ""width"": 52.24, ""depth"": 27.58, ""unit"": ""cm""}]",True,All luggage complies with the policy.,,0
Economy,infant,"[{""storage"": ""carry-on"", ""weight"": 6.92, ""height"": 32.18, ""width"": 33.16, ""depth"": 41.89, ""unit"": ""cm""}, {""storage"": ""checked"", ""weight"": 15.5, ""height"": 89.58, ""width"": 35.58, ""depth"": 20.14, ""unit"": ""cm""}, {""storage"": ""personal"", ""weight"": 6.96, ""height"": 82.6, ""width"": 31.35, ""depth"": 27.08, ""unit"": ""cm""}]",False,"Carry-on: Total weight 13.879999999999999kg exceeds 7kg limit, all carry-on items transferred to cargo. Total fees: €75","[{""storage"": ""carry-on"", ""weight"": 6.92, ""height"": 32.18, ""width"": 33.16, ""depth"": 41.89, ""unit"": ""cm""}, {""storage"": ""personal"", ""weight"": 6.96, ""height"": 82.6, ""width"": 31.35, ""depth"": 27.08, ""unit"": ""cm""}]",75
First,infant,"[{""storage"": ""carry-on"", ""weight"": 8.17, ""height"": 54.78, ""width"": 79.46, ""depth"": 12.75, ""unit"": ""cm""}, {""storage"": ""checked"", ""weight"": 20.38, ""height"": 89.42, ""width"": 57.26, ""depth"": 15.49, ""unit"": ""cm""}, {""storage"": ""checked"", ""weight"": 36.06, ""height"": 87.92, ""width"": 5.05, ""depth"": 25.19, ""unit"": ""cm""}, {""storage"": ""checked"", ""weight"": 16.52, ""height"": 90.77, ""width"": 9.3, ""depth"": 44.03, ""unit"": ""cm""}, {""storage"": ""personal"", ""weight"": 10.54, ""height"": 88.41, ""width"": 55.09, ""depth"": 27.02, ""unit"": ""cm""}]",False,"Carry-on: Total weight 18.71kg exceeds 12kg limit, all carry-on items transferred to cargo. Total fees: €75 | Checked: The following items must be shipped as cargo: Bag 2: weight 36.06kg exceeds 32kg limit. Total fees: €175 (cargo shipping costs not included - please contact cargo department). Consider splitting items or reducing weight/size to avoid cargo shipping.","[{""storage"": ""carry-on"", ""weight"": 8.17, ""height"": 54.78, ""width"": 79.46, ""depth"": 12.75, ""unit"": ""cm""}, {""storage"": ""personal"", ""weight"": 10.54, ""height"": 88.41, ""width"": 55.09, ""depth"": 27.02, ""unit"": ""cm""}, {""storage"": ""checked"", ""weight"": 36.06, ""height"": 87.92, ""width"": 5.05, ""depth"": 25.19, ""unit"": ""cm""}]",250
First,adult,"[{""storage"": ""carry-on"", ""weight"": 11.98, ""height"": 20.44, ""width"": 11.51, ""depth"": 19.79, ""unit"": ""cm""}, {""storage"": ""personal"", ""weight"": 0.01, ""height"": 16.86, ""width"": 2.26, ""depth"": 9.35, ""unit"": ""cm""}, {""storage"": ""checked"", ""weight"": 14.27, ""height"": 64.26, ""width"": 49.16, ""depth"": 43.75, ""unit"": ""cm""}, {""storage"": ""checked"", ""weight"": 12.64, ""height"": 53.34, ""width"": 37.78, ""depth"": 26.34, ""unit"": ""cm""}]",True,All luggage complies with the policy.,,0
Business,adult,"[{""storage"": ""personal"", ""weight"": 11.26, ""height"": 60.16, ""width"": 5.23, ""depth"": 45.84, ""unit"": ""cm""}, {""storage"": ""personal"", ""weight"": 0.57, ""height"": 87.11, ""width"": 36.25, ""depth"": 20.99, ""unit"": ""cm""}, {""storage"": ""personal"", ""weight"": 1.3, ""height"": 57.36, ""width"": 13.86, ""depth"": 20.65, ""unit"": ""cm""}, {""storage"": ""checked"", ""weight"": 23.15, ""height"": 76.03, ""width"": 4.41, ""depth"": 39.95, ""unit"": ""cm""}, {""storage"": ""personal"", ""weight"": 6.85, ""height"": 8.39, ""width"": 59.18, ""depth"": 32.26, ""unit"": ""cm""}]",False,"Carry-on: 3 bag(s) exceed quantity allowance, transferred to cargo. Total fees: €450","[{""storage"": ""personal"", ""weight"": 0.57, ""height"": 87.11, ""width"": 36.25, ""depth"": 20.99, ""unit"": ""cm""}, {""storage"": ""personal"", ""weight"": 1.3, ""height"": 57.36, ""width"": 13.86, ""depth"": 20.65, ""unit"": ""cm""}, {""storage"": ""personal"", ""weight"": 6.85, ""height"": 8.39, ""width"": 59.18, ""depth"": 32.26, ""unit"": ""cm""}]",450
Economy,child,"[{""storage"": ""personal"", ""weight"": 0.61, ""height"": 22.53, ""width"": 13.82, ""depth"": 13.77, ""unit"": ""cm""}, {""storage"": ""checked"", ""weight"": 17.36, ""height"": 68.36, ""width"": 33.63, ""depth"": 20.74, ""unit"": ""cm""}]",True,All luggage complies with the policy.,,0
Economy,adult,"[{""storage"": ""personal"", ""weight"": 1.41, ""height"": 9.48, ""width"": 26.58, ""depth"": 4.38, ""unit"": ""cm""}]",True,All luggage complies with the policy.,,0
Economy,child,"[{""storage"": ""personal"", ""weight"": 12.13, ""height"": 8.08, ""width"": 13.63, ""depth"": 3.09, ""unit"": ""cm""}, {""storage"": ""personal"", ""weight"": 2.37, ""height"": 5.22, ""width"": 58.05, ""depth"": 23.94, ""unit"": ""cm""}, {""storage"": ""personal"", ""weight"": 9.6, ""height"": 95.43, ""width"": 70.27, ""depth"": 29.82, ""unit"": ""cm""}]",False,"Carry-on: 2 bag(s) exceed quantity allowance, transferred to cargo; Total weight 12.13kg exceeds 7kg limit, all carry-on items transferred to cargo. Total fees: €375","[{""storage"": ""personal"", ""weight"": 2.37, ""height"": 5.22, ""width"": 58.05, ""depth"": 23.94, ""unit"": ""cm""}, {""storage"": ""personal"", ""weight"": 9.6, ""height"": 95.43, ""width"": 70.27, ""depth"": 29.82, ""unit"": ""cm""}, {""storage"": ""personal"", ""weight"": 12.13, ""height"": 8.08, ""width"": 13.63, ""depth"": 3.09, ""unit"": ""cm""}]",375
First,adult,"[{""storage"": ""personal"", ""weight"": 1.69, ""height"": 34.35, ""width"": 10.89, ""depth"": 1.47, ""unit"": ""cm""}, {""storage"": ""checked"", ""weight"": 13.3, ""height"": 66.58, ""width"": 35.96, ""depth"": 29.77, ""unit"": ""cm""}]",True,All luggage complies with the policy.,,0
Business,child,"[{""storage"": ""carry-on"", ""weight"": 0.87, ""height"": 22.94, ""width"": 19.2, ""depth"": 21.27, ""unit"": ""cm""}, {""storage"": ""personal"", ""weight"": 9.52, ""height"": 1.26, ""width"": 3.49, ""depth"": 2.69, ""unit"": ""cm""}]",True,All luggage complies with the policy.,,0
Business,adult,"[{""storage"": ""personal"", ""weight"": 5.95, ""height"": 17.57, ""width"": 20.46, ""depth"": 0.58, ""unit"": ""cm""}, {""storage"": ""checked"", ""weight"": 18.61, ""height"": 25.29, ""width"": 48.97, ""depth"": 23.85, ""unit"": ""cm""}, {""storage"": ""checked"", ""weight"": 15.06, ""height"": 54.93, ""width"": 52.25, ""depth"": 26.34, ""unit"": ""cm""}]",True,All luggage complies with the policy.,,0
Business,adult,"[{""storage"": ""carry-on"", ""weight"": 1.83, ""height"": 46.96, ""width"": 7.68, ""depth"": 9.25, ""unit"": ""cm""}, {""storage"": ""carry-on"", ""weight"": 1.66, ""height"": 29.85, ""width"": 6.42, ""depth"": 16.29, ""unit"": ""cm""}, {""storage"": ""personal"", ""weight"": 1.32, ""height"": 18.46, ""width"": 9.91, ""depth"": 16.25, ""unit"": ""cm""}, {""storage"": ""checked"", ""weight"": 0.53, ""height"": 22.46, ""width"": 53.06, ""depth"": 28.96, ""unit"": ""cm""}]",True,All luggage complies with the policy.,,0
Economy,adult,"[{""storage"": ""carry-on"", ""weight"": 6.88, ""height"": 21.63, ""width"": 38.77, ""depth"": 7.78, ""unit"": ""cm""}, {""storage"": ""personal"", ""weight"": 0.06, ""height"": 5.97, ""width"": 10.77, ""depth"": 17.63, ""unit"": ""cm""}]",True,All luggage complies with the policy.,,0
Business,infant,"[{""storage"": ""carry-on"", ""weight"": 3.65, ""height"": 22.2, ""width"": 32.69, ""depth"": 1.52, ""unit"": ""cm""}, {""storage"": ""personal"", ""weight"": 0.43, ""height"": 27.09, ""width"": 8.26, ""depth"": 16.31, ""unit"": ""cm""}, {""storage"": ""checked"", ""weight"": 2.9, ""height"": 45.55, ""width"": 27.58, ""depth"": 40.45, ""unit"": ""cm""}]",True,All luggage complies with the policy.,,0
First,infant,"[{""storage"": ""personal"", ""weight"": 4.82, ""height"": 32.42, ""width"": 11.78, ""depth"": 5.84, ""unit"": ""cm""}]",True,All luggage complies with the policy.,,0
Business,infant,"[{""storage"": ""carry-on"", ""weight"": 1.11, ""height"": 25.76, ""width"": 22.61, ""depth"": 16.81, ""unit"": ""cm""}, {""storage"": ""carry-on"", ""weight"": 3.22, ""height"": 41.0, ""width"": 0.13, ""depth"": 4.35, ""unit"": ""cm""}, {""storage"": ""personal"", ""weight"": 5.94, ""height"": 4.29, ""width"": 4.48, ""depth"": 7.8, ""unit"": ""cm""}]",True,All luggage complies with the policy.,,0
Business,infant,"[{""storage"": ""checked"", ""weight"": 39.29, ""height"": 62.0, ""width"": 13.62, ""depth"": 15.56, ""unit"": ""cm""}, {""storage"": ""carry-on"", ""weight"": 9.76, ""height"": 34.35, ""width"": 52.3, ""depth"": 9.08, ""unit"": ""cm""}]",False,"Carry-on: 1 bag(s) exceed size limits, transferred to cargo. Total fees: €100 | Checked: The following items must be shipped as cargo: Bag 1: weight 39.29kg exceeds 32kg limit. Total fees: €75 (cargo shipping costs not included - please contact cargo department). Consider splitting items or reducing weight/size to avoid cargo shipping.","[{""storage"": ""carry-on"", ""weight"": 9.76, ""height"": 34.35, ""width"": 52.3, ""depth"": 9.08, ""unit"": ""cm""}, {""storage"": ""checked"", ""weight"": 39.29, ""height"": 62.0, ""width"": 13.62, ""depth"": 15.56, ""unit"": ""cm""}]",175
First,child,"[{""storage"": ""carry-on"", ""weight"": 0.65, ""height"": 29.33, ""width"": 21.97, ""depth"": 5.19, ""unit"": ""cm""}, {""storage"": ""carry-on"", ""weight"": 4.34, ""height"": 7.82, ""width"": 35.98, ""depth"": 14.97, ""unit"": ""cm""}, {""storage"": ""personal"", ""weight"": 2.32, ""height"": 16.01, ""width"": 24.44, ""depth"": 5.08, ""unit"": ""cm""}]",True,All luggage complies with the policy.,,0
First,infant,"[{""storage"": ""carry-on"", ""weight"": 2.79, ""height"": 10.33, ""width"": 6.02, ""depth"": 13.15, ""unit"": ""cm""}, {""storage"": ""personal"", ""weight"": 7.74, ""height"": 17.19, ""width"": 17.5, ""depth"": 7.79, ""unit"": ""cm""}, {""storage"": ""checked"", ""weight"": 18.59, ""height"": 57.79, ""width"": 47.83, ""depth"": 43.79, ""unit"": ""cm""}]",True,All luggage complies with the policy.,,0
Business,adult,"[{""storage"": ""carry-on"", ""weight"": 5.14, ""height"": 20.93, ""width"": 19.2, ""depth"": 11.99, ""unit"": ""cm""}, {""storage"": ""carry-on"", ""weight"": 5.37, ""height"": 52.74, ""width"": 25.5, ""depth"": 15.19, ""unit"": ""cm""}, {""storage"": ""personal"", ""weight"": 1.03, ""height"": 36.19, ""width"": 1.21, ""depth"": 6.52, ""unit"": ""cm""}]",True,All luggage complies with the policy.,,0
Economy,child,"[{""storage"": ""personal"", ""weight"": 0.84, ""height"": 11.49, ""width"": 23.21, ""depth"": 9.56, ""unit"": ""cm""}, {""storage"": ""checked"", ""weight"": 1.35, ""height"": 54.65, ""width"": 38.15, ""depth"": 40.53, ""unit"": ""cm""}]",True,All luggage complies with the policy.,,0
First,adult,"[{""storage"": ""checked"", ""weight"": 9.68, ""height"": 48.96, ""width"": 8.96, ""depth"": 43.26, ""unit"": ""cm""}, {""storage"": ""carry-on"", ""weight"": 5.82, ""height"": 72.57, ""width"": 26.59, ""depth"": 40.2, ""unit"": ""cm""}, {""storage"": ""checked"", ""weight"": 38.99, ""height"": 78.0, ""width"": 50.58, ""depth"": 3.79, ""unit"": ""cm""}, {""storage"": ""carry-on"", ""weight"": 9.34, ""height"": 38.91, ""width"": 36.81, ""depth"": 11.29, ""unit"": ""cm""}]",False,"Carry-on: Total weight 15.16kg exceeds 12kg limit, all carry-on items transferred to cargo. Total fees: €75 | Checked: The following items must be shipped as cargo: Bag 2: weight 38.99kg exceeds 32kg limit. Total fees: €75 (cargo shipping costs not included - please contact cargo department). Consider splitting items or reducing weight/size to avoid cargo shipping.","[{""storage"": ""carry-on"", ""weight"": 5.82, ""height"": 72.57, ""width"": 26.59, ""depth"": 40.2, ""unit"": ""cm""}, {""storage"": ""carry-on"", ""weight"": 9.34, ""height"": 38.91, ""width"": 36.81, ""depth"": 11.29, ""unit"": ""cm""}, {""storage"": ""checked"", ""weight"": 38.99, ""height"": 78.0, ""width"": 50.58, ""depth"": 3.79, ""unit"": ""cm""}]",150
Economy,child,"[{""storage"": ""carry-on"", ""weight"": 5.98, ""height"": 32.18, ""width"": 11.94, ""depth"": 1.52, ""unit"": ""cm""}, {""storage"": ""personal"", ""weight"": 0.99, ""height"": 38.26, ""width"": 25.17, ""depth"": 2.43, ""unit"": ""cm""}, {""storage"": ""checked"", ""weight"": 19.37, ""height"": 50.59, ""width"": 30.04, ""depth"": 27.01, ""unit"": ""cm""}]",True,All luggage complies with the policy.,,0
First,child,"[{""storage"": ""carry-on"", ""weight"": 0.63, ""height"": 1.59, ""width"": 7.21, ""depth"": 1.91, ""unit"": ""cm""}, {""storage"": ""personal"", ""weight"": 1.66, ""height"": 15.83, ""width"": 4.85, ""depth"": 11.79, ""unit"": ""cm""}, {""storage"": ""checked"", ""weight"": 7.12, ""height"": 43.98, ""width"": 54.7, ""depth"": 32.18, ""unit"": ""cm""}, {""storage"": ""checked"", ""weight"": 23.16, ""height"": 68.49, ""width"": 44.17, ""depth"": 26.91, ""unit"": ""cm""}]",True,All luggage complies with the policy.,,0
First,infant,"[{""storage"": ""personal"", ""weight"": 8.48, ""height"": 66.6, ""width"": 40.52, ""depth"": 10.68, ""unit"": ""cm""}, {""storage"": ""carry-on"", ""weight"": 4.59, ""height"": 68.19, ""width"": 36.03, ""depth"": 10.72, ""unit"": ""cm""}]",False,"Carry-on: Total weight 13.07kg exceeds 12kg limit, all carry-on items transferred to cargo. Total fees: €75","[{""storage"": ""carry-on"", ""weight"": 4.59, ""height"": 68.19, ""width"": 36.03, ""depth"": 10.72, ""unit"": ""cm""}, {""storage"": ""personal"", ""weight"": 8.48, ""height"": 66.6, ""width"": 40.52, ""depth"": 10.68, ""unit"": ""cm""}]",75
Business,child,"[{""storage"": ""carry-on"", ""weight"": 4.37, ""height"": 10.54, ""width"": 6.82, ""depth"": 5.45, ""unit"": ""cm""}, {""storage"": ""personal"", ""weight"": 6.86, ""height"": 30.18, ""width"": 27.9, ""depth"": 4.25, ""unit"": ""cm""}, {""storage"": ""checked"", ""weight"": 29.32, ""height"": 43.65, ""width"": 21.86, ""depth"": 37.58, ""unit"": ""cm""}]",True,All luggage complies with the policy.,,0
Economy,child,"[{""storage"": ""carry-on"", ""weight"": 12.97, ""height"": 26.94, ""width"": 17.81, ""depth"": 15.97, ""unit"": ""cm""}]",False,"Carry-on: Total weight 12.97kg exceeds 7kg limit, all carry-on items transferred to cargo. Total fees: €75","[{""storage"": ""carry-on"", ""weight"": 12.97, ""height"": 26.94, ""width"": 17.81, ""depth"": 15.97, ""unit"": ""cm""}]",75
Business,infant,"[{""storage"": ""carry-on"", ""weight"": 5.37, ""height"": 9.18, ""width"": 29.43, ""depth"": 15.67, ""unit"": ""cm""}, {""storage"": ""carry-on"", ""weight"": 2.9, ""height"": 13.21, ""width"": 13.8, ""depth"": 16.71, ""unit"": ""cm""}, {""storage"": ""personal"", ""weight"": 3.38, ""height"": 30.77, ""width"": 16.77, ""depth"": 2.49, ""unit"": ""cm""}, {""storage"": ""checked"", ""weight"": 31.5, ""height"": 55.19, ""width"": 52.21, ""depth"": 45.3, ""unit"": ""cm""}, {""storage"": ""checked"", ""weight"": 22.22, ""height"": 44.56, ""width"": 50.11, ""depth"": 37.15, ""unit"": ""cm""}]",True,All luggage complies with the policy.,,0
Economy,child,"[{""storage"": ""personal"", ""weight"": 1.51, ""height"": 38.14, ""width"": 25.07, ""depth"": 11.64, ""unit"": ""cm""}]",True,All luggage complies with the policy.,,0
Business,child,"[{""storage"": ""carry-on"", ""weight"": 1.94, ""height"": 30.58, ""width"": 6.31, ""depth"": 9.94, ""unit"": ""cm""}, {""storage"": ""personal"", ""weight"": 0.98, ""height"": 11.44, ""width"": 16.88, ""depth"": 10.12, ""unit"": ""cm""}, {""storage"": ""checked"", ""weight"": 27.42, ""height"": 50.54, ""width"": 35.96, ""depth"": 24.94, ""unit"": ""cm""}]",True,All luggage complies with the policy.,,0
Economy,child,"[{""storage"": ""personal"", ""weight"": 14.55, ""height"": 19.68, ""width"": 72.65, ""depth"": 32.65, ""unit"": ""cm""}, {""storage"": ""carry-on"", ""weight"": 9.4, ""height"": 21.05, ""width"": 24.11, ""depth"": 8.72, ""unit"": ""cm""}, {""storage"": ""checked"", ""weight"": 48.13, ""height"": 66.01, ""width"": 72.28, ""depth"": 24.82, ""unit"": ""cm""}, {""storage"": ""personal"", ""weight"": 2.14, ""height"": 25.08, ""width"": 60.8, ""depth"": 13.46, ""unit"": ""cm""}]",False,"Carry-on: 1 bag(s) exceed quantity allowance, transferred to cargo; Total weight 23.950000000000003kg exceeds 7kg limit, all carry-on items transferred to cargo. Total fees: €225 | Checked: The following items must be shipped as cargo: Bag 1: weight 48.13kg exceeds 32kg limit. Total fees: €175 (cargo shipping costs not included - please contact cargo department). Consider splitting items or reducing weight/size to avoid cargo shipping.","[{""storage"": ""personal"", ""weight"": 2.14, ""height"": 25.08, ""width"": 60.8, ""depth"": 13.46, ""unit"": ""cm""}, {""storage"": ""carry-on"", ""weight"": 9.4, ""height"": 21.05, ""width"": 24.11, ""depth"": 8.72, ""unit"": ""cm""}, {""storage"": ""personal"", ""weight"": 14.55, ""height"": 19.68, ""width"": 72.65, ""depth"": 32.65, ""unit"": ""cm""}, {""storage"": ""checked"", ""weight"": 48.13, ""height"": 66.01, ""width"": 72.28, ""depth"": 24.82, ""unit"": ""cm""}]",400
First,adult,"[{""storage"": ""carry-on"", ""weight"": 2.89, ""height"": 31.25, ""width"": 13.39, ""depth"": 0.14, ""unit"": ""cm""}, {""storage"": ""personal"", ""weight"": 5.42, ""height"": 33.26, ""width"": 7.12, ""depth"": 16.93, ""unit"": ""cm""}, {""storage"": ""checked"", ""weight"": 16.47, ""height"": 41.99, ""width"": 26.63, ""depth"": 20.94, ""unit"": ""cm""}]",True,All luggage complies with the policy.,,0
First,adult,"[{""storage"": ""carry-on"", ""weight"": 5.86, ""height"": 18.41, ""width"": 10.39, ""depth"": 11.17, ""unit"": ""cm""}, {""storage"": ""carry-on"", ""weight"": 4.51, ""height"": 54.11, ""width"": 11.69, ""depth"": 9.86, ""unit"": ""cm""}, {""storage"": ""personal"", ""weight"": 0.33, ""height"": 15.13, ""width"": 6.42, ""depth"": 7.76, ""unit"": ""cm""}, {""storage"": ""checked"", ""weight"": 7.12, ""height"": 68.46, ""width"": 44.72, ""depth"": 43.19, ""unit"": ""cm""}]",True,All luggage complies with the policy.,,0
First,child,"[{""storage"": ""personal"", ""weight"": 4.81, ""height"": 78.09, ""width"": 11.32, ""depth"": 2.5, ""unit"": ""cm""}]",True,All luggage complies with the policy.,,0
First,child,"[{""storage"": ""personal"", ""weight"": 1.93, ""height"": 78.39, ""width"": 72.49, ""depth"": 16.64, ""unit"": ""cm""}, {""storage"": ""personal"", ""weight"": 7.85, ""height"": 95.34, ""width"": 53.6, ""depth"": 34.43, ""unit"": ""cm""}, {""storage"": ""carry-on"", ""weight"": 6.02, ""height"": 24.75, ""width"": 18.07, ""depth"": 17.72, ""unit"": ""cm""}, {""storage"": ""personal"", ""weight"": 12.19, ""height"": 90.69, ""width"": 61.39, ""depth"": 3.48, ""unit"": ""cm""}]",False,"Carry-on: 2 bag(s) exceed quantity allowance, transferred to cargo. Total fees: €300","[{""storage"": ""personal"", ""weight"": 7.85, ""height"": 95.34, ""width"": 53.6, ""depth"": 34.43, ""unit"": ""cm""}, {""storage"": ""personal"", ""weight"": 12.19, ""height"": 90.69, ""width"": 61.39, ""depth"": 3.48, ""unit"": ""cm""}]",300
Economy,adult,"[{""storage"": ""personal"", ""weight"": 0.12, ""height"": 2.93, ""width"": 25.07, ""depth"": 17.72, ""unit"": ""cm""}]",True,All luggage complies with the policy.,,0
Economy,adult,"[{""storage"": ""carry-on"", ""weight"": 2.38, ""height"": 1.33, ""width"": 28.43, ""depth"": 18.42, ""unit"": ""cm""}, {""storage"": ""personal"", ""weight"": 0.97, ""height"": 15.6, ""width"": 13.6, ""depth"": 7.93, ""unit"": ""cm""}, {""storage"": ""checked"", ""weight"": 9.85, ""height"": 61.19, ""width"": 20.85, ""depth"": 35.53, ""unit"": ""cm""}]",True,All luggage complies with the policy.,,0
Business,adult,"[{""storage"": ""personal"", ""weight"": 13.68, ""height"": 96.2, ""width"": 42.86, ""depth"": 6.85, ""unit"": ""cm""}, {""storage"": ""checked"", ""weight"": 13.92, ""height"": 74.02, ""width"": 63.63, ""depth"": 36.22, ""unit"": ""cm""}]",False,"Carry-on: Total weight 13.68kg exceeds 12kg limit, all carry-on items transferred to cargo. Total fees: €75 | Checked: Checked luggage complies with the policy.","[{""storage"": ""personal"", ""weight"": 13.68, ""height"": 96.2, ""width"": 42.86, ""depth"": 6.85, ""unit"": ""cm""}]",175
First,child,"[{""storage"": ""personal"", ""weight"": 2.94, ""height"": 35.59, ""width"": 24.33, ""depth"": 10.66, ""unit"": ""cm""}, {""storage"": ""checked"", ""weight"": 21.59, ""height"": 36.49, ""width"": 47.55, ""depth"": 26.99, ""unit"": ""cm""}, {""storage"": ""checked"", ""weight"": 8.19, ""height"": 44.61, ""width"": 47.51, ""depth"": 26.96, ""unit"": ""cm""}, {""storage"": ""checked"", ""weight"": 0.75, ""height"": 53.53, ""width"": 44.88, ""depth"": 23.32, ""unit"": ""cm""}]",True,All luggage complies with the policy.,,0
First,adult,"[{""storage"": ""personal"", ""weight"": 0.75, ""height"": 3.87, ""width"": 28.81, ""depth"": 6.06, ""unit"": ""cm""}, {""storage"": ""checked"", ""weight"": 27.08, ""height"": 54.76, ""width"": 41.1, ""depth"": 30.65, ""unit"": ""cm""}, {""storage"": ""checked"", ""weight"": 29.41, ""height"": 64.91, ""width"": 35.25, ""depth"": 49.09, ""unit"": ""cm""}, {""storage"": ""checked"", ""weight"": 19.46, ""height"": 44.61, ""width"": 26.05, ""depth"": 42.84, ""unit"": ""cm""}]",True,All luggage complies with the policy.,,0
First,adult,"[{""storage"": ""checked"", ""weight"": 47.97, ""height"": 86.33, ""width"": 1.56, ""depth"": 16.41, ""unit"": ""cm""}, {""storage"": ""personal"", ""weight"": 5.82, ""height"": 79.97, ""width"": 59.48, ""depth"": 28.59, ""unit"": ""cm""}, {""storage"": ""carry-on"", ""weight"": 1.39, ""height"": 24.33, ""width"": 28.87, ""depth"": 3.03, ""unit"": ""cm""}, {""storage"": ""checked"", ""weight"": 28.47, ""height"": 94.65, ""width"": 39.52, ""depth"": 13.08, ""unit"": ""cm""}, {""storage"": ""carry-on"", ""weight"": 1.82, ""height"": 35.82, ""width"": 43.73, ""depth"": 33.25, ""unit"": ""cm""}]",False,"Carry-on: 1 bag(s) exceed size limits, transferred to cargo. Total fees: €100 | Checked: The following items must be shipped as cargo: Bag 1: weight 47.97kg exceeds 32kg limit. Total fees: €75 (cargo shipping costs not included - please contact cargo department). Consider splitting items or reducing weight/size to avoid cargo shipping.","[{""storage"": ""carry-on"", ""weight"": 1.82, ""height"": 35.82, ""width"": 43.73, ""depth"": 33.25, ""unit"": ""cm""}, {""storage"": ""checked"", ""weight"": 47.97, ""height"": 86.33, ""width"": 1.56, ""depth"": 16.41, ""unit"": ""cm""}]",175
First,adult,"[{""storage"": ""carry-on"", ""weight"": 11.27, ""height"": 24.69, ""width"": 25.76, ""depth"": 48.47, ""unit"": ""cm""}, {""storage"": ""carry-on"", ""weight"": 1.56, ""height"": 36.59, ""width"": 44.93, ""depth"": 33.75, ""unit"": ""cm""}, {""storage"": ""personal"", ""weight"": 1.52, ""height"": 42.27, ""width"": 17.02, ""depth"": 34.13, ""unit"": ""cm""}, {""storage"": ""carry-on"", ""weight"": 1.94, ""height"": 35.26, ""width"": 74.53, ""depth"": 10.44, ""unit"": ""cm""}]",False,"Carry-on: 1 bag(s) exceed quantity allowance, transferred to cargo; Total weight 14.35kg exceeds 12kg limit, all carry-on items transferred to cargo. Total fees: €225","[{""storage"": ""carry-on"", ""weight"": 1.94, ""height"": 35.26, ""width"": 74.53, ""depth"": 10.44, ""unit"": ""cm""}, {""storage"": ""carry-on"", ""weight"": 11.27, ""height"": 24.69, ""width"": 25.76, ""depth"": 48.47, ""unit"": ""cm""}, {""storage"": ""carry-on"", ""weight"": 1.56, ""height"": 36.59, ""width"": 44.93, ""depth"": 33.75, ""unit"": ""cm""}, {""storage"": ""personal"", ""weight"": 1.52, ""height"": 42.27, ""width"": 17.02, ""depth"": 34.13, ""unit"": ""cm""}]",225
Business,child,"[{""storage"": ""personal"", ""weight"": 10.08, ""height"": 22.21, ""width"": 15.11, ""depth"": 14.45, ""unit"": ""cm""}]",True,All luggage complies with the policy.,,0
Economy,child,"[{""storage"": ""carry-on"", ""weight"": 12.93, ""height"": 87.42, ""width"": 69.54, ""depth"": 14.17, ""unit"": ""cm""}, {""storage"": ""personal"", ""weight"": 2.17, ""height"": 24.15, ""width"": 75.21, ""depth"": 49.44, ""unit"": ""cm""}, {""storage"": ""checked"", ""weight"": 22.37, ""height"": 47.67, ""width"": 0.65, ""depth"": 15.66, ""unit"": ""cm""}]",False,"Carry-on: Total weight 15.1kg exceeds 7kg limit, all carry-on items transferred to cargo. Total fees: €75","[{""storage"": ""carry-on"", ""weight"": 12.93, ""height"": 87.42, ""width"": 69.54, ""depth"": 14.17, ""unit"": ""cm""}, {""storage"": ""personal"", ""weight"": 2.17, ""height"": 24.15, ""width"": 75.21, ""depth"": 49.44, ""unit"": ""cm""}]",75
First,child,"[{""storage"": ""checked"", ""weight"": 6.82, ""height"": 47.87, ""width"": 67.7, ""depth"": 21.59, ""unit"": ""cm""}, {""storage"": ""carry-on"", ""weight"": 8.34, ""height"": 36.86, ""width"": 42.28, ""depth"": 46.04, ""unit"": ""cm""}]",False,"Carry-on: 1 bag(s) exceed size limits, transferred to cargo. Total fees: €100","[{""storage"": ""carry-on"", ""weight"": 8.34, ""height"": 36.86, ""width"": 42.28, ""depth"": 46.04, ""unit"": ""cm""}]",100
First,adult,"[{""storage"": ""personal"", ""weight"": 9.79, ""height"": 23.24, ""width"": 28.51, ""depth"": 17.56, ""unit"": ""cm""}, {""storage"": ""checked"", ""weight"": 28.53, ""height"": 47.76, ""width"": 38.62, ""depth"": 25.93, ""unit"": ""cm""}, {""storage"": ""checked"", ""weight"": 18.13, ""height"": 23.41, ""width"": 39.15, ""depth"": 35.42, ""unit"": ""cm""}, {""storage"": ""checked"", ""weight"": 26.44, ""height"": 53.0, ""width"": 53.54, ""depth"": 26.75, ""unit"": ""cm""}]",True,All luggage complies with the policy.,,0
Economy,child,"[{""storage"": ""personal"", ""weight"": 1.38, ""height"": 26.31, ""width"": 6.43, ""depth"": 9.06, ""unit"": ""cm""}]",True,All luggage complies with the policy.,,0
Economy,adult,"[{""storage"": ""checked"", ""weight"": 28.21, ""height"": 77.74, ""width"": 71.65, ""depth"": 22.31, ""unit"": ""cm""}, {""storage"": ""personal"", ""weight"": 8.26, ""height"": 35.36, ""width"": 78.96, ""depth"": 8.38, ""unit"": ""cm""}, {""storage"": ""personal"", ""weight"": 12.01, ""height"": 44.95, ""width"": 37.56, ""depth"": 13.63, ""unit"": ""cm""}, {""storage"": ""carry-on"", ""weight"": 11.07, ""height"": 77.41, ""width"": 62.2, ""depth"": 23.81, ""unit"": ""cm""}]",False,"Carry-on: 1 bag(s) exceed quantity allowance, transferred to cargo; Total weight 19.33kg exceeds 7kg limit, all carry-on items transferred to cargo. Total fees: €225 | Checked: Checked luggage complies with the policy.","[{""storage"": ""personal"", ""weight"": 12.01, ""height"": 44.95, ""width"": 37.56, ""depth"": 13.63, ""unit"": ""cm""}, {""storage"": ""carry-on"", ""weight"": 11.07, ""height"": 77.41, ""width"": 62.2, ""depth"": 23.81, ""unit"": ""cm""}, {""storage"": ""personal"", ""weight"": 8.26, ""height"": 35.36, ""width"": 78.96, ""depth"": 8.38, ""unit"": ""cm""}]",400
Business,infant,"[{""storage"": ""personal"", ""weight"": 9.97, ""height"": 26.78, ""width"": 22.7, ""depth"": 19.23, ""unit"": ""cm""}, {""storage"": ""checked"", ""weight"": 16.1, ""height"": 59.18, ""width"": 32.01, ""depth"": 23.96, ""unit"": ""cm""}]",True,All luggage complies with the policy.,,0
Economy,child,"[{""storage"": ""checked"", ""weight"": 8.08, ""height"": 65.61, ""width"": 59.76, ""depth"": 37.93, ""unit"": ""cm""}, {""storage"": ""carry-on"", ""weight"": 12.08, ""height"": 37.08, ""width"": 13.14, ""depth"": 18.27, ""unit"": ""cm""}, {""storage"": ""checked"", ""weight"": 24.08, ""height"": 56.1, ""width"": 28.24, ""depth"": 12.72, ""unit"": ""cm""}, {""storage"": ""carry-on"", ""weight"": 1.32, ""height"": 40.83, ""width"": 53.25, ""depth"": 32.69, ""unit"": ""cm""}]",False,"Carry-on: Total weight 13.4kg exceeds 7kg limit, all carry-on items transferred to cargo. Total fees: €75 | Checked: Checked luggage complies with the policy.","[{""storage"": ""carry-on"", ""weight"": 12.08, ""height"": 37.08, ""width"": 13.14, ""depth"": 18.27, ""unit"": ""cm""}, {""storage"": ""carry-on"", ""weight"": 1.32, ""height"": 40.83, ""width"": 53.25, ""depth"": 32.69, ""unit"": ""cm""}]",400
First,adult,"[{""storage"": ""personal"", ""weight"": 5.4, ""height"": 36.07, ""width"": 5.95, ""depth"": 11.47, ""unit"": ""cm""}]",True,All luggage complies with the policy.,,0
First,infant,"[{""storage"": ""personal"", ""weight"": 7.51, ""height"": 17.93, ""width"": 4.59, ""depth"": 1.17, ""unit"": ""cm""}, {""storage"": ""checked"", ""weight"": 2.92, ""height"": 35.94, ""width"": 37.2, ""depth"": 36.14, ""unit"": ""cm""}]",True,All luggage complies with the policy.,,0
Business,child,"[{""storage"": ""carry-on"", ""weight"": 10.15, ""height"": 36.3, ""width"": 33.92, ""depth"": 11.15, ""unit"": ""cm""}, {""storage"": ""personal"", ""weight"": 1.61, ""height"": 24.9, ""width"": 19.86, ""depth"": 15.09, ""unit"": ""cm""}]",True,All luggage complies with the policy.,,0
Business,infant,"[{""storage"": ""carry-on"", ""weight"": 10.06, ""height"": 36.61, ""width"": 12.14, ""depth"": 20.32, ""unit"": ""cm""}, {""storage"": ""carry-on"", ""weight"": 7.73, ""height"": 98.24, ""width"": 31.34, ""depth"": 32.47, ""unit"": ""cm""}, {""storage"": ""carry-on"", ""weight"": 3.5, ""height"": 81.49, ""width"": 20.52, ""depth"": 33.08, ""unit"": ""cm""}, {""storage"": ""carry-on"", ""weight"": 5.4, ""height"": 85.92, ""width"": 22.82, ""depth"": 44.76, ""unit"": ""cm""}, {""storage"": ""carry-on"", ""weight"": 4.44, ""height"": 97.96, ""width"": 59.92, ""depth"": 3.05, ""unit"": ""cm""}]",False,"Carry-on: 2 bag(s) exceed quantity allowance, transferred to cargo; Total weight 21.29kg exceeds 12kg limit, all carry-on items transferred to cargo. Total fees: €375","[{""storage"": ""carry-on"", ""weight"": 5.4, ""height"": 85.92, ""width"": 22.82, ""depth"": 44.76, ""unit"": ""cm""}, {""storage"": ""carry-on"", ""weight"": 4.44, ""height"": 97.96, ""width"": 59.92, ""depth"": 3.05, ""unit"": ""cm""}, {""storage"": ""carry-on"", ""weight"": 10.06, ""height"": 36.61, ""width"": 12.14, ""depth"": 20.32, ""unit"": ""cm""}, {""storage"": ""carry-on"", ""weight"": 7.73, ""height"": 98.24, ""width"": 31.34, ""depth"": 32.47, ""unit"": ""cm""}, {""storage"": ""carry-on"", ""weight"": 3.5, ""height"": 81.49, ""width"": 20.52, ""depth"": 33.08, ""unit"": ""cm""}]",375
First,adult,"[{""storage"": ""carry-on"", ""weight"": 2.09, ""height"": 91.2, ""width"": 35.07, ""depth"": 31.79, ""unit"": ""cm""}, {""storage"": ""personal"", ""weight"": 9.42, ""height"": 80.08, ""width"": 25.76, ""depth"": 27.84, ""unit"": ""cm""}, {""storage"": ""carry-on"", ""weight"": 3.8, ""height"": 42.64, ""width"": 74.22, ""depth"": 27.77, ""unit"": ""cm""}, {""storage"": ""personal"", ""weight"": 0.77, ""height"": 86.68, ""width"": 45.1, ""depth"": 25.92, ""unit"": ""cm""}]",False,"Carry-on: 1 bag(s) exceed quantity allowance, transferred to cargo; Total weight 15.309999999999999kg exceeds 12kg limit, all carry-on items transferred to cargo. Total fees: €225","[{""storage"": ""personal"", ""weight"": 0.77, ""height"": 86.68, ""width"": 45.1, ""depth"": 25.92, ""unit"": ""cm""}, {""storage"": ""carry-on"", ""weight"": 2.09, ""height"": 91.2, ""width"": 35.07, ""depth"": 31.79, ""unit"": ""cm""}, {""storage"": ""carry-on"", ""weight"": 3.8, ""height"": 42.64, ""width"": 74.22, ""depth"": 27.77, ""unit"": ""cm""}, {""storage"": ""personal"", ""weight"": 9.42, ""height"": 80.08, ""width"": 25.76, ""depth"": 27.84, ""unit"": ""cm""}]",225
Economy,adult,"[{""storage"": ""personal"", ""weight"": 1.6, ""height"": 4.86, ""width"": 11.85, ""depth"": 11.75, ""unit"": ""cm""}, {""storage"": ""checked"", ""weight"": 20.9, ""height"": 24.45, ""width"": 32.61, ""depth"": 31.86, ""unit"": ""cm""}]",True,All luggage complies with the policy.,,0
Economy,infant,"[{""storage"": ""carry-on"", ""weight"": 5.01, ""height"": 51.06, ""width"": 31.26, ""depth"": 18.53, ""unit"": ""cm""}, {""storage"": ""personal"", ""weight"": 0.08, ""height"": 15.37, ""width"": 24.75, ""depth"": 9.67, ""unit"": ""cm""}]",True,All luggage complies with the policy.,,0
Economy,child,"[{""storage"": ""checked"", ""weight"": 20.91, ""height"": 49.09, ""width"": 51.51, ""depth"": 10.1, ""unit"": ""cm""}, {""storage"": ""carry-on"", ""weight"": 10.97, ""height"": 50.56, ""width"": 35.35, ""depth"": 33.16, ""unit"": ""cm""}, {""storage"": ""checked"", ""weight"": 35.69, ""height"": 13.77, ""width"": 61.66, ""depth"": 3.87, ""unit"": ""cm""}, {""storage"": ""carry-on"", ""weight"": 5.27, ""height"": 42.91, ""width"": 73.88, ""depth"": 20.64, ""unit"": ""cm""}]",False,"Carry-on: Total weight 16.240000000000002kg exceeds 7kg limit, all carry-on items transferred to cargo. Total fees: €75 | Checked: The following items must be shipped as cargo: Bag 2: weight 35.69kg exceeds 32kg limit. Total fees: €225 (cargo shipping costs not included - please contact cargo department). Consider splitting items or reducing weight/size to avoid cargo shipping.","[{""storage"": ""carry-on"", ""weight"": 10.97, ""height"": 50.56, ""width"": 35.35, ""depth"": 33.16, ""unit"": ""cm""}, {""storage"": ""carry-on"", ""weight"": 5.27, ""height"": 42.91, ""width"": 73.88, ""depth"": 20.64, ""unit"": ""cm""}, {""storage"": ""checked"", ""weight"": 35.69, ""height"": 13.77, ""width"": 61.66, ""depth"": 3.87, ""unit"": ""cm""}]",300
First,adult,"[{""storage"": ""checked"", ""weight"": 3.84, ""height"": 43.67, ""width"": 64.6, ""depth"": 3.03, ""unit"": ""cm""}, {""storage"": ""personal"", ""weight"": 14.52, ""height"": 8.75, ""width"": 13.08, ""depth"": 35.09, ""unit"": ""cm""}]",False,"Carry-on: Total weight 14.52kg exceeds 12kg limit, all carry-on items transferred to cargo. Total fees: €75","[{""storage"": ""personal"", ""weight"": 14.52, ""height"": 8.75, ""width"": 13.08, ""depth"": 35.09, ""unit"": ""cm""}]",75
Business,child,"[{""storage"": ""carry-on"", ""weight"": 4.13, ""height"": 85.0, ""width"": 14.12, ""depth"": 42.22, ""unit"": ""cm""}, {""storage"": ""carry-on"", ""weight"": 0.47, ""height"": 70.16, ""width"": 34.19, ""depth"": 32.07, ""unit"": ""cm""}, {""storage"": ""checked"", ""weight"": 37.94, ""height"": 75.48, ""width"": 67.7, ""depth"": 15.58, ""unit"": ""cm""}, {""storage"": ""checked"", ""weight"": 9.6, ""height"": 6.44, ""width"": 16.18, ""depth"": 5.72, ""unit"": ""cm""}]",False,"Carry-on: 2 bag(s) exceed size limits, transferred to cargo. Total fees: €200 | Checked: The following items must be shipped as cargo: Bag 1: weight 37.94kg exceeds 32kg limit. Total fees: €175 (cargo shipping costs not included - please contact cargo department). Consider splitting items or reducing weight/size to avoid cargo shipping.","[{""storage"": ""carry-on"", ""weight"": 4.13, ""height"": 85.0, ""width"": 14.12, ""depth"": 42.22, ""unit"": ""cm""}, {""storage"": ""carry-on"", ""weight"": 0.47, ""height"": 70.16, ""width"": 34.19, ""depth"": 32.07, ""unit"": ""cm""}, {""storage"": ""checked"", ""weight"": 37.94, ""height"": 75.48, ""width"": 67.7, ""depth"": 15.58, ""unit"": ""cm""}]",375
Economy,child,"[{""storage"": ""carry-on"", ""weight"": 3.76, ""height"": 90.67, ""width"": 68.1, ""depth"": 29.04, ""unit"": ""cm""}, {""storage"": ""checked"", ""weight"": 10.22, ""height"": 12.26, ""width"": 3.1, ""depth"": 18.16, ""unit"": ""cm""}, {""storage"": ""personal"", ""weight"": 13.51, ""height"": 86.77, ""width"": 66.13, ""depth"": 44.04, ""unit"": ""cm""}, {""storage"": ""personal"", ""weight"": 9.95, ""height"": 62.44, ""width"": 77.22, ""depth"": 35.21, ""unit"": ""cm""}, {""storage"": ""checked"", ""weight"": 48.02, ""height"": 52.26, ""width"": 19.65, ""depth"": 46.71, ""unit"": ""cm""}]",False,"Carry-on: 1 bag(s) exceed quantity allowance, transferred to cargo; Total weight 17.27kg exceeds 7kg limit, all carry-on items transferred to cargo. Total fees: €225 | Checked: The following items must be shipped as cargo: Bag 2: weight 48.02kg exceeds 32kg limit. Total fees: €225 (cargo shipping costs not included - please contact cargo department). Consider splitting items or reducing weight/size to avoid cargo shipping.","[{""storage"": ""personal"", ""weight"": 9.95, ""height"": 62.44, ""width"": 77.22, ""depth"": 35.21, ""unit"": ""cm""}, {""storage"": ""carry-on"", ""weight"": 3.76, ""height"": 90.67, ""width"": 68.1, ""depth"": 29.04, ""unit"": ""cm""}, {""storage"": ""personal"", ""weight"": 13.51, ""height"": 86.77, ""width"": 66.13, ""depth"": 44.04, ""unit"": ""cm""}, {""storage"": ""checked"", ""weight"": 48.02, ""height"": 52.26, ""width"": 19.65, ""depth"": 46.71, ""unit"": ""cm""}]",450
Business,adult,"[{""storage"": ""personal"", ""weight"": 5.42, ""height"": 11.74, ""width"": 63.76, ""depth"": 26.92, ""unit"": ""cm""}, {""storage"": ""carry-on"", ""weight"": 12.48, ""height"": 97.16, ""width"": 51.64, ""depth"": 15.98, ""unit"": ""cm""}, {""storage"": ""personal"", ""weight"": 14.06, ""height"": 72.5, ""width"": 47.07, ""depth"": 26.54, ""unit"": ""cm""}]",False,"Carry-on: Total weight 31.96kg exceeds 12kg limit, all carry-on items transferred to cargo. Total fees: €75","[{""storage"": ""carry-on"", ""weight"": 12.48, ""height"": 97.16, ""width"": 51.64, ""depth"": 15.98, ""unit"": ""cm""}, {""storage"": ""personal"", ""weight"": 5.42, ""height"": 11.74, ""width"": 63.76, ""depth"": 26.92, ""unit"": ""cm""}, {""storage"": ""personal"", ""weight"": 14.06, ""height"": 72.5, ""width"": 47.07, ""depth"": 26.54, ""unit"": ""cm""}]",75
First,adult,"[{""storage"": ""personal"", ""weight"": 6.6, ""height"": 35.3, ""width"": 8.63, ""depth"": 10.24, ""unit"": ""cm""}, {""storage"": ""checked"", ""weight"": 22.07, ""height"": 31.22, ""width"": 57.57, ""depth"": 27.06, ""unit"": ""cm""}, {""storage"": ""checked"", ""weight"": 30.69, ""height"": 20.22, ""width"": 53.55, ""depth"": 36.11, ""unit"": ""cm""}, {""storage"": ""checked"", ""weight"": 25.57, ""height"": 51.85, ""width"": 35.19, ""depth"": 31.09, ""unit"": ""cm""}]",True,All luggage complies with the policy.,,0
First,adult,"[{""storage"": ""carry-on"", ""weight"": 0.07, ""height"": 6.22, ""width"": 18.83, ""depth"": 22.4, ""unit"": ""cm""}, {""storage"": ""personal"", ""weight"": 5.24, ""height"": 17.82, ""width"": 26.38, ""depth"": 0.81, ""unit"": ""cm""}, {""storage"": ""checked"", ""weight"": 24.5, ""height"": 23.92, ""width"": 42.83, ""depth"": 30.42, ""unit"": ""cm""}, {""storage"": ""checked"", ""weight"": 11.55, ""height"": 32.05, ""width"": 53.02, ""depth"": 49.86, ""unit"": ""cm""}]",True,All luggage complies with the policy.,,0
Business,adult,"[{""storage"": ""checked"", ""weight"": 8.07, ""height"": 21.85, ""width"": 23.15, ""depth"": 12.65, ""unit"": ""cm""}]",True,All luggage complies with the policy.,,0
Business,adult,"[{""storage"": ""personal"", ""weight"": 12.4, ""height"": 82.63, ""width"": 25.85, ""depth"": 13.66, ""unit"": ""cm""}, {""storage"": ""personal"", ""weight"": 13.33, ""height"": 24.43, ""width"": 60.77, ""depth"": 1.45, ""unit"": ""cm""}, {""storage"": ""checked"", ""weight"": 27.66, ""height"": 70.76, ""width"": 10.9, ""depth"": 9.68, ""unit"": ""cm""}, {""storage"": ""checked"", ""weight"": 43.21, ""height"": 52.01, ""width"": 74.31, ""depth"": 28.51, ""unit"": ""cm""}, {""storage"": ""personal"", ""weight"": 0.42, ""height"": 73.07, ""width"": 35.97, ""depth"": 21.27, ""unit"": ""cm""}]",False,"Carry-on: Total weight 26.150000000000002kg exceeds 12kg limit, all carry-on items transferred to cargo. Total fees: €75 | Checked: The following items must be shipped as cargo: Bag 2: weight 43.21kg exceeds 32kg limit. Total fees: €75 (cargo shipping costs not included - please contact cargo department). Consider splitting items or reducing weight/size to avoid cargo shipping.","[{""storage"": ""personal"", ""weight"": 12.4, ""height"": 82.63, ""width"": 25.85, ""depth"": 13.66, ""unit"": ""cm""}, {""storage"": ""personal"", ""weight"": 13.33, ""height"": 24.43, ""width"": 60.77, ""depth"": 1.45, ""unit"": ""cm""}, {""storage"": ""personal"", ""weight"": 0.42, ""height"": 73.07, ""width"": 35.97, ""depth"": 21.27, ""unit"": ""cm""}, {""storage"": ""checked"", ""weight"": 43.21, ""height"": 52.01, ""width"": 74.31, ""depth"": 28.51, ""unit"": ""cm""}]",150
First,adult,"[{""storage"": ""carry-on"", ""weight"": 1.08, ""height"": 69.3, ""width"": 68.8, ""depth"": 40.11, ""unit"": ""cm""}, {""storage"": ""carry-on"", ""weight"": 14.48, ""height"": 25.93, ""width"": 70.7, ""depth"": 31.1, ""unit"": ""cm""}, {""storage"": ""carry-on"", ""weight"": 14.93, ""height"": 30.27, ""width"": 75.3, ""depth"": 5.12, ""unit"": ""cm""}, {""storage"": ""checked"", ""weight"": 31.84, ""height"": 84.49, ""width"": 62.24, ""depth"": 16.7, ""unit"": ""cm""}]",False,"Carry-on: Total weight 30.490000000000002kg exceeds 12kg limit, all carry-on items transferred to cargo. Total fees: €75 | Checked: Checked luggage complies with the policy.","[{""storage"": ""carry-on"", ""weight"": 1.08, ""height"": 69.3, ""width"": 68.8, ""depth"": 40.11, ""unit"": ""cm""}, {""storage"": ""carry-on"", ""weight"": 14.48, ""height"": 25.93, ""width"": 70.7, ""depth"": 31.1, ""unit"": ""cm""}, {""storage"": ""carry-on"", ""weight"": 14.93, ""height"": 30.27, ""width"": 75.3, ""depth"": 5.12, ""unit"": ""cm""}]",175
Business,child,"[{""storage"": ""checked"", ""weight"": 20.64, ""height"": 16.79, ""width"": 53.6, ""depth"": 16.63, ""unit"": ""cm""}, {""storage"": ""carry-on"", ""weight"": 13.49, ""height"": 17.94, ""width"": 58.83, ""depth"": 48.89, ""unit"": ""cm""}, {""storage"": ""checked"", ""weight"": 23.61, ""height"": 63.77, ""width"": 2.03, ""depth"": 49.12, ""unit"": ""cm""}]",False,"Carry-on: Total weight 13.49kg exceeds 12kg limit, all carry-on items transferred to cargo. Total fees: €75","[{""storage"": ""carry-on"", ""weight"": 13.49, ""height"": 17.94, ""width"": 58.83, ""depth"": 48.89, ""unit"": ""cm""}]",75
Business,adult,"[{""storage"": ""personal"", ""weight"": 2.99, ""height"": 6.06, ""width"": 28.07, ""depth"": 19.29, ""unit"": ""cm""}, {""storage"": ""checked"", ""weight"": 3.67, ""height"": 42.54, ""width"": 43.11, ""depth"": 49.2, ""unit"": ""cm""}, {""storage"": ""checked"", ""weight"": 23.76, ""height"": 65.14, ""width"": 51.58, ""depth"": 26.57, ""unit"": ""cm""}]",True,All luggage complies with the policy.,,0
Economy,child,"[{""storage"": ""checked"", ""weight"": 35.0, ""height"": 82.54, ""width"": 55.61, ""depth"": 27.76, ""unit"": ""cm""}, {""storage"": ""personal"", ""weight"": 13.1, ""height"": 82.11, ""width"": 42.6, ""depth"": 43.64, ""unit"": ""cm""}]",False,"Carry-on: Total weight 13.1kg exceeds 7kg limit, all carry-on items transferred to cargo. Total fees: €75 | Checked: The following items must be shipped as cargo: Bag 1: weight 35.0kg exceeds 32kg limit. Total fees: €175 (cargo shipping costs not included - please contact cargo department). Consider splitting items or reducing weight/size to avoid cargo shipping.","[{""storage"": ""personal"", ""weight"": 13.1, ""height"": 82.11, ""width"": 42.6, ""depth"": 43.64, ""unit"": ""cm""}, {""storage"": ""checked"", ""weight"": 35.0, ""height"": 82.54, ""width"": 55.61, ""depth"": 27.76, ""unit"": ""cm""}]",250
Economy,child,"[{""storage"": ""carry-on"", ""weight"": 1.05, ""height"": 78.13, ""width"": 55.7, ""depth"": 41.04, ""unit"": ""cm""}, {""storage"": ""carry-on"", ""weight"": 12.05, ""height"": 77.95, ""width"": 51.54, ""depth"": 20.42, ""unit"": ""cm""}, {""storage"": ""personal"", ""weight"": 7.09, ""height"": 23.87, ""width"": 75.23, ""depth"": 45.02, ""unit"": ""cm""}]",False,"Carry-on: 1 bag(s) exceed quantity allowance, transferred to cargo; Total weight 8.14kg exceeds 7kg limit, all carry-on items transferred to cargo. Total fees: €225","[{""storage"": ""carry-on"", ""weight"": 12.05, ""height"": 77.95, ""width"": 51.54, ""depth"": 20.42, ""unit"": ""cm""}, {""storage"": ""carry-on"", ""weight"": 1.05, ""height"": 78.13, ""width"": 55.7, ""depth"": 41.04, ""unit"": ""cm""}, {""storage"": ""personal"", ""weight"": 7.09, ""height"": 23.87, ""width"": 75.23, ""depth"": 45.02, ""unit"": ""cm""}]",225
Economy,child,"[{""storage"": ""personal"", ""weight"": 1.35, ""height"": 31.64, ""width"": 11.51, ""depth"": 19.8, ""unit"": ""cm""}, {""storage"": ""personal"", ""weight"": 2.57, ""height"": 15.52, ""width"": 15.0, ""depth"": 11.07, ""unit"": ""cm""}, {""storage"": ""carry-on"", ""weight"": 8.81, ""height"": 25.08, ""width"": 43.32, ""depth"": 10.52, ""unit"": ""cm""}]",False,"Carry-on: 1 bag(s) exceed quantity allowance, transferred to cargo; Total weight 10.16kg exceeds 7kg limit, all carry-on items transferred to cargo. Total fees: €225","[{""storage"": ""personal"", ""weight"": 2.57, ""height"": 15.52, ""width"": 15.0, ""depth"": 11.07, ""unit"": ""cm""}, {""storage"": ""carry-on"", ""weight"": 8.81, ""height"": 25.08, ""width"": 43.32, ""depth"": 10.52, ""unit"": ""cm""}, {""storage"": ""personal"", ""weight"": 1.35, ""height"": 31.64, ""width"": 11.51, ""depth"": 19.8, ""unit"": ""cm""}]",225
First,adult,"[{""storage"": ""carry-on"", ""weight"": 11.24, ""height"": 49.09, ""width"": 18.3, ""depth"": 10.67, ""unit"": ""cm""}, {""storage"": ""checked"", ""weight"": 21.18, ""height"": 5.8, ""width"": 27.8, ""depth"": 18.15, ""unit"": ""cm""}, {""storage"": ""personal"", ""weight"": 4.47, ""height"": 53.05, ""width"": 45.21, ""depth"": 38.18, ""unit"": ""cm""}, {""storage"": ""checked"", ""weight"": 38.0, ""height"": 45.84, ""width"": 58.11, ""depth"": 27.46, ""unit"": ""cm""}]",False,"Carry-on: Total weight 15.71kg exceeds 12kg limit, all carry-on items transferred to cargo. Total fees: €75 | Checked: The following items must be shipped as cargo: Bag 2: weight 38.0kg exceeds 32kg limit. Total fees: €75 (cargo shipping costs not included - please contact cargo department). Consider splitting items or reducing weight/size to avoid cargo shipping.","[{""storage"": ""carry-on"", ""weight"": 11.24, ""height"": 49.09, ""width"": 18.3, ""depth"": 10.67, ""unit"": ""cm""}, {""storage"": ""personal"", ""weight"": 4.47, ""height"": 53.05, ""width"": 45.21, ""depth"": 38.18, ""unit"": ""cm""}, {""storage"": ""checked"", ""weight"": 38.0, ""height"": 45.84, ""width"": 58.11, ""depth"": 27.46, ""unit"": ""cm""}]",150
First,infant,"[{""storage"": ""carry-on"", ""weight"": 6.3, ""height"": 51.53, ""width"": 63.48, ""depth"": 10.7, ""unit"": ""cm""}, {""storage"": ""personal"", ""weight"": 11.75, ""height"": 92.16, ""width"": 26.09, ""depth"": 23.5, ""unit"": ""cm""}, {""storage"": ""checked"", ""weight"": 15.24, ""height"": 15.08, ""width"": 2.16, ""depth"": 40.77, ""unit"": ""cm""}, {""storage"": ""checked"", ""weight"": 11.44, ""height"": 59.23, ""width"": 63.04, ""depth"": 32.9, ""unit"": ""cm""}]",False,"Carry-on: Total weight 18.05kg exceeds 12kg limit, all carry-on items transferred to cargo. Total fees: €75","[{""storage"": ""carry-on"", ""weight"": 6.3, ""height"": 51.53, ""width"": 63.48, ""depth"": 10.7, ""unit"": ""cm""}, {""storage"": ""personal"", ""weight"": 11.75, ""height"": 92.16, ""width"": 26.09, ""depth"": 23.5, ""unit"": ""cm""}]",75
Business,child,"[{""storage"": ""carry-on"", ""weight"": 2.64, ""height"": 18.04, ""width"": 5.93, ""depth"": 11.47, ""unit"": ""cm""}, {""storage"": ""carry-on"", ""weight"": 0.62, ""height"": 26.72, ""width"": 34.47, ""depth"": 8.41, ""unit"": ""cm""}, {""storage"": ""personal"", ""weight"": 2.72, ""height"": 20.5, ""width"": 28.49, ""depth"": 7.63, ""unit"": ""cm""}, {""storage"": ""checked"", ""weight"": 20.61, ""height"": 59.69, ""width"": 33.84, ""depth"": 23.69, ""unit"": ""cm""}, {""storage"": ""checked"", ""weight"": 29.93, ""height"": 37.56, ""width"": 58.24, ""depth"": 38.98, ""unit"": ""cm""}]",True,All luggage complies with the policy.,,0
Business,infant,"[{""storage"": ""personal"", ""weight"": 11.15, ""height"": 16.31, ""width"": 27.08, ""depth"": 13.39, ""unit"": ""cm""}]",True,All luggage complies with the policy.,,0
Economy,adult,"[{""storage"": ""checked"", ""weight"": 23.8, ""height"": 0.28, ""width"": 31.25, ""depth"": 41.36, ""unit"": ""cm""}, {""storage"": ""checked"", ""weight"": 45.42, ""height"": 11.45, ""width"": 49.92, ""depth"": 30.78, ""unit"": ""cm""}]",False,Checked: The following items must be shipped as cargo: Bag 2: weight 45.42kg exceeds 32kg limit. Total fees: €300 (cargo shipping costs not included - please contact cargo department). Consider splitting items or reducing weight/size to avoid cargo shipping.,"[{""storage"": ""checked"", ""weight"": 45.42, ""height"": 11.45, ""width"": 49.92, ""depth"": 30.78, ""unit"": ""cm""}]",300
Business,infant,"[{""storage"": ""personal"", ""weight"": 0.95, ""height"": 13.19, ""width"": 14.78, ""depth"": 15.36, ""unit"": ""cm""}, {""storage"": ""checked"", ""weight"": 27.88, ""height"": 68.23, ""width"": 45.2, ""depth"": 40.65, ""unit"": ""cm""}]",True,All luggage complies with the policy.,,0
Economy,adult,"[{""storage"": ""carry-on"", ""weight"": 2.74, ""height"": 60.99, ""width"": 33.86, ""depth"": 23.2, ""unit"": ""cm""}, {""storage"": ""checked"", ""weight"": 42.79, ""height"": 66.43, ""width"": 68.92, ""depth"": 44.66, ""unit"": ""cm""}]",False,"Carry-on: 1 bag(s) exceed size limits, transferred to cargo. Total fees: €100 | Checked: The following items must be shipped as cargo: Bag 1: weight 42.79kg exceeds 32kg limit. Total fees: €175 (cargo shipping costs not included - please contact cargo department). Consider splitting items or reducing weight/size to avoid cargo shipping.","[{""storage"": ""carry-on"", ""weight"": 2.74, ""height"": 60.99, ""width"": 33.86, ""depth"": 23.2, ""unit"": ""cm""}, {""storage"": ""checked"", ""weight"": 42.79, ""height"": 66.43, ""width"": 68.92, ""depth"": 44.66, ""unit"": ""cm""}]",275
Business,adult,"[{""storage"": ""carry-on"", ""weight"": 10.22, ""height"": 20.76, ""width"": 17.5, ""depth"": 2.14, ""unit"": ""cm""}, {""storage"": ""personal"", ""weight"": 1.15, ""height"": 11.98, ""width"": 26.0, ""depth"": 17.2, ""unit"": ""cm""}]",True,All luggage complies with the policy.,,0
Economy,child,"[{""storage"": ""personal"", ""weight"": 2.99, ""height"": 0.92, ""width"": 13.0, ""depth"": 17.95, ""unit"": ""cm""}, {""storage"": ""checked"", ""weight"": 3.23, ""height"": 32.39, ""width"": 37.25, ""depth"": 32.66, ""unit"": ""cm""}]",True,All luggage complies with the policy.,,0
Business,infant,"[{""storage"": ""carry-on"", ""weight"": 9.46, ""height"": 21.37, ""width"": 2.0, ""depth"": 16.67, ""unit"": ""cm""}, {""storage"": ""personal"", ""weight"": 1.5, ""height"": 3.56, ""width"": 26.21, ""depth"": 8.13, ""unit"": ""cm""}, {""storage"": ""checked"", ""weight"": 12.94, ""height"": 65.66, ""width"": 32.56, ""depth"": 25.09, ""unit"": ""cm""}]",True,All luggage complies with the policy.,,0
Business,child,"[{""storage"": ""carry-on"", ""weight"": 4.97, ""height"": 33.26, ""width"": 38.84, ""depth"": 4.55, ""unit"": ""cm""}, {""storage"": ""personal"", ""weight"": 0.11, ""height"": 21.54, ""width"": 25.01, ""depth"": 4.43, ""unit"": ""cm""}]",True,All luggage complies with the policy.,,0
First,child,"[{""storage"": ""carry-on"", ""weight"": 14.07, ""height"": 67.47, ""width"": 27.25, ""depth"": 18.6, ""unit"": ""cm""}, {""storage"": ""carry-on"", ""weight"": 4.31, ""height"": 18.08, ""width"": 14.65, ""depth"": 37.85, ""unit"": ""cm""}, {""storage"": ""personal"", ""weight"": 3.59, ""height"": 66.34, ""width"": 63.09, ""depth"": 28.3, ""unit"": ""cm""}]",False,"Carry-on: Total weight 21.97kg exceeds 12kg limit, all carry-on items transferred to cargo. Total fees: €75","[{""storage"": ""carry-on"", ""weight"": 14.07, ""height"": 67.47, ""width"": 27.25, ""depth"": 18.6, ""unit"": ""cm""}, {""storage"": ""carry-on"", ""weight"": 4.31, ""height"": 18.08, ""width"": 14.65, ""depth"": 37.85, ""unit"": ""cm""}, {""storage"": ""personal"", ""weight"": 3.59, ""height"": 66.34, ""width"": 63.09, ""depth"": 28.3, ""unit"": ""cm""}]",75
Economy,adult,"[{""storage"": ""personal"", ""weight"": 1.83, ""height"": 20.15, ""width"": 2.59, ""depth"": 9.82, ""unit"": ""cm""}]",True,All luggage complies with the policy.,,0
First,infant,"[{""storage"": ""personal"", ""weight"": 3.23, ""height"": 9.24, ""width"": 21.82, ""depth"": 12.61, ""unit"": ""cm""}, {""storage"": ""checked"", ""weight"": 29.48, ""height"": 35.96, ""width"": 31.23, ""depth"": 44.09, ""unit"": ""cm""}, {""storage"": ""checked"", ""weight"": 3.74, ""height"": 44.73, ""width"": 20.37, ""depth"": 37.24, ""unit"": ""cm""}, {""storage"": ""checked"", ""weight"": 16.75, ""height"": 25.98, ""width"": 46.0, ""depth"": 48.32, ""unit"": ""cm""}]",True,All luggage complies with the policy.,,0
Economy,adult,"[{""storage"": ""personal"", ""weight"": 5.2, ""height"": 5.29, ""width"": 2.14, ""depth"": 7.54, ""unit"": ""cm""}, {""storage"": ""checked"", ""weight"": 3.74, ""height"": 39.68, ""width"": 31.63, ""depth"": 44.56, ""unit"": ""cm""}]",True,All luggage complies with the policy.,,0
First,adult,"[{""storage"": ""personal"", ""weight"": 10.0, ""height"": 4.83, ""width"": 19.51, ""depth"": 16.28, ""unit"": ""cm""}, {""storage"": ""checked"", ""weight"": 19.93, ""height"": 35.52, ""width"": 54.48, ""depth"": 23.39, ""unit"": ""cm""}]",True,All luggage complies with the policy.,,0
Economy,adult,"[{""storage"": ""personal"", ""weight"": 6.78, ""height"": 36.79, ""width"": 26.64, ""depth"": 11.97, ""unit"": ""cm""}]",True,All luggage complies with the policy.,,0
Business,infant,"[{""storage"": ""carry-on"", ""weight"": 2.56, ""height"": 12.42, ""width"": 15.18, ""depth"": 8.35, ""unit"": ""cm""}, {""storage"": ""personal"", ""weight"": 6.51, ""height"": 33.65, ""width"": 17.47, ""depth"": 4.89, ""unit"": ""cm""}, {""storage"": ""checked"", ""weight"": 5.63, ""height"": 68.94, ""width"": 37.65, ""depth"": 35.9, ""unit"": ""cm""}, {""storage"": ""checked"", ""weight"": 14.9, ""height"": 43.41, ""width"": 53.44, ""depth"": 21.23, ""unit"": ""cm""}]",True,All luggage complies with the policy.,,0
Business,child,"[{""storage"": ""carry-on"", ""weight"": 0.61, ""height"": 42.12, ""width"": 16.01, ""depth"": 16.54, ""unit"": ""cm""}, {""storage"": ""personal"", ""weight"": 1.35, ""height"": 28.29, ""width"": 19.17, ""depth"": 4.91, ""unit"": ""cm""}, {""storage"": ""checked"", ""weight"": 15.03, ""height"": 28.17, ""width"": 30.72, ""depth"": 28.78, ""unit"": ""cm""}, {""storage"": ""checked"", ""weight"": 30.54, ""height"": 58.85, ""width"": 48.4, ""depth"": 38.76, ""unit"": ""cm""}]",True,All luggage complies with the policy.,,0
First,infant,"[{""storage"": ""personal"", ""weight"": 11.3, ""height"": 34.08, ""width"": 18.06, ""depth"": 16.74, ""unit"": ""cm""}, {""storage"": ""checked"", ""weight"": 13.48, ""height"": 31.59, ""width"": 54.05, ""depth"": 20.78, ""unit"": ""cm""}, {""storage"": ""checked"", ""weight"": 3.32, ""height"": 51.78, ""width"": 26.5, ""depth"": 31.89, ""unit"": ""cm""}]",True,All luggage complies with the policy.,,0
Business,adult,"[{""storage"": ""carry-on"", ""weight"": 5.27, ""height"": 46.52, ""width"": 34.37, ""depth"": 9.15, ""unit"": ""cm""}, {""storage"": ""carry-on"", ""weight"": 2.87, ""height"": 10.37, ""width"": 30.7, ""depth"": 14.84, ""unit"": ""cm""}, {""storage"": ""personal"", ""weight"": 2.08, ""height"": 3.05, ""width"": 9.28, ""depth"": 7.81, ""unit"": ""cm""}, {""storage"": ""checked"", ""weight"": 17.67, ""height"": 44.14, ""width"": 51.15, ""depth"": 41.51, ""unit"": ""cm""}, {""storage"": ""checked"", ""weight"": 28.22, ""height"": 56.5, ""width"": 41.14, ""depth"": 45.75, ""unit"": ""cm""}]",True,All luggage complies with the policy.,,0
Economy,infant,"[{""storage"": ""checked"", ""weight"": 7.33, ""height"": 1.53, ""width"": 53.36, ""depth"": 39.89, ""unit"": ""cm""}, {""storage"": ""personal"", ""weight"": 2.01, ""height"": 85.64, ""width"": 6.84, ""depth"": 13.62, ""unit"": ""cm""}, {""storage"": ""carry-on"", ""weight"": 12.07, ""height"": 39.3, ""width"": 52.04, ""depth"": 9.65, ""unit"": ""cm""}, {""storage"": ""carry-on"", ""weight"": 1.39, ""height"": 31.0, ""width"": 66.82, ""depth"": 42.09, ""unit"": ""cm""}, {""storage"": ""checked"", ""weight"": 1.82, ""height"": 87.88, ""width"": 79.6, ""depth"": 24.09, ""unit"": ""cm""}]",False,"Carry-on: 1 bag(s) exceed quantity allowance, transferred to cargo; Total weight 14.08kg exceeds 7kg limit, all carry-on items transferred to cargo. Total fees: €225 | Checked: Checked luggage complies with the policy.","[{""storage"": ""carry-on"", ""weight"": 1.39, ""height"": 31.0, ""width"": 66.82, ""depth"": 42.09, ""unit"": ""cm""}, {""storage"": ""carry-on"", ""weight"": 12.07, ""height"": 39.3, ""width"": 52.04, ""depth"": 9.65, ""unit"": ""cm""}, {""storage"": ""personal"", ""weight"": 2.01, ""height"": 85.64, ""width"": 6.84, ""depth"": 13.62, ""unit"": ""cm""}]",475
First,child,"[{""storage"": ""carry-on"", ""weight"": 8.66, ""height"": 66.13, ""width"": 13.29, ""depth"": 34.84, ""unit"": ""cm""}, {""storage"": ""carry-on"", ""weight"": 7.57, ""height"": 68.08, ""width"": 43.9, ""depth"": 31.79, ""unit"": ""cm""}, {""storage"": ""carry-on"", ""weight"": 10.2, ""height"": 16.04, ""width"": 75.03, ""depth"": 36.04, ""unit"": ""cm""}, {""storage"": ""checked"", ""weight"": 41.16, ""height"": 23.71, ""width"": 11.01, ""depth"": 19.8, ""unit"": ""cm""}]",False,"Carry-on: Total weight 26.43kg exceeds 12kg limit, all carry-on items transferred to cargo. Total fees: €75 | Checked: The following items must be shipped as cargo: Bag 1: weight 41.16kg exceeds 32kg limit. Total fees: €75 (cargo shipping costs not included - please contact cargo department). Consider splitting items or reducing weight/size to avoid cargo shipping.","[{""storage"": ""carry-on"", ""weight"": 8.66, ""height"": 66.13, ""width"": 13.29, ""depth"": 34.84, ""unit"": ""cm""}, {""storage"": ""carry-on"", ""weight"": 7.57, ""height"": 68.08, ""width"": 43.9, ""depth"": 31.79, ""unit"": ""cm""}, {""storage"": ""carry-on"", ""weight"": 10.2, ""height"": 16.04, ""width"": 75.03, ""depth"": 36.04, ""unit"": ""cm""}, {""storage"": ""checked"", ""weight"": 41.16, ""height"": 23.71, ""width"": 11.01, ""depth"": 19.8, ""unit"": ""cm""}]",150
Business,child,"[{""storage"": ""personal"", ""weight"": 9.41, ""height"": 16.98, ""width"": 21.11, ""depth"": 10.85, ""unit"": ""cm""}, {""storage"": ""checked"", ""weight"": 11.61, ""height"": 36.92, ""width"": 26.12, ""depth"": 36.49, ""unit"": ""cm""}]",True,All luggage complies with the policy.,,0
First,adult,"[{""storage"": ""carry-on"", ""weight"": 12.48, ""height"": 82.21, ""width"": 12.55, ""depth"": 43.09, ""unit"": ""cm""}, {""storage"": ""carry-on"", ""weight"": 6.11, ""height"": 49.78, ""width"": 45.72, ""depth"": 6.95, ""unit"": ""cm""}, {""storage"": ""personal"", ""weight"": 4.98, ""height"": 83.77, ""width"": 41.73, ""depth"": 43.63, ""unit"": ""cm""}, {""storage"": ""checked"", ""weight"": 31.86, ""height"": 45.58, ""width"": 3.24, ""depth"": 15.61, ""unit"": ""cm""}, {""storage"": ""carry-on"", ""weight"": 6.04, ""height"": 1.11, ""width"": 47.55, ""depth"": 4.67, ""unit"": ""cm""}]",False,"Carry-on: 1 bag(s) exceed quantity allowance, transferred to cargo; Total weight 23.57kg exceeds 12kg limit, all carry-on items transferred to cargo. Total fees: €225","[{""storage"": ""carry-on"", ""weight"": 6.04, ""height"": 1.11, ""width"": 47.55, ""depth"": 4.67, ""unit"": ""cm""}, {""storage"": ""carry-on"", ""weight"": 12.48, ""height"": 82.21, ""width"": 12.55, ""depth"": 43.09, ""unit"": ""cm""}, {""storage"": ""carry-on"", ""weight"": 6.11, ""height"": 49.78, ""width"": 45.72, ""depth"": 6.95, ""unit"": ""cm""}, {""storage"": ""personal"", ""weight"": 4.98, ""height"": 83.77, ""width"": 41.73, ""depth"": 43.63, ""unit"": ""cm""}]",225
Business,child,"[{""storage"": ""personal"", ""weight"": 13.73, ""height"": 9.44, ""width"": 75.86, ""depth"": 32.18, ""unit"": ""cm""}, {""storage"": ""checked"", ""weight"": 38.79, ""height"": 80.27, ""width"": 52.82, ""depth"": 7.28, ""unit"": ""cm""}, {""storage"": ""personal"", ""weight"": 14.71, ""height"": 62.21, ""width"": 9.21, ""depth"": 26.27, ""unit"": ""cm""}]",False,"Carry-on: Total weight 28.44kg exceeds 12kg limit, all carry-on items transferred to cargo. Total fees: €75 | Checked: The following items must be shipped as cargo: Bag 1: weight 38.79kg exceeds 32kg limit. Total fees: €75 (cargo shipping costs not included - please contact cargo department). Consider splitting items or reducing weight/size to avoid cargo shipping.","[{""storage"": ""personal"", ""weight"": 13.73, ""height"": 9.44, ""width"": 75.86, ""depth"": 32.18, ""unit"": ""cm""}, {""storage"": ""personal"", ""weight"": 14.71, ""height"": 62.21, ""width"": 9.21, ""depth"": 26.27, ""unit"": ""cm""}, {""storage"": ""checked"", ""weight"": 38.79, ""height"": 80.27, ""width"": 52.82, ""depth"": 7.28, ""unit"": ""cm""}]",150
Business,child,"[{""storage"": ""carry-on"", ""weight"": 9.32, ""height"": 8.06, ""width"": 33.54, ""depth"": 2.3, ""unit"": ""cm""}, {""storage"": ""carry-on"", ""weight"": 13.26, ""height"": 26.0, ""width"": 63.85, ""depth"": 19.82, ""unit"": ""cm""}, {""storage"": ""checked"", ""weight"": 2.44, ""height"": 96.19, ""width"": 43.4, ""depth"": 32.59, ""unit"": ""cm""}]",False,"Carry-on: Total weight 22.58kg exceeds 12kg limit, all carry-on items transferred to cargo. Total fees: €75 | Checked: Checked luggage complies with the policy.","[{""storage"": ""carry-on"", ""weight"": 9.32, ""height"": 8.06, ""width"": 33.54, ""depth"": 2.3, ""unit"": ""cm""}, {""storage"": ""carry-on"", ""weight"": 13.26, ""height"": 26.0, ""width"": 63.85, ""depth"": 19.82, ""unit"": ""cm""}]",175
Business,infant,"[{""storage"": ""personal"", ""weight"": 3.92, ""height"": 7.25, ""width"": 23.9, ""depth"": 1.48, ""unit"": ""cm""}]",True,All luggage complies with the policy.,,0
Economy,infant,"[{""storage"": ""personal"", ""weight"": 13.54, ""height"": 15.22, ""width"": 6.48, ""depth"": 30.22, ""unit"": ""cm""}, {""storage"": ""checked"", ""weight"": 33.44, ""height"": 29.62, ""width"": 3.76, ""depth"": 29.39, ""unit"": ""cm""}, {""storage"": ""carry-on"", ""weight"": 6.99, ""height"": 47.71, ""width"": 31.8, ""depth"": 4.85, ""unit"": ""cm""}, {""storage"": ""checked"", ""weight"": 24.32, ""height"": 61.51, ""width"": 65.77, ""depth"": 10.2, ""unit"": ""cm""}]",False,"Carry-on: Total weight 20.53kg exceeds 7kg limit, all carry-on items transferred to cargo. Total fees: €75 | Checked: The following items must be shipped as cargo: Bag 1: weight 33.44kg exceeds 32kg limit. Total fees: €300 (cargo shipping costs not included - please contact cargo department). Consider splitting items or reducing weight/size to avoid cargo shipping.","[{""storage"": ""carry-on"", ""weight"": 6.99, ""height"": 47.71, ""width"": 31.8, ""depth"": 4.85, ""unit"": ""cm""}, {""storage"": ""personal"", ""weight"": 13.54, ""height"": 15.22, ""width"": 6.48, ""depth"": 30.22, ""unit"": ""cm""}, {""storage"": ""checked"", ""weight"": 33.44, ""height"": 29.62, ""width"": 3.76, ""depth"": 29.39, ""unit"": ""cm""}]",375
First,adult,"[{""storage"": ""checked"", ""weight"": 36.6, ""height"": 27.83, ""width"": 62.82, ""depth"": 15.29, ""unit"": ""cm""}, {""storage"": ""checked"", ""weight"": 21.72, ""height"": 18.55, ""width"": 8.38, ""depth"": 44.21, ""unit"": ""cm""}, {""storage"": ""personal"", ""weight"": 1.34, ""height"": 71.98, ""width"": 26.67, ""depth"": 5.05, ""unit"": ""cm""}]",False,Checked: The following items must be shipped as cargo: Bag 1: weight 36.6kg exceeds 32kg limit. Total fees: €75 (cargo shipping costs not included - please contact cargo department). Consider splitting items or reducing weight/size to avoid cargo shipping.,"[{""storage"": ""checked"", ""weight"": 36.6, ""height"": 27.83, ""width"": 62.82, ""depth"": 15.29, ""unit"": ""cm""}]",75
Economy,infant,"[{""storage"": ""personal"", ""weight"": 4.32, ""height"": 16.34, ""width"": 6.27, ""depth"": 2.52, ""unit"": ""cm""}]",True,All luggage complies with the policy.,,0
Business,child,"[{""storage"": ""personal"", ""weight"": 14.35, ""height"": 67.37, ""width"": 4.7, ""depth"": 34.38, ""unit"": ""cm""}, {""storage"": ""personal"", ""weight"": 10.05, ""height"": 41.04, ""width"": 51.28, ""depth"": 5.32, ""unit"": ""cm""}, {""storage"": ""carry-on"", ""weight"": 14.47, ""height"": 71.83, ""width"": 31.26, ""depth"": 47.12, ""unit"": ""cm""}, {""storage"": ""carry-on"", ""weight"": 7.34, ""height"": 7.01, ""width"": 34.45, ""depth"": 32.74, ""unit"": ""cm""}, {""storage"": ""checked"", ""weight"": 4.92, ""height"": 59.82, ""width"": 3.36, ""depth"": 37.27, ""unit"": ""cm""}]",False,"Carry-on: 1 bag(s) exceed quantity allowance, transferred to cargo; Total weight 36.160000000000004kg exceeds 12kg limit, all carry-on items transferred to cargo. Total fees: €225","[{""storage"": ""personal"", ""weight"": 10.05, ""height"": 41.04, ""width"": 51.28, ""depth"": 5.32, ""unit"": ""cm""}, {""storage"": ""carry-on"", ""weight"": 14.47, ""height"": 71.83, ""width"": 31.26, ""depth"": 47.12, ""unit"": ""cm""}, {""storage"": ""carry-on"", ""weight"": 7.34, ""height"": 7.01, ""width"": 34.45, ""depth"": 32.74, ""unit"": ""cm""}, {""storage"": ""personal"", ""weight"": 14.35, ""height"": 67.37, ""width"": 4.7, ""depth"": 34.38, ""unit"": ""cm""}]",225
First,infant,"[{""storage"": ""personal"", ""weight"": 4.62, ""height"": 85.9, ""width"": 37.92, ""depth"": 4.26, ""unit"": ""cm""}, {""storage"": ""checked"", ""weight"": 4.28, ""height"": 45.01, ""width"": 38.8, ""depth"": 37.19, ""unit"": ""cm""}, {""storage"": ""checked"", ""weight"": 9.54, ""height"": 74.59, ""width"": 38.78, ""depth"": 23.56, ""unit"": ""cm""}, {""storage"": ""carry-on"", ""weight"": 10.61, ""height"": 10.26, ""width"": 43.22, ""depth"": 22.0, ""unit"": ""cm""}, {""storage"": ""carry-on"", ""weight"": 8.25, ""height"": 92.79, ""width"": 39.82, ""depth"": 45.16, ""unit"": ""cm""}]",False,"Carry-on: Total weight 23.48kg exceeds 12kg limit, all carry-on items transferred to cargo. Total fees: €75","[{""storage"": ""carry-on"", ""weight"": 10.61, ""height"": 10.26, ""width"": 43.22, ""depth"": 22.0, ""unit"": ""cm""}, {""storage"": ""carry-on"", ""weight"": 8.25, ""height"": 92.79, ""width"": 39.82, ""depth"": 45.16, ""unit"": ""cm""}, {""storage"": ""personal"", ""weight"": 4.62, ""height"": 85.9, ""width"": 37.92, ""depth"": 4.26, ""unit"": ""cm""}]",75
Business,child,"[{""storage"": ""checked"", ""weight"": 34.3, ""height"": 79.71, ""width"": 48.85, ""depth"": 41.66, ""unit"": ""cm""}, {""storage"": ""checked"", ""weight"": 42.28, ""height"": 91.21, ""width"": 55.62, ""depth"": 43.36, ""unit"": ""cm""}, {""storage"": ""carry-on"", ""weight"": 2.86, ""height"": 86.97, ""width"": 14.77, ""depth"": 32.86, ""unit"": ""cm""}, {""storage"": ""checked"", ""weight"": 35.99, ""height"": 69.38, ""width"": 54.51, ""depth"": 13.75, ""unit"": ""cm""}, {""storage"": ""personal"", ""weight"": 13.51, ""height"": 80.53, ""width"": 8.63, ""depth"": 3.76, ""unit"": ""cm""}]",False,"Carry-on: Total weight 16.37kg exceeds 12kg limit, all carry-on items transferred to cargo. Total fees: €75 | Checked: The following items must be shipped as cargo: Bag 1: weight 34.3kg exceeds 32kg limit; Bag 2: weight 42.28kg exceeds 32kg limit; Bag 3: weight 35.99kg exceeds 32kg limit. Total fees: €575 (cargo shipping costs not included - please contact cargo department). Consider splitting items or reducing weight/size to avoid cargo shipping.","[{""storage"": ""carry-on"", ""weight"": 2.86, ""height"": 86.97, ""width"": 14.77, ""depth"": 32.86, ""unit"": ""cm""}, {""storage"": ""personal"", ""weight"": 13.51, ""height"": 80.53, ""width"": 8.63, ""depth"": 3.76, ""unit"": ""cm""}, {""storage"": ""checked"", ""weight"": 34.3, ""height"": 79.71, ""width"": 48.85, ""depth"": 41.66, ""unit"": ""cm""}, {""storage"": ""checked"", ""weight"": 42.28, ""height"": 91.21, ""width"": 55.62, ""depth"": 43.36, ""unit"": ""cm""}, {""storage"": ""checked"", ""weight"": 35.99, ""height"": 69.38, ""width"": 54.51, ""depth"": 13.75, ""unit"": ""cm""}]",650
Economy,infant,"[{""storage"": ""checked"", ""weight"": 0.48, ""height"": 79.27, ""width"": 32.24, ""depth"": 47.37, ""unit"": ""cm""}, {""storage"": ""checked"", ""weight"": 27.0, ""height"": 67.49, ""width"": 27.35, ""depth"": 14.23, ""unit"": ""cm""}, {""storage"": ""personal"", ""weight"": 14.94, ""height"": 32.34, ""width"": 65.72, ""depth"": 45.27, ""unit"": ""cm""}]",False,"Carry-on: Total weight 14.94kg exceeds 7kg limit, all carry-on items transferred to cargo. Total fees: €75 | Checked: Checked luggage complies with the policy.","[{""storage"": ""personal"", ""weight"": 14.94, ""height"": 32.34, ""width"": 65.72, ""depth"": 45.27, ""unit"": ""cm""}]",400
Economy,child,"[{""storage"": ""personal"", ""weight"": 4.21, ""height"": 38.68, ""width"": 16.22, ""depth"": 12.05, ""unit"": ""cm""}]",True,All luggage complies with the policy.,,0
First,adult,"[{""storage"": ""personal"", ""weight"": 3.95, ""height"": 26.68, ""width"": 23.77, ""depth"": 0.42, ""unit"": ""cm""}, {""storage"": ""checked"", ""weight"": 18.2, ""height"": 46.99, ""width"": 20.26, ""depth"": 28.95, ""unit"": ""cm""}, {""storage"": ""checked"", ""weight"": 28.58, ""height"": 25.8, ""width"": 56.27, ""depth"": 49.45, ""unit"": ""cm""}, {""storage"": ""checked"", ""weight"": 5.64, ""height"": 60.83, ""width"": 33.52, ""depth"": 26.56, ""unit"": ""cm""}]",True,All luggage complies with the policy.,,0
First,child,"[{""storage"": ""carry-on"", ""weight"": 7.11, ""height"": 10.42, ""width"": 8.47, ""depth"": 0.51, ""unit"": ""cm""}, {""storage"": ""personal"", ""weight"": 2.39, ""height"": 8.33, ""width"": 24.89, ""depth"": 4.73, ""unit"": ""cm""}, {""storage"": ""checked"", ""weight"": 17.71, ""height"": 57.17, ""width"": 50.1, ""depth"": 21.28, ""unit"": ""cm""}, {""storage"": ""checked"", ""weight"": 7.59, ""height"": 30.73, ""width"": 22.88, ""depth"": 29.4, ""unit"": ""cm""}]",True,All luggage complies with the policy.,,0
First,infant,"[{""storage"": ""personal"", ""weight"": 8.48, ""height"": 79.21, ""width"": 20.7, ""depth"": 2.35, ""unit"": ""cm""}, {""storage"": ""carry-on"", ""weight"": 0.85, ""height"": 98.96, ""width"": 43.94, ""depth"": 13.69, ""unit"": ""cm""}, {""storage"": ""checked"", ""weight"": 19.44, ""height"": 2.1, ""width"": 14.97, ""depth"": 40.59, ""unit"": ""cm""}, {""storage"": ""checked"", ""weight"": 2.74, ""height"": 86.15, ""width"": 46.79, ""depth"": 28.19, ""unit"": ""cm""}, {""storage"": ""personal"", ""weight"": 3.7, ""height"": 54.27, ""width"": 18.2, ""depth"": 26.63, ""unit"": ""cm""}]",False,"Carry-on: Total weight 13.030000000000001kg exceeds 12kg limit, all carry-on items transferred to cargo. Total fees: €75 | Checked: Checked luggage complies with the policy.","[{""storage"": ""carry-on"", ""weight"": 0.85, ""height"": 98.96, ""width"": 43.94, ""depth"": 13.69, ""unit"": ""cm""}, {""storage"": ""personal"", ""weight"": 8.48, ""height"": 79.21, ""width"": 20.7, ""depth"": 2.35, ""unit"": ""cm""}, {""storage"": ""personal"", ""weight"": 3.7, ""height"": 54.27, ""width"": 18.2, ""depth"": 26.63, ""unit"": ""cm""}]",175
First,adult,"[{""storage"": ""carry-on"", ""weight"": 4.92, ""height"": 10.68, ""width"": 17.39, ""depth"": 46.73, ""unit"": ""cm""}]",False,"Carry-on: 1 bag(s) exceed size limits, transferred to cargo. Total fees: €100","[{""storage"": ""carry-on"", ""weight"": 4.92, ""height"": 10.68, ""width"": 17.39, ""depth"": 46.73, ""unit"": ""cm""}]",100
First,adult,"[{""storage"": ""carry-on"", ""weight"": 3.65, ""height"": 89.9, ""width"": 46.38, ""depth"": 14.48, ""unit"": ""cm""}, {""storage"": ""checked"", ""weight"": 36.64, ""height"": 89.35, ""width"": 71.89, ""depth"": 38.86, ""unit"": ""cm""}, {""storage"": ""checked"", ""weight"": 17.99, ""height"": 71.03, ""width"": 50.31, ""depth"": 42.34, ""unit"": ""cm""}]",False,"Carry-on: 1 bag(s) exceed size limits, transferred to cargo. Total fees: €100 | Checked: The following items must be shipped as cargo: Bag 1: weight 36.64kg exceeds 32kg limit. Total fees: €275 (cargo shipping costs not included - please contact cargo department). Consider splitting items or reducing weight/size to avoid cargo shipping.","[{""storage"": ""carry-on"", ""weight"": 3.65, ""height"": 89.9, ""width"": 46.38, ""depth"": 14.48, ""unit"": ""cm""}, {""storage"": ""checked"", ""weight"": 36.64, ""height"": 89.35, ""width"": 71.89, ""depth"": 38.86, ""unit"": ""cm""}]",375
Business,infant,"[{""storage"": ""carry-on"", ""weight"": 3.18, ""height"": 52.61, ""width"": 27.97, ""depth"": 4.06, ""unit"": ""cm""}, {""storage"": ""personal"", ""weight"": 7.08, ""height"": 26.08, ""width"": 3.57, ""depth"": 9.6, ""unit"": ""cm""}, {""storage"": ""checked"", ""weight"": 2.66, ""height"": 22.92, ""width"": 24.77, ""depth"": 43.58, ""unit"": ""cm""}]",True,All luggage complies with the policy.,,0
Business,child,"[{""storage"": ""carry-on"", ""weight"": 7.5, ""height"": 26.48, ""width"": 17.14, ""depth"": 18.38, ""unit"": ""cm""}, {""storage"": ""personal"", ""weight"": 0.73, ""height"": 36.43, ""width"": 24.28, ""depth"": 16.56, ""unit"": ""cm""}]",True,All luggage complies with the policy.,,0
First,adult,"[{""storage"": ""personal"", ""weight"": 0.16, ""height"": 5.01, ""width"": 25.84, ""depth"": 18.6, ""unit"": ""cm""}, {""storage"": ""checked"", ""weight"": 9.84, ""height"": 24.82, ""width"": 39.25, ""depth"": 49.69, ""unit"": ""cm""}]",True,All luggage complies with the policy.,,0
Business,child,"[{""storage"": ""carry-on"", ""weight"": 2.57, ""height"": 32.78, ""width"": 32.07, ""depth"": 12.14, ""unit"": ""cm""}, {""storage"": ""personal"", ""weight"": 8.39, ""height"": 25.77, ""width"": 16.41, ""depth"": 4.7, ""unit"": ""cm""}, {""storage"": ""checked"", ""weight"": 0.22, ""height"": 67.19, ""width"": 33.78, ""depth"": 35.23, ""unit"": ""cm""}]",True,All luggage complies with the policy.,,0
Economy,infant,"[{""storage"": ""checked"", ""weight"": 34.0, ""height"": 64.16, ""width"": 75.9, ""depth"": 24.27, ""unit"": ""cm""}, {""storage"": ""personal"", ""weight"": 13.53, ""height"": 61.46, ""width"": 26.23, ""depth"": 19.74, ""unit"": ""cm""}, {""storage"": ""checked"", ""weight"": 15.12, ""height"": 33.48, ""width"": 47.94, ""depth"": 35.91, ""unit"": ""cm""}, {""storage"": ""personal"", ""weight"": 7.61, ""height"": 90.59, ""width"": 78.09, ""depth"": 29.19, ""unit"": ""cm""}, {""storage"": ""personal"", ""weight"": 9.85, ""height"": 44.26, ""width"": 16.73, ""depth"": 29.36, ""unit"": ""cm""}]",False,"Carry-on: 2 bag(s) exceed quantity allowance, transferred to cargo; Total weight 13.53kg exceeds 7kg limit, all carry-on items transferred to cargo. Total fees: €375 | Checked: The following items must be shipped as cargo: Bag 1: weight 34.0kg exceeds 32kg limit. Total fees: €325 (cargo shipping costs not included - please contact cargo department). Consider splitting items or reducing weight/size to avoid cargo shipping.","[{""storage"": ""personal"", ""weight"": 7.61, ""height"": 90.59, ""width"": 78.09, ""depth"": 29.19, ""unit"": ""cm""}, {""storage"": ""personal"", ""weight"": 9.85, ""height"": 44.26, ""width"": 16.73, ""depth"": 29.36, ""unit"": ""cm""}, {""storage"": ""personal"", ""weight"": 13.53, ""height"": 61.46, ""width"": 26.23, ""depth"": 19.74, ""unit"": ""cm""}, {""storage"": ""checked"", ""weight"": 34.0, ""height"": 64.16, ""width"": 75.9, ""depth"": 24.27, ""unit"": ""cm""}]",700
Business,adult,"[{""storage"": ""carry-on"", ""weight"": 3.13, ""height"": 54.42, ""width"": 70.26, ""depth"": 47.25, ""unit"": ""cm""}]",False,"Carry-on: 1 bag(s) exceed size limits, transferred to cargo. Total fees: €100","[{""storage"": ""carry-on"", ""weight"": 3.13, ""height"": 54.42, ""width"": 70.26, ""depth"": 47.25, ""unit"": ""cm""}]",100
Economy,infant,"[{""storage"": ""carry-on"", ""weight"": 5.58, ""height"": 45.48, ""width"": 21.42, ""depth"": 3.66, ""unit"": ""cm""}, {""storage"": ""personal"", ""weight"": 0.97, ""height"": 20.03, ""width"": 18.64, ""depth"": 1.52, ""unit"": ""cm""}, {""storage"": ""checked"", ""weight"": 19.79, ""height"": 61.97, ""width"": 24.13, ""depth"": 34.66, ""unit"": ""cm""}]",True,All luggage complies with the policy.,,0
Economy,adult,"[{""storage"": ""carry-on"", ""weight"": 1.15, ""height"": 30.91, ""width"": 8.48, ""depth"": 11.89, ""unit"": ""cm""}, {""storage"": ""personal"", ""weight"": 1.39, ""height"": 30.42, ""width"": 20.6, ""depth"": 1.97, ""unit"": ""cm""}]",True,All luggage complies with the policy.,,0
Business,infant,"[{""storage"": ""carry-on"", ""weight"": 5.57, ""height"": 3.7, ""width"": 37.09, ""depth"": 6.59, ""unit"": ""cm""}, {""storage"": ""carry-on"", ""weight"": 1.62, ""height"": 13.56, ""width"": 37.41, ""depth"": 11.8, ""unit"": ""cm""}, {""storage"": ""personal"", ""weight"": 1.35, ""height"": 21.31, ""width"": 20.86, ""depth"": 15.59, ""unit"": ""cm""}, {""storage"": ""checked"", ""weight"": 10.8, ""height"": 39.84, ""width"": 54.89, ""depth"": 45.79, ""unit"": ""cm""}, {""storage"": ""checked"", ""weight"": 21.47, ""height"": 39.34, ""width"": 37.68, ""depth"": 37.53, ""unit"": ""cm""}]",True,All luggage complies with the policy.,,0
First,infant,"[{""storage"": ""personal"", ""weight"": 10.69, ""height"": 21.09, ""width"": 3.06, ""depth"": 3.5, ""unit"": ""cm""}]",True,All luggage complies with the policy.,,0
Economy,infant,"[{""storage"": ""checked"", ""weight"": 47.57, ""height"": 25.23, ""width"": 42.82, ""depth"": 7.93, ""unit"": ""cm""}, {""storage"": ""personal"", ""weight"": 14.09, ""height"": 66.21, ""width"": 54.81, ""depth"": 49.51, ""unit"": ""cm""}, {""storage"": ""checked"", ""weight"": 17.53, ""height"": 77.43, ""width"": 50.54, ""depth"": 30.96, ""unit"": ""cm""}, {""storage"": ""personal"", ""weight"": 10.31, ""height"": 55.4, ""width"": 51.23, ""depth"": 46.04, ""unit"": ""cm""}]",False,"Carry-on: Total weight 24.4kg exceeds 7kg limit, all carry-on items transferred to cargo. Total fees: €75 | Checked: The following items must be shipped as cargo: Bag 1: weight 47.57kg exceeds 32kg limit. Total fees: €325 (cargo shipping costs not included - please contact cargo department). Consider splitting items or reducing weight/size to avoid cargo shipping.","[{""storage"": ""personal"", ""weight"": 14.09, ""height"": 66.21, ""width"": 54.81, ""depth"": 49.51, ""unit"": ""cm""}, {""storage"": ""personal"", ""weight"": 10.31, ""height"": 55.4, ""width"": 51.23, ""depth"": 46.04, ""unit"": ""cm""}, {""storage"": ""checked"", ""weight"": 47.57, ""height"": 25.23, ""width"": 42.82, ""depth"": 7.93, ""unit"": ""cm""}]",400
Economy,child,"[{""storage"": ""personal"", ""weight"": 6.97, ""height"": 28.97, ""width"": 29.98, ""depth"": 10.41, ""unit"": ""cm""}]",True,All luggage complies with the policy.,,0
Business,infant,"[{""storage"": ""carry-on"", ""weight"": 5.91, ""height"": 24.29, ""width"": 35.05, ""depth"": 17.7, ""unit"": ""cm""}, {""storage"": ""carry-on"", ""weight"": 3.41, ""height"": 10.63, ""width"": 8.31, ""depth"": 7.78, ""unit"": ""cm""}, {""storage"": ""personal"", ""weight"": 2.15, ""height"": 6.36, ""width"": 11.29, ""depth"": 19.71, ""unit"": ""cm""}, {""storage"": ""checked"", ""weight"": 20.52, ""height"": 32.38, ""width"": 33.04, ""depth"": 35.69, ""unit"": ""cm""}, {""storage"": ""checked"", ""weight"": 6.4, ""height"": 21.2, ""width"": 35.25, ""depth"": 31.31, ""unit"": ""cm""}]",True,All luggage complies with the policy.,,0
First,adult,"[{""storage"": ""carry-on"", ""weight"": 4.4, ""height"": 38.1, ""width"": 39.67, ""depth"": 3.4, ""unit"": ""cm""}, {""storage"": ""carry-on"", ""weight"": 2.28, ""height"": 5.48, ""width"": 27.61, ""depth"": 22.77, ""unit"": ""cm""}, {""storage"": ""personal"", ""weight"": 2.96, ""height"": 11.17, ""width"": 8.68, ""depth"": 18.17, ""unit"": ""cm""}, {""storage"": ""checked"", ""weight"": 26.75, ""height"": 43.05, ""width"": 52.17, ""depth"": 25.68, ""unit"": ""cm""}, {""storage"": ""checked"", ""weight"": 22.38, ""height"": 60.06, ""width"": 31.19, ""depth"": 26.69, ""unit"": ""cm""}, {""storage"": ""checked"", ""weight"": 31.17, ""height"": 26.44, ""width"": 38.52, ""depth"": 44.27, ""unit"": ""cm""}]",True,All luggage complies with the policy.,,0
Economy,infant,"[{""storage"": ""checked"", ""weight"": 16.41, ""height"": 84.31, ""width"": 11.67, ""depth"": 9.19, ""unit"": ""cm""}]",True,All luggage complies with the policy.,,0
First,infant,"[{""storage"": ""personal"", ""weight"": 7.04, ""height"": 32.52, ""width"": 29.3, ""depth"": 12.94, ""unit"": ""cm""}, {""storage"": ""checked"", ""weight"": 17.49, ""height"": 44.53, ""width"": 42.24, ""depth"": 27.6, ""unit"": ""cm""}]",True,All luggage complies with the policy.,,0
Business,infant,"[{""storage"": ""carry-on"", ""weight"": 5.84, ""height"": 30.9, ""width"": 37.53, ""depth"": 8.67, ""unit"": ""cm""}, {""storage"": ""personal"", ""weight"": 4.36, ""height"": 12.81, ""width"": 4.23, ""depth"": 2.59, ""unit"": ""cm""}, {""storage"": ""checked"", ""weight"": 26.61, ""height"": 64.22, ""width"": 39.83, ""depth"": 49.81, ""unit"": ""cm""}, {""storage"": ""checked"", ""weight"": 3.11, ""height"": 49.87, ""width"": 35.95, ""depth"": 20.17, ""unit"": ""cm""}]",True,All luggage complies with the policy.,,0
Economy,child,"[{""storage"": ""checked"", ""weight"": 44.96, ""height"": 15.74, ""width"": 59.51, ""depth"": 7.36, ""unit"": ""cm""}]",False,Checked: The following items must be shipped as cargo: Bag 1: weight 44.96kg exceeds 32kg limit. Total fees: €75 (cargo shipping costs not included - please contact cargo department). Consider splitting items or reducing weight/size to avoid cargo shipping.,"[{""storage"": ""checked"", ""weight"": 44.96, ""height"": 15.74, ""width"": 59.51, ""depth"": 7.36, ""unit"": ""cm""}]",75
First,infant,"[{""storage"": ""carry-on"", ""weight"": 1.46, ""height"": 92.57, ""width"": 20.75, ""depth"": 26.91, ""unit"": ""cm""}]",False,"Carry-on: 1 bag(s) exceed size limits, transferred to cargo. Total fees: €100","[{""storage"": ""carry-on"", ""weight"": 1.46, ""height"": 92.57, ""width"": 20.75, ""depth"": 26.91, ""unit"": ""cm""}]",100
First,infant,"[{""storage"": ""carry-on"", ""weight"": 14.83, ""height"": 11.18, ""width"": 62.56, ""depth"": 1.18, ""unit"": ""cm""}, {""storage"": ""checked"", ""weight"": 14.04, ""height"": 18.06, ""width"": 29.37, ""depth"": 18.65, ""unit"": ""cm""}, {""storage"": ""personal"", ""weight"": 2.71, ""height"": 25.64, ""width"": 36.85, ""depth"": 41.43, ""unit"": ""cm""}, {""storage"": ""checked"", ""weight"": 47.82, ""height"": 66.48, ""width"": 41.58, ""depth"": 33.38, ""unit"": ""cm""}, {""storage"": ""checked"", ""weight"": 5.99, ""height"": 40.33, ""width"": 30.68, ""depth"": 25.74, ""unit"": ""cm""}]",False,"Carry-on: Total weight 17.54kg exceeds 12kg limit, all carry-on items transferred to cargo. Total fees: €75 | Checked: The following items must be shipped as cargo: Bag 2: weight 47.82kg exceeds 32kg limit. Total fees: €75 (cargo shipping costs not included - please contact cargo department). Consider splitting items or reducing weight/size to avoid cargo shipping.","[{""storage"": ""carry-on"", ""weight"": 14.83, ""height"": 11.18, ""width"": 62.56, ""depth"": 1.18, ""unit"": ""cm""}, {""storage"": ""personal"", ""weight"": 2.71, ""height"": 25.64, ""width"": 36.85, ""depth"": 41.43, ""unit"": ""cm""}, {""storage"": ""checked"", ""weight"": 47.82, ""height"": 66.48, ""width"": 41.58, ""depth"": 33.38, ""unit"": ""cm""}]",150
First,infant,"[{""storage"": ""checked"", ""weight"": 35.16, ""height"": 12.07, ""width"": 35.12, ""depth"": 44.98, ""unit"": ""cm""}, {""storage"": ""carry-on"", ""weight"": 3.69, ""height"": 97.11, ""width"": 71.49, ""depth"": 11.83, ""unit"": ""cm""}, {""storage"": ""checked"", ""weight"": 26.9, ""height"": 32.57, ""width"": 67.91, ""depth"": 48.24, ""unit"": ""cm""}, {""storage"": ""carry-on"", ""weight"": 13.75, ""height"": 91.45, ""width"": 64.9, ""depth"": 30.22, ""unit"": ""cm""}]",False,"Carry-on: Total weight 17.44kg exceeds 12kg limit, all carry-on items transferred to cargo. Total fees: €75 | Checked: The following items must be shipped as cargo: Bag 1: weight 35.16kg exceeds 32kg limit. Total fees: €75 (cargo shipping costs not included - please contact cargo department). Consider splitting items or reducing weight/size to avoid cargo shipping.","[{""storage"": ""carry-on"", ""weight"": 3.69, ""height"": 97.11, ""width"": 71.49, ""depth"": 11.83, ""unit"": ""cm""}, {""storage"": ""carry-on"", ""weight"": 13.75, ""height"": 91.45, ""width"": 64.9, ""depth"": 30.22, ""unit"": ""cm""}, {""storage"": ""checked"", ""weight"": 35.16, ""height"": 12.07, ""width"": 35.12, ""depth"": 44.98, ""unit"": ""cm""}]",150
First,infant,"[{""storage"": ""carry-on"", ""weight"": 5.89, ""height"": 74.91, ""width"": 79.21, ""depth"": 9.96, ""unit"": ""cm""}, {""storage"": ""carry-on"", ""weight"": 4.0, ""height"": 41.51, ""width"": 59.63, ""depth"": 33.42, ""unit"": ""cm""}, {""storage"": ""personal"", ""weight"": 10.91, ""height"": 74.29, ""width"": 21.52, ""depth"": 26.12, ""unit"": ""cm""}, {""storage"": ""personal"", ""weight"": 2.82, ""height"": 96.44, ""width"": 48.0, ""depth"": 7.01, ""unit"": ""cm""}, {""storage"": ""carry-on"", ""weight"": 4.91, ""height"": 18.56, ""width"": 15.46, ""depth"": 19.59, ""unit"": ""cm""}]",False,"Carry-on: 2 bag(s) exceed quantity allowance, transferred to cargo; Total weight 20.8kg exceeds 12kg limit, all carry-on items transferred to cargo. Total fees: €375","[{""storage"": ""personal"", ""weight"": 2.82, ""height"": 96.44, ""width"": 48.0, ""depth"": 7.01, ""unit"": ""cm""}, {""storage"": ""carry-on"", ""weight"": 4.91, ""height"": 18.56, ""width"": 15.46, ""depth"": 19.59, ""unit"": ""cm""}, {""storage"": ""carry-on"", ""weight"": 5.89, ""height"": 74.91, ""width"": 79.21, ""depth"": 9.96, ""unit"": ""cm""}, {""storage"": ""carry-on"", ""weight"": 4.0, ""height"": 41.51, ""width"": 59.63, ""depth"": 33.42, ""unit"": ""cm""}, {""storage"": ""personal"", ""weight"": 10.91, ""height"": 74.29, ""width"": 21.52, ""depth"": 26.12, ""unit"": ""cm""}]",375
First,infant,"[{""storage"": ""carry-on"", ""weight"": 4.17, ""height"": 22.4, ""width"": 0.24, ""depth"": 16.74, ""unit"": ""cm""}, {""storage"": ""carry-on"", ""weight"": 1.28, ""height"": 17.93, ""width"": 6.32, ""depth"": 40.07, ""unit"": ""cm""}, {""storage"": ""checked"", ""weight"": 41.14, ""height"": 42.45, ""width"": 64.81, ""depth"": 43.67, ""unit"": ""cm""}, {""storage"": ""carry-on"", ""weight"": 2.22, ""height"": 10.27, ""width"": 76.33, ""depth"": 46.76, ""unit"": ""cm""}]",False,"Carry-on: 2 bag(s) exceed size limits, transferred to cargo. Total fees: €200 | Checked: The following items must be shipped as cargo: Bag 1: weight 41.14kg exceeds 32kg limit. Total fees: €75 (cargo shipping costs not included - please contact cargo department). Consider splitting items or reducing weight/size to avoid cargo shipping.","[{""storage"": ""carry-on"", ""weight"": 1.28, ""height"": 17.93, ""width"": 6.32, ""depth"": 40.07, ""unit"": ""cm""}, {""storage"": ""carry-on"", ""weight"": 2.22, ""height"": 10.27, ""width"": 76.33, ""depth"": 46.76, ""unit"": ""cm""}, {""storage"": ""checked"", ""weight"": 41.14, ""height"": 42.45, ""width"": 64.81, ""depth"": 43.67, ""unit"": ""cm""}]",275
Business,child,"[{""storage"": ""carry-on"", ""weight"": 4.68, ""height"": 2.72, ""width"": 5.95, ""depth"": 22.18, ""unit"": ""cm""}, {""storage"": ""carry-on"", ""weight"": 1.54, ""height"": 43.28, ""width"": 8.2, ""depth"": 10.91, ""unit"": ""cm""}, {""storage"": ""personal"", ""weight"": 4.94, ""height"": 37.13, ""width"": 9.5, ""depth"": 14.79, ""unit"": ""cm""}, {""storage"": ""checked"", ""weight"": 14.66, ""height"": 25.17, ""width"": 46.76, ""depth"": 26.7, ""unit"": ""cm""}, {""storage"": ""checked"", ""weight"": 27.58, ""height"": 57.52, ""width"": 23.06, ""depth"": 34.89, ""unit"": ""cm""}]",True,All luggage complies with the policy.,,0
First,infant,"[{""storage"": ""carry-on"", ""weight"": 0.35, ""height"": 26.44, ""width"": 18.71, ""depth"": 7.24, ""unit"": ""cm""}, {""storage"": ""personal"", ""weight"": 10.56, ""height"": 18.93, ""width"": 16.99, ""depth"": 18.82, ""unit"": ""cm""}, {""storage"": ""checked"", ""weight"": 13.27, ""height"": 59.67, ""width"": 46.97, ""depth"": 43.97, ""unit"": ""cm""}]",True,All luggage complies with the policy.,,0
Economy,adult,"[{""storage"": ""carry-on"", ""weight"": 1.13, ""height"": 4.41, ""width"": 36.69, ""depth"": 13.42, ""unit"": ""cm""}, {""storage"": ""personal"", ""weight"": 0.88, ""height"": 7.44, ""width"": 16.05, ""depth"": 1.69, ""unit"": ""cm""}]",True,All luggage complies with the policy.,,0
First,child,"[{""storage"": ""personal"", ""weight"": 3.37, ""height"": 69.04, ""width"": 4.66, ""depth"": 41.43, ""unit"": ""cm""}, {""storage"": ""personal"", ""weight"": 1.48, ""height"": 65.32, ""width"": 66.85, ""depth"": 21.36, ""unit"": ""cm""}]",True,All luggage complies with the policy.,,0
Economy,adult,"[{""storage"": ""carry-on"", ""weight"": 3.26, ""height"": 26.72, ""width"": 29.48, ""depth"": 22.86, ""unit"": ""cm""}, {""storage"": ""personal"", ""weight"": 2.96, ""height"": 18.34, ""width"": 8.03, ""depth"": 17.79, ""unit"": ""cm""}, {""storage"": ""checked"", ""weight"": 5.33, ""height"": 58.6, ""width"": 51.98, ""depth"": 31.79, ""unit"": ""cm""}]",True,All luggage complies with the policy.,,0
Economy,infant,"[{""storage"": ""personal"", ""weight"": 3.21, ""height"": 32.78, ""width"": 24.52, ""depth"": 17.11, ""unit"": ""cm""}]",True,All luggage complies with the policy.,,0
Business,infant,"[{""storage"": ""personal"", ""weight"": 8.07, ""height"": 11.56, ""width"": 17.41, ""depth"": 4.95, ""unit"": ""cm""}, {""storage"": ""checked"", ""weight"": 22.54, ""height"": 28.98, ""width"": 59.8, ""depth"": 33.09, ""unit"": ""cm""}]",True,All luggage complies with the policy.,,0
Economy,adult,"[{""storage"": ""personal"", ""weight"": 1.5, ""height"": 14.82, ""width"": 23.33, ""depth"": 19.75, ""unit"": ""cm""}, {""storage"": ""checked"", ""weight"": 14.37, ""height"": 47.2, ""width"": 42.64, ""depth"": 34.04, ""unit"": ""cm""}]",True,All luggage complies with the policy.,,0
Economy,adult,"[{""storage"": ""personal"", ""weight"": 1.62, ""height"": 20.28, ""width"": 13.36, ""depth"": 16.56, ""unit"": ""cm""}, {""storage"": ""checked"", ""weight"": 20.0, ""height"": 66.78, ""width"": 55.83, ""depth"": 31.77, ""unit"": ""cm""}]",True,All luggage complies with the policy.,,0
Economy,adult,"[{""storage"": ""checked"", ""weight"": 15.16, ""height"": 28.66, ""width"": 37.77, ""depth"": 17.52, ""unit"": ""cm""}, {""storage"": ""checked"", ""weight"": 49.65, ""height"": 14.21, ""width"": 62.27, ""depth"": 40.14, ""unit"": ""cm""}, {""storage"": ""personal"", ""weight"": 13.71, ""height"": 16.22, ""width"": 77.45, ""depth"": 1.34, ""unit"": ""cm""}, {""storage"": ""personal"", ""weight"": 0.25, ""height"": 11.45, ""width"": 79.38, ""depth"": 27.79, ""unit"": ""cm""}]",False,"Carry-on: Total weight 13.96kg exceeds 7kg limit, all carry-on items transferred to cargo. Total fees: €75 | Checked: The following items must be shipped as cargo: Bag 2: weight 49.65kg exceeds 32kg limit. Total fees: €225 (cargo shipping costs not included - please contact cargo department). Consider splitting items or reducing weight/size to avoid cargo shipping.","[{""storage"": ""personal"", ""weight"": 13.71, ""height"": 16.22, ""width"": 77.45, ""depth"": 1.34, ""unit"": ""cm""}, {""storage"": ""personal"", ""weight"": 0.25, ""height"": 11.45, ""width"": 79.38, ""depth"": 27.79, ""unit"": ""cm""}, {""storage"": ""checked"", ""weight"": 49.65, ""height"": 14.21, ""width"": 62.27, ""depth"": 40.14, ""unit"": ""cm""}]",300
First,child,"[{""storage"": ""personal"", ""weight"": 13.56, ""height"": 64.11, ""width"": 27.63, ""depth"": 34.08, ""unit"": ""cm""}, {""storage"": ""carry-on"", ""weight"": 11.0, ""height"": 34.95, ""width"": 39.78, ""depth"": 33.07, ""unit"": ""cm""}, {""storage"": ""checked"", ""weight"": 48.99, ""height"": 85.13, ""width"": 78.02, ""depth"": 48.35, ""unit"": ""cm""}, {""storage"": ""personal"", ""weight"": 0.62, ""height"": 30.78, ""width"": 59.22, ""depth"": 44.8, ""unit"": ""cm""}]",False,"Carry-on: Total weight 25.180000000000003kg exceeds 12kg limit, all carry-on items transferred to cargo. Total fees: €75 | Checked: The following items must be shipped as cargo: Bag 1: weight 48.99kg exceeds 32kg limit and total dimensions 211.5cm exceed 203cm limit. Total fees: €75 (cargo shipping costs not included - please contact cargo department). Consider splitting items or reducing weight/size to avoid cargo shipping.","[{""storage"": ""carry-on"", ""weight"": 11.0, ""height"": 34.95, ""width"": 39.78, ""depth"": 33.07, ""unit"": ""cm""}, {""storage"": ""personal"", ""weight"": 13.56, ""height"": 64.11, ""width"": 27.63, ""depth"": 34.08, ""unit"": ""cm""}, {""storage"": ""personal"", ""weight"": 0.62, ""height"": 30.78, ""width"": 59.22, ""depth"": 44.8, ""unit"": ""cm""}, {""storage"": ""checked"", ""weight"": 48.99, ""height"": 85.13, ""width"": 78.02, ""depth"": 48.35, ""unit"": ""cm""}]",150
Business,child,"[{""storage"": ""personal"", ""weight"": 2.28, ""height"": 75.94, ""width"": 40.74, ""depth"": 26.86, ""unit"": ""cm""}, {""storage"": ""checked"", ""weight"": 2.47, ""height"": 91.73, ""width"": 10.67, ""depth"": 47.81, ""unit"": ""cm""}, {""storage"": ""carry-on"", ""weight"": 2.03, ""height"": 66.27, ""width"": 57.71, ""depth"": 2.91, ""unit"": ""cm""}, {""storage"": ""checked"", ""weight"": 47.69, ""height"": 67.0, ""width"": 37.51, ""depth"": 46.63, ""unit"": ""cm""}]",False,"Carry-on: 1 bag(s) exceed size limits, transferred to cargo. Total fees: €100 | Checked: The following items must be shipped as cargo: Bag 2: weight 47.69kg exceeds 32kg limit. Total fees: €75 (cargo shipping costs not included - please contact cargo department). Consider splitting items or reducing weight/size to avoid cargo shipping.","[{""storage"": ""carry-on"", ""weight"": 2.03, ""height"": 66.27, ""width"": 57.71, ""depth"": 2.91, ""unit"": ""cm""}, {""storage"": ""checked"", ""weight"": 47.69, ""height"": 67.0, ""width"": 37.51, ""depth"": 46.63, ""unit"": ""cm""}]",175
First,child,"[{""storage"": ""personal"", ""weight"": 5.19, ""height"": 5.57, ""width"": 17.01, ""depth"": 10.49, ""unit"": ""cm""}, {""storage"": ""checked"", ""weight"": 28.34, ""height"": 47.62, ""width"": 57.97, ""depth"": 22.82, ""unit"": ""cm""}, {""storage"": ""checked"", ""weight"": 8.69, ""height"": 35.84, ""width"": 37.43, ""depth"": 33.98, ""unit"": ""cm""}]",True,All luggage complies with the policy.,,0
Business,child,"[{""storage"": ""carry-on"", ""weight"": 5.78, ""height"": 14.62, ""width"": 35.57, ""depth"": 21.27, ""unit"": ""cm""}, {""storage"": ""personal"", ""weight"": 4.46, ""height"": 13.22, ""width"": 23.78, ""depth"": 18.7, ""unit"": ""cm""}]",True,All luggage complies with the policy.,,0
Economy,infant,"[{""storage"": ""personal"", ""weight"": 2.99, ""height"": 15.58, ""width"": 10.74, ""depth"": 14.29, ""unit"": ""cm""}]",True,All luggage complies with the policy.,,0
Economy,child,"[{""storage"": ""carry-on"", ""weight"": 2.16, ""height"": 39.51, ""width"": 33.28, ""depth"": 2.37, ""unit"": ""cm""}, {""storage"": ""personal"", ""weight"": 4.13, ""height"": 19.72, ""width"": 11.1, ""depth"": 8.33, ""unit"": ""cm""}, {""storage"": ""checked"", ""weight"": 4.85, ""height"": 45.96, ""width"": 24.87, ""depth"": 41.28, ""unit"": ""cm""}]",True,All luggage complies with the policy.,,0
First,adult,"[{""storage"": ""personal"", ""weight"": 4.73, ""height"": 8.95, ""width"": 5.68, ""depth"": 18.79, ""unit"": ""cm""}, {""storage"": ""checked"", ""weight"": 23.15, ""height"": 55.38, ""width"": 45.83, ""depth"": 22.24, ""unit"": ""cm""}, {""storage"": ""checked"", ""weight"": 18.62, ""height"": 27.18, ""width"": 54.39, ""depth"": 21.92, ""unit"": ""cm""}, {""storage"": ""checked"", ""weight"": 29.91, ""height"": 68.91, ""width"": 23.5, ""depth"": 42.82, ""unit"": ""cm""}]",True,All luggage complies with the policy.,,0
Economy,infant,"[{""storage"": ""personal"", ""weight"": 8.39, ""height"": 29.45, ""width"": 44.14, ""depth"": 6.18, ""unit"": ""cm""}]",False,"Carry-on: Total weight 8.39kg exceeds 7kg limit, all carry-on items transferred to cargo. Total fees: €75","[{""storage"": ""personal"", ""weight"": 8.39, ""height"": 29.45, ""width"": 44.14, ""depth"": 6.18, ""unit"": ""cm""}]",75
Economy,infant,"[{""storage"": ""checked"", ""weight"": 19.63, ""height"": 70.7, ""width"": 4.45, ""depth"": 47.37, ""unit"": ""cm""}, {""storage"": ""personal"", ""weight"": 4.58, ""height"": 16.76, ""width"": 43.82, ""depth"": 25.38, ""unit"": ""cm""}, {""storage"": ""personal"", ""weight"": 0.76, ""height"": 55.44, ""width"": 8.33, ""depth"": 15.05, ""unit"": ""cm""}, {""storage"": ""checked"", ""weight"": 23.42, ""height"": 26.82, ""width"": 61.16, ""depth"": 48.85, ""unit"": ""cm""}, {""storage"": ""checked"", ""weight"": 48.46, ""height"": 79.66, ""width"": 62.41, ""depth"": 21.76, ""unit"": ""cm""}]",False,Checked: The following items must be shipped as cargo: Bag 3: weight 48.46kg exceeds 32kg limit. Total fees: €550 (cargo shipping costs not included - please contact cargo department). Consider splitting items or reducing weight/size to avoid cargo shipping.,"[{""storage"": ""checked"", ""weight"": 48.46, ""height"": 79.66, ""width"": 62.41, ""depth"": 21.76, ""unit"": ""cm""}]",550
Economy,infant,"[{""storage"": ""personal"", ""weight"": 8.05, ""height"": 97.65, ""width"": 8.68, ""depth"": 28.09, ""unit"": ""cm""}, {""storage"": ""checked"", ""weight"": 0.36, ""height"": 81.33, ""width"": 38.13, ""depth"": 28.31, ""unit"": ""cm""}, {""storage"": ""checked"", ""weight"": 33.15, ""height"": 40.19, ""width"": 44.6, ""depth"": 32.51, ""unit"": ""cm""}, {""storage"": ""carry-on"", ""weight"": 8.97, ""height"": 96.74, ""width"": 12.12, ""depth"": 24.09, ""unit"": ""cm""}]",False,"Carry-on: Total weight 17.020000000000003kg exceeds 7kg limit, all carry-on items transferred to cargo. Total fees: €75 | Checked: The following items must be shipped as cargo: Bag 2: weight 33.15kg exceeds 32kg limit. Total fees: €225 (cargo shipping costs not included - please contact cargo department). Consider splitting items or reducing weight/size to avoid cargo shipping.","[{""storage"": ""carry-on"", ""weight"": 8.97, ""height"": 96.74, ""width"": 12.12, ""depth"": 24.09, ""unit"": ""cm""}, {""storage"": ""personal"", ""weight"": 8.05, ""height"": 97.65, ""width"": 8.68, ""depth"": 28.09, ""unit"": ""cm""}, {""storage"": ""checked"", ""weight"": 33.15, ""height"": 40.19, ""width"": 44.6, ""depth"": 32.51, ""unit"": ""cm""}]",300
First,infant,"[{""storage"": ""carry-on"", ""weight"": 3.69, ""height"": 18.85, ""width"": 5.45, ""depth"": 0.39, ""unit"": ""cm""}, {""storage"": ""carry-on"", ""weight"": 0.72, ""height"": 3.65, ""width"": 31.07, ""depth"": 22.43, ""unit"": ""cm""}, {""storage"": ""personal"", ""weight"": 4.06, ""height"": 23.34, ""width"": 17.45, ""depth"": 10.89, ""unit"": ""cm""}, {""storage"": ""checked"", ""weight"": 18.09, ""height"": 60.69, ""width"": 49.9, ""depth"": 24.66, ""unit"": ""cm""}]",True,All luggage complies with the policy.,,0
Business,adult,"[{""storage"": ""personal"", ""weight"": 4.01, ""height"": 11.11, ""width"": 11.2, ""depth"": 18.85, ""unit"": ""cm""}]",True,All luggage complies with the policy.,,0
First,child,"[{""storage"": ""checked"", ""weight"": 40.02, ""height"": 47.43, ""width"": 16.79, ""depth"": 18.91, ""unit"": ""cm""}, {""storage"": ""carry-on"", ""weight"": 6.65, ""height"": 27.8, ""width"": 36.61, ""depth"": 0.92, ""unit"": ""cm""}, {""storage"": ""checked"", ""weight"": 30.07, ""height"": 37.38, ""width"": 21.51, ""depth"": 15.93, ""unit"": ""cm""}, {""storage"": ""personal"", ""weight"": 14.27, ""height"": 59.32, ""width"": 5.9, ""depth"": 20.94, ""unit"": ""cm""}, {""storage"": ""personal"", ""weight"": 12.98, ""height"": 81.39, ""width"": 55.35, ""depth"": 40.21, ""unit"": ""cm""}]",False,"Carry-on: Total weight 33.900000000000006kg exceeds 12kg limit, all carry-on items transferred to cargo. Total fees: €75 | Checked: The following items must be shipped as cargo: Bag 1: weight 40.02kg exceeds 32kg limit. Total fees: €75 (cargo shipping costs not included - please contact cargo department). Consider splitting items or reducing weight/size to avoid cargo shipping.","[{""storage"": ""carry-on"", ""weight"": 6.65, ""height"": 27.8, ""width"": 36.61, ""depth"": 0.92, ""unit"": ""cm""}, {""storage"": ""personal"", ""weight"": 14.27, ""height"": 59.32, ""width"": 5.9, ""depth"": 20.94, ""unit"": ""cm""}, {""storage"": ""personal"", ""weight"": 12.98, ""height"": 81.39, ""width"": 55.35, ""depth"": 40.21, ""unit"": ""cm""}, {""storage"": ""checked"", ""weight"": 40.02, ""height"": 47.43, ""width"": 16.79, ""depth"": 18.91, ""unit"": ""cm""}]",150
Economy,infant,"[{""storage"": ""personal"", ""weight"": 12.28, ""height"": 22.08, ""width"": 51.63, ""depth"": 19.09, ""unit"": ""cm""}]",False,"Carry-on: Total weight 12.28kg exceeds 7kg limit, all carry-on items transferred to cargo. Total fees: €75","[{""storage"": ""personal"", ""weight"": 12.28, ""height"": 22.08, ""width"": 51.63, ""depth"": 19.09, ""unit"": ""cm""}]",75
Economy,infant,"[{""storage"": ""carry-on"", ""weight"": 14.84, ""height"": 88.29, ""width"": 15.79, ""depth"": 23.41, ""unit"": ""cm""}, {""storage"": ""personal"", ""weight"": 10.71, ""height"": 54.62, ""width"": 79.27, ""depth"": 10.78, ""unit"": ""cm""}, {""storage"": ""personal"", ""weight"": 11.74, ""height"": 88.76, ""width"": 5.02, ""depth"": 39.54, ""unit"": ""cm""}, {""storage"": ""carry-on"", ""weight"": 5.59, ""height"": 31.23, ""width"": 15.26, ""depth"": 21.4, ""unit"": ""cm""}]",False,"Carry-on: 2 bag(s) exceed quantity allowance, transferred to cargo; Total weight 25.55kg exceeds 7kg limit, all carry-on items transferred to cargo. Total fees: €375","[{""storage"": ""personal"", ""weight"": 11.74, ""height"": 88.76, ""width"": 5.02, ""depth"": 39.54, ""unit"": ""cm""}, {""storage"": ""carry-on"", ""weight"": 5.59, ""height"": 31.23, ""width"": 15.26, ""depth"": 21.4, ""unit"": ""cm""}, {""storage"": ""carry-on"", ""weight"": 14.84, ""height"": 88.29, ""width"": 15.79, ""depth"": 23.41, ""unit"": ""cm""}, {""storage"": ""personal"", ""weight"": 10.71, ""height"": 54.62, ""width"": 79.27, ""depth"": 10.78, ""unit"": ""cm""}]",375
Business,infant,"[{""storage"": ""carry-on"", ""weight"": 5.29, ""height"": 85.28, ""width"": 63.63, ""depth"": 37.42, ""unit"": ""cm""}, {""storage"": ""checked"", ""weight"": 0.62, ""height"": 27.09, ""width"": 77.84, ""depth"": 49.8, ""unit"": ""cm""}]",False,"Carry-on: 1 bag(s) exceed size limits, transferred to cargo. Total fees: €100","[{""storage"": ""carry-on"", ""weight"": 5.29, ""height"": 85.28, ""width"": 63.63, ""depth"": 37.42, ""unit"": ""cm""}]",100
First,child,"[{""storage"": ""carry-on"", ""weight"": 0.92, ""height"": 50.72, ""width"": 33.21, ""depth"": 13.05, ""unit"": ""cm""}, {""storage"": ""carry-on"", ""weight"": 4.18, ""height"": 38.38, ""width"": 1.21, ""depth"": 8.63, ""unit"": ""cm""}, {""storage"": ""personal"", ""weight"": 4.03, ""height"": 27.52, ""width"": 20.83, ""depth"": 9.15, ""unit"": ""cm""}]",True,All luggage complies with the policy.,,0
Economy,infant,"[{""storage"": ""checked"", ""weight"": 45.44, ""height"": 77.85, ""width"": 70.99, ""depth"": 3.8, ""unit"": ""cm""}, {""storage"": ""personal"", ""weight"": 5.83, ""height"": 90.8, ""width"": 0.05, ""depth"": 36.22, ""unit"": ""cm""}, {""storage"": ""carry-on"", ""weight"": 4.47, ""height"": 52.16, ""width"": 70.83, ""depth"": 30.73, ""unit"": ""cm""}]",False,"Carry-on: Total weight 10.3kg exceeds 7kg limit, all carry-on items transferred to cargo. Total fees: €75 | Checked: The following items must be shipped as cargo: Bag 1: weight 45.44kg exceeds 32kg limit. Total fees: €75 (cargo shipping costs not included - please contact cargo department). Consider splitting items or reducing weight/size to avoid cargo shipping.","[{""storage"": ""carry-on"", ""weight"": 4.47, ""height"": 52.16, ""width"": 70.83, ""depth"": 30.73, ""unit"": ""cm""}, {""storage"": ""personal"", ""weight"": 5.83, ""height"": 90.8, ""width"": 0.05, ""depth"": 36.22, ""unit"": ""cm""}, {""storage"": ""checked"", ""weight"": 45.44, ""height"": 77.85, ""width"": 70.99, ""depth"": 3.8, ""unit"": ""cm""}]",150
Economy,adult,"[{""storage"": ""checked"", ""weight"": 12.34, ""height"": 64.03, ""width"": 31.2, ""depth"": 40.85, ""unit"": ""cm""}]",True,All luggage complies with the policy.,,0
First,child,"[{""storage"": ""carry-on"", ""weight"": 1.1, ""height"": 7.27, ""width"": 8.91, ""depth"": 5.22, ""unit"": ""cm""}, {""storage"": ""carry-on"", ""weight"": 2.15, ""height"": 38.11, ""width"": 31.77, ""depth"": 8.92, ""unit"": ""cm""}, {""storage"": ""personal"", ""weight"": 4.3, ""height"": 29.15, ""width"": 12.98, ""depth"": 3.83, ""unit"": ""cm""}]",True,All luggage complies with the policy.,,0
Economy,child,"[{""storage"": ""carry-on"", ""weight"": 12.29, ""height"": 59.3, ""width"": 27.42, ""depth"": 34.27, ""unit"": ""cm""}, {""storage"": ""checked"", ""weight"": 10.2, ""height"": 55.82, ""width"": 22.36, ""depth"": 26.04, ""unit"": ""cm""}, {""storage"": ""personal"", ""weight"": 11.19, ""height"": 94.45, ""width"": 3.97, ""depth"": 12.18, ""unit"": ""cm""}, {""storage"": ""checked"", ""weight"": 24.34, ""height"": 61.02, ""width"": 56.56, ""depth"": 29.15, ""unit"": ""cm""}]",False,"Carry-on: Total weight 23.479999999999997kg exceeds 7kg limit, all carry-on items transferred to cargo. Total fees: €75 | Checked: Checked luggage complies with the policy.","[{""storage"": ""carry-on"", ""weight"": 12.29, ""height"": 59.3, ""width"": 27.42, ""depth"": 34.27, ""unit"": ""cm""}, {""storage"": ""personal"", ""weight"": 11.19, ""height"": 94.45, ""width"": 3.97, ""depth"": 12.18, ""unit"": ""cm""}]",300
Business,child,"[{""storage"": ""carry-on"", ""weight"": 7.85, ""height"": 52.87, ""width"": 12.94, ""depth"": 19.82, ""unit"": ""cm""}, {""storage"": ""personal"", ""weight"": 2.24, ""height"": 17.23, ""width"": 4.11, ""depth"": 16.21, ""unit"": ""cm""}, {""storage"": ""checked"", ""weight"": 29.91, ""height"": 64.46, ""width"": 25.09, ""depth"": 48.63, ""unit"": ""cm""}]",True,All luggage complies with the policy.,,0
First,infant,"[{""storage"": ""carry-on"", ""weight"": 8.5, ""height"": 42.76, ""width"": 18.47, ""depth"": 14.91, ""unit"": ""cm""}, {""storage"": ""personal"", ""weight"": 1.52, ""height"": 19.88, ""width"": 15.47, ""depth"": 14.38, ""unit"": ""cm""}, {""storage"": ""checked"", ""weight"": 9.62, ""height"": 69.53, ""width"": 21.89, ""depth"": 36.46, ""unit"": ""cm""}, {""storage"": ""checked"", ""weight"": 19.38, ""height"": 22.36, ""width"": 22.58, ""depth"": 47.97, ""unit"": ""cm""}]",True,All luggage complies with the policy.,,0
Business,child,"[{""storage"": ""carry-on"", ""weight"": 4.88, ""height"": 37.89, ""width"": 37.96, ""depth"": 12.64, ""unit"": ""cm""}, {""storage"": ""personal"", ""weight"": 2.23, ""height"": 28.11, ""width"": 15.0, ""depth"": 6.76, ""unit"": ""cm""}, {""storage"": ""checked"", ""weight"": 3.0, ""height"": 38.67, ""width"": 38.12, ""depth"": 25.01, ""unit"": ""cm""}, {""storage"": ""checked"", ""weight"": 18.83, ""height"": 61.91, ""width"": 51.41, ""depth"": 30.03, ""unit"": ""cm""}]",True,All luggage complies with the policy.,,0
Business,infant,"[{""storage"": ""carry-on"", ""weight"": 6.14, ""height"": 67.72, ""width"": 70.91, ""depth"": 29.66, ""unit"": ""cm""}]",False,"Carry-on: 1 bag(s) exceed size limits, transferred to cargo. Total fees: €100","[{""storage"": ""carry-on"", ""weight"": 6.14, ""height"": 67.72, ""width"": 70.91, ""depth"": 29.66, ""unit"": ""cm""}]",100
Business,infant,"[{""storage"": ""carry-on"", ""weight"": 0.39, ""height"": 9.96, ""width"": 36.0, ""depth"": 13.48, ""unit"": ""cm""}, {""storage"": ""personal"", ""weight"": 4.17, ""height"": 29.29, ""width"": 0.48, ""depth"": 3.39, ""unit"": ""cm""}]",True,All luggage complies with the policy.,,0
First,adult,"[{""storage"": ""carry-on"", ""weight"": 4.19, ""height"": 25.48, ""width"": 27.16, ""depth"": 20.55, ""unit"": ""cm""}, {""storage"": ""personal"", ""weight"": 1.91, ""height"": 22.78, ""width"": 14.91, ""depth"": 11.13, ""unit"": ""cm""}, {""storage"": ""checked"", ""weight"": 12.67, ""height"": 32.16, ""width"": 20.32, ""depth"": 30.79, ""unit"": ""cm""}, {""storage"": ""checked"", ""weight"": 26.12, ""height"": 51.33, ""width"": 52.33, ""depth"": 31.21, ""unit"": ""cm""}]",True,All luggage complies with the policy.,,0
Economy,child,"[{""storage"": ""checked"", ""weight"": 29.19, ""height"": 49.91, ""width"": 60.4, ""depth"": 28.21, ""unit"": ""cm""}, {""storage"": ""carry-on"", ""weight"": 6.1, ""height"": 10.57, ""width"": 15.82, ""depth"": 48.65, ""unit"": ""cm""}]",False,"Carry-on: 1 bag(s) exceed size limits, transferred to cargo. Total fees: €100 | Checked: Checked luggage complies with the policy.","[{""storage"": ""carry-on"", ""weight"": 6.1, ""height"": 10.57, ""width"": 15.82, ""depth"": 48.65, ""unit"": ""cm""}]",175
Economy,child,"[{""storage"": ""personal"", ""weight"": 3.33, ""height"": 26.29, ""width"": 24.45, ""depth"": 8.96, ""unit"": ""cm""}]",True,All luggage complies with the policy.,,0
Business,child,"[{""storage"": ""personal"", ""weight"": 5.15, ""height"": 35.55, ""width"": 15.9, ""depth"": 9.63, ""unit"": ""cm""}, {""storage"": ""checked"", ""weight"": 23.91, ""height"": 55.42, ""width"": 22.85, ""depth"": 45.33, ""unit"": ""cm""}, {""storage"": ""checked"", ""weight"": 20.53, ""height"": 38.13, ""width"": 24.13, ""depth"": 44.25, ""unit"": ""cm""}]",True,All luggage complies with the policy.,,0
Business,child,"[{""storage"": ""checked"", ""weight"": 30.51, ""height"": 7.25, ""width"": 2.16, ""depth"": 42.32, ""unit"": ""cm""}, {""storage"": ""checked"", ""weight"": 10.52, ""height"": 46.61, ""width"": 64.84, ""depth"": 49.84, ""unit"": ""cm""}, {""storage"": ""carry-on"", ""weight"": 5.78, ""height"": 56.75, ""width"": 41.29, ""depth"": 23.8, ""unit"": ""cm""}, {""storage"": ""carry-on"", ""weight"": 4.43, ""height"": 45.08, ""width"": 32.07, ""depth"": 23.81, ""unit"": ""cm""}, {""storage"": ""carry-on"", ""weight"": 4.31, ""height"": 1.66, ""width"": 52.86, ""depth"": 3.15, ""unit"": ""cm""}]",False,"Carry-on: Total weight 14.52kg exceeds 12kg limit, all carry-on items transferred to cargo. Total fees: €75 | Checked: Checked luggage complies with the policy.","[{""storage"": ""carry-on"", ""weight"": 5.78, ""height"": 56.75, ""width"": 41.29, ""depth"": 23.8, ""unit"": ""cm""}, {""storage"": ""carry-on"", ""weight"": 4.43, ""height"": 45.08, ""width"": 32.07, ""depth"": 23.81, ""unit"": ""cm""}, {""storage"": ""carry-on"", ""weight"": 4.31, ""height"": 1.66, ""width"": 52.86, ""depth"": 3.15, ""unit"": ""cm""}]",175
First,adult,"[{""storage"": ""checked"", ""weight"": 20.72, ""height"": 8.89, ""width"": 47.64, ""depth"": 11.88, ""unit"": ""cm""}, {""storage"": ""checked"", ""weight"": 18.34, ""height"": 46.65, ""width"": 13.45, ""depth"": 40.65, ""unit"": ""cm""}, {""storage"": ""carry-on"", ""weight"": 0.39, ""height"": 87.73, ""width"": 11.85, ""depth"": 36.07, ""unit"": ""cm""}, {""storage"": ""personal"", ""weight"": 12.81, ""height"": 11.53, ""width"": 28.2, ""depth"": 35.51, ""unit"": ""cm""}]",False,"Carry-on: Total weight 13.200000000000001kg exceeds 12kg limit, all carry-on items transferred to cargo. Total fees: €75","[{""storage"": ""carry-on"", ""weight"": 0.39, ""height"": 87.73, ""width"": 11.85, ""depth"": 36.07, ""unit"": ""cm""}, {""storage"": ""personal"", ""weight"": 12.81, ""height"": 11.53, ""width"": 28.2, ""depth"": 35.51, ""unit"": ""cm""}]",75
Business,child,"[{""storage"": ""carry-on"", ""weight"": 0.73, ""height"": 33.09, ""width"": 3.19, ""depth"": 16.65, ""unit"": ""cm""}, {""storage"": ""personal"", ""weight"": 6.44, ""height"": 6.17, ""width"": 5.79, ""depth"": 4.27, ""unit"": ""cm""}]",True,All luggage complies with the policy.,,0
First,child,"[{""storage"": ""personal"", ""weight"": 10.16, ""height"": 0.92, ""width"": 0.87, ""depth"": 3.36, ""unit"": ""cm""}, {""storage"": ""checked"", ""weight"": 13.31, ""height"": 23.47, ""width"": 35.42, ""depth"": 26.84, ""unit"": ""cm""}]",True,All luggage complies with the policy.,,0
Economy,infant,"[{""storage"": ""carry-on"", ""weight"": 12.15, ""height"": 58.99, ""width"": 33.03, ""depth"": 41.4, ""unit"": ""cm""}, {""storage"": ""carry-on"", ""weight"": 5.1, ""height"": 88.61, ""width"": 31.26, ""depth"": 22.06, ""unit"": ""cm""}, {""storage"": ""personal"", ""weight"": 5.19, ""height"": 50.26, ""width"": 1.52, ""depth"": 43.67, ""unit"": ""cm""}, {""storage"": ""checked"", ""weight"": 30.78, ""height"": 32.25, ""width"": 68.17, ""depth"": 31.73, ""unit"": ""cm""}, {""storage"": ""checked"", ""weight"": 25.91, ""height"": 20.73, ""width"": 34.2, ""depth"": 6.86, ""unit"": ""cm""}]",False,"Carry-on: 1 bag(s) exceed quantity allowance, transferred to cargo; Total weight 17.34kg exceeds 7kg limit, all carry-on items transferred to cargo. Total fees: €225 | Checked: Checked luggage complies with the policy.","[{""storage"": ""carry-on"", ""weight"": 5.1, ""height"": 88.61, ""width"": 31.26, ""depth"": 22.06, ""unit"": ""cm""}, {""storage"": ""carry-on"", ""weight"": 12.15, ""height"": 58.99, ""width"": 33.03, ""depth"": 41.4, ""unit"": ""cm""}, {""storage"": ""personal"", ""weight"": 5.19, ""height"": 50.26, ""width"": 1.52, ""depth"": 43.67, ""unit"": ""cm""}]",525
Economy,infant,"[{""storage"": ""checked"", ""weight"": 8.08, ""height"": 55.88, ""width"": 47.87, ""depth"": 24.6, ""unit"": ""cm""}]",True,All luggage complies with the policy.,,0
Business,infant,"[{""storage"": ""personal"", ""weight"": 6.69, ""height"": 5.45, ""width"": 18.07, ""depth"": 0.35, ""unit"": ""cm""}]",True,All luggage complies with the policy.,,0
Business,child,"[{""storage"": ""checked"", ""weight"": 19.24, ""height"": 48.39, ""width"": 48.45, ""depth"": 48.38, ""unit"": ""cm""}, {""storage"": ""checked"", ""weight"": 24.71, ""height"": 36.89, ""width"": 12.82, ""depth"": 49.65, ""unit"": ""cm""}]",True,All luggage complies with the policy.,,0
Business,child,"[{""storage"": ""carry-on"", ""weight"": 5.59, ""height"": 46.97, ""width"": 4.8, ""depth"": 3.57, ""unit"": ""cm""}, {""storage"": ""personal"", ""weight"": 2.87, ""height"": 10.79, ""width"": 6.64, ""depth"": 7.21, ""unit"": ""cm""}, {""storage"": ""checked"", ""weight"": 21.86, ""height"": 21.7, ""width"": 53.19, ""depth"": 28.75, ""unit"": ""cm""}]",True,All luggage complies with the policy.,,0
First,infant,"[{""storage"": ""personal"", ""weight"": 12.99, ""height"": 81.13, ""width"": 69.06, ""depth"": 45.74, ""unit"": ""cm""}, {""storage"": ""checked"", ""weight"": 43.14, ""height"": 46.81, ""width"": 16.82, ""depth"": 15.09, ""unit"": ""cm""}, {""storage"": ""checked"", ""weight"": 24.28, ""height"": 22.57, ""width"": 69.61, ""depth"": 49.23, ""unit"": ""cm""}, {""storage"": ""personal"", ""weight"": 12.54, ""height"": 26.4, ""width"": 42.01, ""depth"": 21.96, ""unit"": ""cm""}]",False,"Carry-on: Total weight 25.53kg exceeds 12kg limit, all carry-on items transferred to cargo. Total fees: €75 | Checked: The following items must be shipped as cargo: Bag 1: weight 43.14kg exceeds 32kg limit. Total fees: €75 (cargo shipping costs not included - please contact cargo department). Consider splitting items or reducing weight/size to avoid cargo shipping.","[{""storage"": ""personal"", ""weight"": 12.99, ""height"": 81.13, ""width"": 69.06, ""depth"": 45.74, ""unit"": ""cm""}, {""storage"": ""personal"", ""weight"": 12.54, ""height"": 26.4, ""width"": 42.01, ""depth"": 21.96, ""unit"": ""cm""}, {""storage"": ""checked"", ""weight"": 43.14, ""height"": 46.81, ""width"": 16.82, ""depth"": 15.09, ""unit"": ""cm""}]",150
First,adult,"[{""storage"": ""carry-on"", ""weight"": 2.64, ""height"": 8.22, ""width"": 5.76, ""depth"": 12.38, ""unit"": ""cm""}, {""storage"": ""carry-on"", ""weight"": 2.37, ""height"": 23.92, ""width"": 26.21, ""depth"": 17.06, ""unit"": ""cm""}, {""storage"": ""personal"", ""weight"": 6.23, ""height"": 10.72, ""width"": 2.68, ""depth"": 14.67, ""unit"": ""cm""}, {""storage"": ""checked"", ""weight"": 23.83, ""height"": 68.14, ""width"": 22.19, ""depth"": 35.76, ""unit"": ""cm""}, {""storage"": ""checked"", ""weight"": 9.95, ""height"": 32.89, ""width"": 50.41, ""depth"": 29.27, ""unit"": ""cm""}, {""storage"": ""checked"", ""weight"": 31.12, ""height"": 53.73, ""width"": 35.44, ""depth"": 34.87, ""unit"": ""cm""}]",True,All luggage complies with the policy.,,0
Business,child,"[{""storage"": ""personal"", ""weight"": 3.05, ""height"": 5.67, ""width"": 77.07, ""depth"": 13.43, ""unit"": ""cm""}, {""storage"": ""checked"", ""weight"": 23.83, ""height"": 80.19, ""width"": 5.1, ""depth"": 27.64, ""unit"": ""cm""}, {""storage"": ""carry-on"", ""weight"": 11.52, ""height"": 58.19, ""width"": 31.18, ""depth"": 32.22, ""unit"": ""cm""}, {""storage"": ""checked"", ""weight"": 21.1, ""height"": 9.99, ""width"": 3.23, ""depth"": 16.39, ""unit"": ""cm""}]",False,"Carry-on: Total weight 14.57kg exceeds 12kg limit, all carry-on items transferred to cargo. Total fees: €75","[{""storage"": ""carry-on"", ""weight"": 11.52, ""height"": 58.19, ""width"": 31.18, ""depth"": 32.22, ""unit"": ""cm""}, {""storage"": ""personal"", ""weight"": 3.05, ""height"": 5.67, ""width"": 77.07, ""depth"": 13.43, ""unit"": ""cm""}]",75
First,child,"[{""storage"": ""carry-on"", ""weight"": 1.13, ""height"": 29.33, ""width"": 20.41, ""depth"": 19.05, ""unit"": ""cm""}, {""storage"": ""personal"", ""weight"": 9.4, ""height"": 9.1, ""width"": 6.25, ""depth"": 8.36, ""unit"": ""cm""}, {""storage"": ""checked"", ""weight"": 7.8, ""height"": 39.75, ""width"": 37.72, ""depth"": 28.18, ""unit"": ""cm""}]",True,All luggage complies with the policy.,,0
First,adult,"[{""storage"": ""checked"", ""weight"": 19.03, ""height"": 17.56, ""width"": 38.36, ""depth"": 49.57, ""unit"": ""cm""}, {""storage"": ""carry-on"", ""weight"": 8.33, ""height"": 43.08, ""width"": 47.04, ""depth"": 19.68, ""unit"": ""cm""}, {""storage"": ""carry-on"", ""weight"": 1.58, ""height"": 12.24, ""width"": 34.8, ""depth"": 38.45, ""unit"": ""cm""}, {""storage"": ""carry-on"", ""weight"": 3.99, ""height"": 28.81, ""width"": 56.74, ""depth"": 0.44, ""unit"": ""cm""}]",False,"Carry-on: Total weight 13.9kg exceeds 12kg limit, all carry-on items transferred to cargo. Total fees: €75","[{""storage"": ""carry-on"", ""weight"": 8.33, ""height"": 43.08, ""width"": 47.04, ""depth"": 19.68, ""unit"": ""cm""}, {""storage"": ""carry-on"", ""weight"": 1.58, ""height"": 12.24, ""width"": 34.8, ""depth"": 38.45, ""unit"": ""cm""}, {""storage"": ""carry-on"", ""weight"": 3.99, ""height"": 28.81, ""width"": 56.74, ""depth"": 0.44, ""unit"": ""cm""}]",75
Economy,infant,"[{""storage"": ""carry-on"", ""weight"": 2.39, ""height"": 35.98, ""width"": 5.42, ""depth"": 7.65, ""unit"": ""cm""}, {""storage"": ""personal"", ""weight"": 3.5, ""height"": 6.33, ""width"": 10.75, ""depth"": 1.49, ""unit"": ""cm""}]",True,All luggage complies with the policy.,,0
Business,child,"[{""storage"": ""carry-on"", ""weight"": 5.25, ""height"": 47.38, ""width"": 3.45, ""depth"": 3.9, ""unit"": ""cm""}, {""storage"": ""carry-on"", ""weight"": 2.63, ""height"": 47.67, ""width"": 2.49, ""depth"": 16.31, ""unit"": ""cm""}, {""storage"": ""personal"", ""weight"": 2.73, ""height"": 7.63, ""width"": 16.52, ""depth"": 19.66, ""unit"": ""cm""}]",True,All luggage complies with the policy.,,0
Business,infant,"[{""storage"": ""personal"", ""weight"": 1.28, ""height"": 28.45, ""width"": 17.79, ""depth"": 6.29, ""unit"": ""cm""}, {""storage"": ""checked"", ""weight"": 2.36, ""height"": 58.13, ""width"": 46.6, ""depth"": 35.45, ""unit"": ""cm""}]",True,All luggage complies with the policy.,,0
First,adult,"[{""storage"": ""carry-on"", ""weight"": 1.2, ""height"": 91.61, ""width"": 19.75, ""depth"": 7.28, ""unit"": ""cm""}]",False,"Carry-on: 1 bag(s) exceed size limits, transferred to cargo. Total fees: €100","[{""storage"": ""carry-on"", ""weight"": 1.2, ""height"": 91.61, ""width"": 19.75, ""depth"": 7.28, ""unit"": ""cm""}]",100
Business,infant,"[{""storage"": ""carry-on"", ""weight"": 10.42, ""height"": 21.74, ""width"": 1.55, ""depth"": 10.05, ""unit"": ""cm""}, {""storage"": ""personal"", ""weight"": 0.41, ""height"": 14.69, ""width"": 29.64, ""depth"": 13.46, ""unit"": ""cm""}, {""storage"": ""checked"", ""weight"": 9.34, ""height"": 26.82, ""width"": 41.27, ""depth"": 37.7, ""unit"": ""cm""}, {""storage"": ""checked"", ""weight"": 2.75, ""height"": 26.46, ""width"": 59.86, ""depth"": 27.26, ""unit"": ""cm""}]",True,All luggage complies with the policy.,,0
First,adult,"[{""storage"": ""personal"", ""weight"": 3.66, ""height"": 28.19, ""width"": 16.71, ""depth"": 16.15, ""unit"": ""cm""}, {""storage"": ""checked"", ""weight"": 19.53, ""height"": 38.36, ""width"": 35.72, ""depth"": 24.8, ""unit"": ""cm""}, {""storage"": ""checked"", ""weight"": 8.58, ""height"": 26.79, ""width"": 43.62, ""depth"": 40.01, ""unit"": ""cm""}]",True,All luggage complies with the policy.,,0
First,child,"[{""storage"": ""carry-on"", ""weight"": 2.35, ""height"": 44.41, ""width"": 14.61, ""depth"": 8.64, ""unit"": ""cm""}, {""storage"": ""personal"", ""weight"": 0.99, ""height"": 19.25, ""width"": 13.31, ""depth"": 19.2, ""unit"": ""cm""}, {""storage"": ""checked"", ""weight"": 5.71, ""height"": 44.33, ""width"": 37.1, ""depth"": 29.28, ""unit"": ""cm""}]",True,All luggage complies with the policy.,,0
First,adult,"[{""storage"": ""carry-on"", ""weight"": 4.52, ""height"": 11.5, ""width"": 28.86, ""depth"": 16.72, ""unit"": ""cm""}, {""storage"": ""personal"", ""weight"": 3.13, ""height"": 22.83, ""width"": 15.57, ""depth"": 1.43, ""unit"": ""cm""}, {""storage"": ""checked"", ""weight"": 26.2, ""height"": 66.35, ""width"": 43.34, ""depth"": 43.81, ""unit"": ""cm""}, {""storage"": ""checked"", ""weight"": 6.89, ""height"": 67.85, ""width"": 48.64, ""depth"": 27.48, ""unit"": ""cm""}, {""storage"": ""checked"", ""weight"": 1.46, ""height"": 37.17, ""width"": 38.83, ""depth"": 42.48, ""unit"": ""cm""}]",True,All luggage complies with the policy.,,0
Economy,adult,"[{""storage"": ""personal"", ""weight"": 3.95, ""height"": 4.13, ""width"": 23.36, ""depth"": 17.32, ""unit"": ""cm""}, {""storage"": ""checked"", ""weight"": 18.87, ""height"": 44.15, ""width"": 47.05, ""depth"": 44.66, ""unit"": ""cm""}]",True,All luggage complies with the policy.,,0
Economy,child,"[{""storage"": ""carry-on"", ""weight"": 0.2, ""height"": 25.71, ""width"": 34.04, ""depth"": 3.7, ""unit"": ""cm""}, {""storage"": ""personal"", ""weight"": 3.21, ""height"": 38.83, ""width"": 3.98, ""depth"": 11.29, ""unit"": ""cm""}, {""storage"": ""checked"", ""weight"": 8.1, ""height"": 45.62, ""width"": 35.43, ""depth"": 32.52, ""unit"": ""cm""}]",True,All luggage complies with the policy.,,0
Economy,adult,"[{""storage"": ""checked"", ""weight"": 29.89, ""height"": 30.1, ""width"": 33.49, ""depth"": 11.83, ""unit"": ""cm""}, {""storage"": ""personal"", ""weight"": 13.62, ""height"": 70.5, ""width"": 34.82, ""depth"": 14.28, ""unit"": ""cm""}, {""storage"": ""carry-on"", ""weight"": 5.64, ""height"": 28.75, ""width"": 0.69, ""depth"": 42.38, ""unit"": ""cm""}, {""storage"": ""checked"", ""weight"": 34.55, ""height"": 66.92, ""width"": 76.1, ""depth"": 29.7, ""unit"": ""cm""}, {""storage"": ""carry-on"", ""weight"": 14.45, ""height"": 5.69, ""width"": 74.07, ""depth"": 17.41, ""unit"": ""cm""}]",False,"Carry-on: 1 bag(s) exceed quantity allowance, transferred to cargo; Total weight 19.259999999999998kg exceeds 7kg limit, all carry-on items transferred to cargo. Total fees: €225 | Checked: The following items must be shipped as cargo: Bag 2: weight 34.55kg exceeds 32kg limit. Total fees: €400 (cargo shipping costs not included - please contact cargo department). Consider splitting items or reducing weight/size to avoid cargo shipping.","[{""storage"": ""carry-on"", ""weight"": 14.45, ""height"": 5.69, ""width"": 74.07, ""depth"": 17.41, ""unit"": ""cm""}, {""storage"": ""carry-on"", ""weight"": 5.64, ""height"": 28.75, ""width"": 0.69, ""depth"": 42.38, ""unit"": ""cm""}, {""storage"": ""personal"", ""weight"": 13.62, ""height"": 70.5, ""width"": 34.82, ""depth"": 14.28, ""unit"": ""cm""}, {""storage"": ""checked"", ""weight"": 34.55, ""height"": 66.92, ""width"": 76.1, ""depth"": 29.7, ""unit"": ""cm""}]",625
Business,adult,"[{""storage"": ""checked"", ""weight"": 36.1, ""height"": 27.69, ""width"": 63.45, ""depth"": 42.98, ""unit"": ""cm""}, {""storage"": ""carry-on"", ""weight"": 14.97, ""height"": 19.51, ""width"": 7.14, ""depth"": 22.48, ""unit"": ""cm""}, {""storage"": ""carry-on"", ""weight"": 3.87, ""height"": 14.39, ""width"": 46.36, ""depth"": 41.76, ""unit"": ""cm""}, {""storage"": ""checked"", ""weight"": 28.28, ""height"": 85.29, ""width"": 29.42, ""depth"": 35.9, ""unit"": ""cm""}]",False,"Carry-on: Total weight 18.84kg exceeds 12kg limit, all carry-on items transferred to cargo. Total fees: €75 | Checked: The following items must be shipped as cargo: Bag 1: weight 36.1kg exceeds 32kg limit. Total fees: €75 (cargo shipping costs not included - please contact cargo department). Consider splitting items or reducing weight/size to avoid cargo shipping.","[{""storage"": ""carry-on"", ""weight"": 14.97, ""height"": 19.51, ""width"": 7.14, ""depth"": 22.48, ""unit"": ""cm""}, {""storage"": ""carry-on"", ""weight"": 3.87, ""height"": 14.39, ""width"": 46.36, ""depth"": 41.76, ""unit"": ""cm""}, {""storage"": ""checked"", ""weight"": 36.1, ""height"": 27.69, ""width"": 63.45, ""depth"": 42.98, ""unit"": ""cm""}]",150
Business,adult,"[{""storage"": ""personal"", ""weight"": 11.44, ""height"": 31.57, ""width"": 60.78, ""depth"": 4.7, ""unit"": ""cm""}, {""storage"": ""checked"", ""weight"": 34.67, ""height"": 96.74, ""width"": 44.7, ""depth"": 18.87, ""unit"": ""cm""}, {""storage"": ""personal"", ""weight"": 6.9, ""height"": 24.54, ""width"": 70.71, ""depth"": 4.93, ""unit"": ""cm""}, {""storage"": ""personal"", ""weight"": 13.4, ""height"": 66.02, ""width"": 30.4, ""depth"": 33.48, ""unit"": ""cm""}]",False,"Carry-on: Total weight 31.740000000000002kg exceeds 12kg limit, all carry-on items transferred to cargo. Total fees: €75 | Checked: The following items must be shipped as cargo: Bag 1: weight 34.67kg exceeds 32kg limit. Total fees: €175 (cargo shipping costs not included - please contact cargo department). Consider splitting items or reducing weight/size to avoid cargo shipping.","[{""storage"": ""personal"", ""weight"": 11.44, ""height"": 31.57, ""width"": 60.78, ""depth"": 4.7, ""unit"": ""cm""}, {""storage"": ""personal"", ""weight"": 6.9, ""height"": 24.54, ""width"": 70.71, ""depth"": 4.93, ""unit"": ""cm""}, {""storage"": ""personal"", ""weight"": 13.4, ""height"": 66.02, ""width"": 30.4, ""depth"": 33.48, ""unit"": ""cm""}, {""storage"": ""checked"", ""weight"": 34.67, ""height"": 96.74, ""width"": 44.7, ""depth"": 18.87, ""unit"": ""cm""}]",250
First,adult,"[{""storage"": ""checked"", ""weight"": 16.93, ""height"": 94.14, ""width"": 70.32, ""depth"": 7.85, ""unit"": ""cm""}, {""storage"": ""carry-on"", ""weight"": 10.53, ""height"": 91.24, ""width"": 15.87, ""depth"": 6.89, ""unit"": ""cm""}, {""storage"": ""checked"", ""weight"": 9.86, ""height"": 93.8, ""width"": 6.95, ""depth"": 18.59, ""unit"": ""cm""}, {""storage"": ""personal"", ""weight"": 8.26, ""height"": 31.1, ""width"": 37.34, ""depth"": 46.81, ""unit"": ""cm""}, {""storage"": ""personal"", ""weight"": 10.83, ""height"": 44.04, ""width"": 32.02, ""depth"": 48.25, ""unit"": ""cm""}]",False,"Carry-on: Total weight 29.619999999999997kg exceeds 12kg limit, all carry-on items transferred to cargo. Total fees: €75 | Checked: Checked luggage complies with the policy.","[{""storage"": ""carry-on"", ""weight"": 10.53, ""height"": 91.24, ""width"": 15.87, ""depth"": 6.89, ""unit"": ""cm""}, {""storage"": ""personal"", ""weight"": 8.26, ""height"": 31.1, ""width"": 37.34, ""depth"": 46.81, ""unit"": ""cm""}, {""storage"": ""personal"", ""weight"": 10.83, ""height"": 44.04, ""width"": 32.02, ""depth"": 48.25, ""unit"": ""cm""}]",175
Economy,child,"[{""storage"": ""personal"", ""weight"": 1.76, ""height"": 18.32, ""width"": 21.88, ""depth"": 2.07, ""unit"": ""cm""}, {""storage"": ""checked"", ""weight"": 14.06, ""height"": 58.83, ""width"": 31.34, ""depth"": 37.27, ""unit"": ""cm""}]",True,All luggage complies with the policy.,,0
Business,child,"[{""storage"": ""personal"", ""weight"": 8.6, ""height"": 32.32, ""width"": 9.93, ""depth"": 16.2, ""unit"": ""cm""}]",True,All luggage complies with the policy.,,0
First,adult,"[{""storage"": ""personal"", ""weight"": 2.3, ""height"": 31.3, ""width"": 23.89, ""depth"": 13.7, ""unit"": ""cm""}]",True,All luggage complies with the policy.,,0
Business,child,"[{""storage"": ""checked"", ""weight"": 3.18, ""height"": 98.98, ""width"": 34.52, ""depth"": 22.57, ""unit"": ""cm""}, {""storage"": ""carry-on"", ""weight"": 7.46, ""height"": 5.38, ""width"": 45.66, ""depth"": 23.2, ""unit"": ""cm""}, {""storage"": ""personal"", ""weight"": 10.07, ""height"": 18.47, ""width"": 17.98, ""depth"": 44.22, ""unit"": ""cm""}, {""storage"": ""carry-on"", ""weight"": 5.77, ""height"": 46.22, ""width"": 14.07, ""depth"": 41.86, ""unit"": ""cm""}, {""storage"": ""personal"", ""weight"": 13.91, ""height"": 71.48, ""width"": 4.95, ""depth"": 42.74, ""unit"": ""cm""}]",False,"Carry-on: 1 bag(s) exceed quantity allowance, transferred to cargo; Total weight 23.3kg exceeds 12kg limit, all carry-on items transferred to cargo. Total fees: €225","[{""storage"": ""personal"", ""weight"": 13.91, ""height"": 71.48, ""width"": 4.95, ""depth"": 42.74, ""unit"": ""cm""}, {""storage"": ""carry-on"", ""weight"": 7.46, ""height"": 5.38, ""width"": 45.66, ""depth"": 23.2, ""unit"": ""cm""}, {""storage"": ""carry-on"", ""weight"": 5.77, ""height"": 46.22, ""width"": 14.07, ""depth"": 41.86, ""unit"": ""cm""}, {""storage"": ""personal"", ""weight"": 10.07, ""height"": 18.47, ""width"": 17.98, ""depth"": 44.22, ""unit"": ""cm""}]",225
First,adult,"[{""storage"": ""personal"", ""weight"": 7.64, ""height"": 12.27, ""width"": 1.08, ""depth"": 12.09, ""unit"": ""cm""}, {""storage"": ""checked"", ""weight"": 27.19, ""height"": 58.55, ""width"": 25.08, ""depth"": 45.04, ""unit"": ""cm""}]",True,All luggage complies with the policy.,,0
First,infant,"[{""storage"": ""carry-on"", ""weight"": 0.49, ""height"": 42.18, ""width"": 79.94, ""depth"": 22.73, ""unit"": ""cm""}, {""storage"": ""personal"", ""weight"": 13.74, ""height"": 56.54, ""width"": 41.25, ""depth"": 40.71, ""unit"": ""cm""}, {""storage"": ""checked"", ""weight"": 25.97, ""height"": 78.25, ""width"": 34.06, ""depth"": 15.77, ""unit"": ""cm""}, {""storage"": ""personal"", ""weight"": 9.28, ""height"": 87.87, ""width"": 73.58, ""depth"": 31.47, ""unit"": ""cm""}]",False,"Carry-on: Total weight 23.509999999999998kg exceeds 12kg limit, all carry-on items transferred to cargo. Total fees: €75","[{""storage"": ""carry-on"", ""weight"": 0.49, ""height"": 42.18, ""width"": 79.94, ""depth"": 22.73, ""unit"": ""cm""}, {""storage"": ""personal"", ""weight"": 13.74, ""height"": 56.54, ""width"": 41.25, ""depth"": 40.71, ""unit"": ""cm""}, {""storage"": ""personal"", ""weight"": 9.28, ""height"": 87.87, ""width"": 73.58, ""depth"": 31.47, ""unit"": ""cm""}]",75
Business,adult,"[{""storage"": ""personal"", ""weight"": 5.41, ""height"": 98.92, ""width"": 69.46, ""depth"": 8.98, ""unit"": ""cm""}, {""storage"": ""carry-on"", ""weight"": 5.25, ""height"": 97.02, ""width"": 47.39, ""depth"": 21.65, ""unit"": ""cm""}]",False,"Carry-on: 1 bag(s) exceed size limits, transferred to cargo. Total fees: €100","[{""storage"": ""carry-on"", ""weight"": 5.25, ""height"": 97.02, ""width"": 47.39, ""depth"": 21.65, ""unit"": ""cm""}]",100
Business,child,"[{""storage"": ""personal"", ""weight"": 4.46, ""height"": 28.76, ""width"": 12.75, ""depth"": 1.82, ""unit"": ""cm""}]",True,All luggage complies with the policy.,,0
Business,infant,"[{""storage"": ""carry-on"", ""weight"": 11.79, ""height"": 35.9, ""width"": 3.95, ""depth"": 6.49, ""unit"": ""cm""}, {""storage"": ""personal"", ""weight"": 0.2, ""height"": 0.25, ""width"": 21.48, ""depth"": 4.74, ""unit"": ""cm""}, {""storage"": ""checked"", ""weight"": 30.88, ""height"": 49.88, ""width"": 39.35, ""depth"": 39.61, ""unit"": ""cm""}]",True,All luggage complies with the policy.,,0
First,adult,"[{""storage"": ""carry-on"", ""weight"": 5.51, ""height"": 47.97, ""width"": 34.59, ""depth"": 6.62, ""unit"": ""cm""}, {""storage"": ""carry-on"", ""weight"": 0.72, ""height"": 6.69, ""width"": 32.05, ""depth"": 5.07, ""unit"": ""cm""}, {""storage"": ""personal"", ""weight"": 3.03, ""height"": 10.89, ""width"": 29.28, ""depth"": 5.5, ""unit"": ""cm""}, {""storage"": ""checked"", ""weight"": 14.2, ""height"": 37.87, ""width"": 22.76, ""depth"": 42.3, ""unit"": ""cm""}, {""storage"": ""checked"", ""weight"": 23.38, ""height"": 59.03, ""width"": 32.71, ""depth"": 38.36, ""unit"": ""cm""}]",True,All luggage complies with the policy.,,0
Business,infant,"[{""storage"": ""personal"", ""weight"": 2.25, ""height"": 6.71, ""width"": 15.79, ""depth"": 11.61, ""unit"": ""cm""}, {""storage"": ""checked"", ""weight"": 14.46, ""height"": 24.63, ""width"": 22.28, ""depth"": 41.1, ""unit"": ""cm""}]",True,All luggage complies with the policy.,,0
First,infant,"[{""storage"": ""carry-on"", ""weight"": 2.55, ""height"": 26.01, ""width"": 1.81, ""depth"": 12.96, ""unit"": ""cm""}, {""storage"": ""carry-on"", ""weight"": 0.91, ""height"": 6.69, ""width"": 11.1, ""depth"": 13.41, ""unit"": ""cm""}, {""storage"": ""personal"", ""weight"": 2.82, ""height"": 36.56, ""width"": 11.77, ""depth"": 3.36, ""unit"": ""cm""}, {""storage"": ""checked"", ""weight"": 14.21, ""height"": 34.48, ""width"": 42.84, ""depth"": 34.08, ""unit"": ""cm""}, {""storage"": ""checked"", ""weight"": 5.55, ""height"": 66.2, ""width"": 39.23, ""depth"": 48.63, ""unit"": ""cm""}, {""storage"": ""checked"", ""weight"": 11.62, ""height"": 24.07, ""width"": 31.09, ""depth"": 21.08, ""unit"": ""cm""}]",True,All luggage complies with the policy.,,0
Business,child,"[{""storage"": ""checked"", ""weight"": 0.12, ""height"": 29.53, ""width"": 65.65, ""depth"": 30.09, ""unit"": ""cm""}, {""storage"": ""carry-on"", ""weight"": 6.93, ""height"": 81.73, ""width"": 66.52, ""depth"": 27.51, ""unit"": ""cm""}, {""storage"": ""personal"", ""weight"": 7.44, ""height"": 12.49, ""width"": 59.13, ""depth"": 45.32, ""unit"": ""cm""}, {""storage"": ""carry-on"", ""weight"": 4.24, ""height"": 25.99, ""width"": 75.81, ""depth"": 24.73, ""unit"": ""cm""}, {""storage"": ""carry-on"", ""weight"": 9.05, ""height"": 77.29, ""width"": 54.48, ""depth"": 31.29, ""unit"": ""cm""}]",False,"Carry-on: 1 bag(s) exceed quantity allowance, transferred to cargo; Total weight 18.61kg exceeds 12kg limit, all carry-on items transferred to cargo. Total fees: €225","[{""storage"": ""carry-on"", ""weight"": 9.05, ""height"": 77.29, ""width"": 54.48, ""depth"": 31.29, ""unit"": ""cm""}, {""storage"": ""carry-on"", ""weight"": 6.93, ""height"": 81.73, ""width"": 66.52, ""depth"": 27.51, ""unit"": ""cm""}, {""storage"": ""carry-on"", ""weight"": 4.24, ""height"": 25.99, ""width"": 75.81, ""depth"": 24.73, ""unit"": ""cm""}, {""storage"": ""personal"", ""weight"": 7.44, ""height"": 12.49, ""width"": 59.13, ""depth"": 45.32, ""unit"": ""cm""}]",225
Business,child,"[{""storage"": ""personal"", ""weight"": 1.05, ""height"": 19.33, ""width"": 36.01, ""depth"": 46.41, ""unit"": ""cm""}, {""storage"": ""checked"", ""weight"": 12.29, ""height"": 18.42, ""width"": 31.61, ""depth"": 34.34, ""unit"": ""cm""}, {""storage"": ""personal"", ""weight"": 9.21, ""height"": 50.63, ""width"": 8.76, ""depth"": 27.18, ""unit"": ""cm""}]",True,All luggage complies with the policy.,,0
Business,adult,"[{""storage"": ""personal"", ""weight"": 12.33, ""height"": 1.75, ""width"": 77.29, ""depth"": 10.37, ""unit"": ""cm""}, {""storage"": ""carry-on"", ""weight"": 1.13, ""height"": 15.35, ""width"": 44.55, ""depth"": 18.89, ""unit"": ""cm""}]",False,"Carry-on: Total weight 13.46kg exceeds 12kg limit, all carry-on items transferred to cargo. Total fees: €75","[{""storage"": ""carry-on"", ""weight"": 1.13, ""height"": 15.35, ""width"": 44.55, ""depth"": 18.89, ""unit"": ""cm""}, {""storage"": ""personal"", ""weight"": 12.33, ""height"": 1.75, ""width"": 77.29, ""depth"": 10.37, ""unit"": ""cm""}]",75
Business,infant,"[{""storage"": ""personal"", ""weight"": 9.21, ""height"": 26.02, ""width"": 7.44, ""depth"": 15.3, ""unit"": ""cm""}, {""storage"": ""checked"", ""weight"": 19.67, ""height"": 63.2, ""width"": 52.88, ""depth"": 26.53, ""unit"": ""cm""}]",True,All luggage complies with the policy.,,0
First,child,"[{""storage"": ""carry-on"", ""weight"": 3.48, ""height"": 45.72, ""width"": 7.32, ""depth"": 13.29, ""unit"": ""cm""}, {""storage"": ""personal"", ""weight"": 0.2, ""height"": 24.31, ""width"": 7.8, ""depth"": 14.59, ""unit"": ""cm""}, {""storage"": ""checked"", ""weight"": 7.12, ""height"": 34.04, ""width"": 54.16, ""depth"": 28.91, ""unit"": ""cm""}, {""storage"": ""checked"", ""weight"": 30.59, ""height"": 21.89, ""width"": 33.85, ""depth"": 37.92, ""unit"": ""cm""}, {""storage"": ""checked"", ""weight"": 22.49, ""height"": 58.77, ""width"": 31.98, ""depth"": 25.69, ""unit"": ""cm""}]",True,All luggage complies with the policy.,,0
First,infant,"[{""storage"": ""personal"", ""weight"": 6.94, ""height"": 46.47, ""width"": 8.72, ""depth"": 37.23, ""unit"": ""cm""}, {""storage"": ""personal"", ""weight"": 10.92, ""height"": 15.3, ""width"": 49.34, ""depth"": 45.85, ""unit"": ""cm""}, {""storage"": ""personal"", ""weight"": 3.92, ""height"": 61.06, ""width"": 45.65, ""depth"": 32.2, ""unit"": ""cm""}, {""storage"": ""personal"", ""weight"": 10.64, ""height"": 26.34, ""width"": 27.21, ""depth"": 19.52, ""unit"": ""cm""}, {""storage"": ""carry-on"", ""weight"": 10.84, ""height"": 4.64, ""width"": 52.4, ""depth"": 49.13, ""unit"": ""cm""}]",False,"Carry-on: 3 bag(s) exceed quantity allowance, transferred to cargo; Total weight 17.78kg exceeds 12kg limit, all carry-on items transferred to cargo. Total fees: €525","[{""storage"": ""personal"", ""weight"": 10.92, ""height"": 15.3, ""width"": 49.34, ""depth"": 45.85, ""unit"": ""cm""}, {""storage"": ""personal"", ""weight"": 3.92, ""height"": 61.06, ""width"": 45.65, ""depth"": 32.2, ""unit"": ""cm""}, {""storage"": ""personal"", ""weight"": 10.64, ""height"": 26.34, ""width"": 27.21, ""depth"": 19.52, ""unit"": ""cm""}, {""storage"": ""carry-on"", ""weight"": 10.84, ""height"": 4.64, ""width"": 52.4, ""depth"": 49.13, ""unit"": ""cm""}, {""storage"": ""personal"", ""weight"": 6.94, ""height"": 46.47, ""width"": 8.72, ""depth"": 37.23, ""unit"": ""cm""}]",525
Business,child,"[{""storage"": ""carry-on"", ""weight"": 1.43, ""height"": 16.84, ""width"": 31.67, ""depth"": 19.53, ""unit"": ""cm""}, {""storage"": ""personal"", ""weight"": 3.82, ""height"": 34.94, ""width"": 26.71, ""depth"": 3.39, ""unit"": ""cm""}, {""storage"": ""checked"", ""weight"": 16.39, ""height"": 36.39, ""width"": 20.24, ""depth"": 25.09, ""unit"": ""cm""}]",True,All luggage complies with the policy.,,0
Economy,adult,"[{""storage"": ""personal"", ""weight"": 2.55, ""height"": 29.06, ""width"": 3.48, ""depth"": 3.79, ""unit"": ""cm""}, {""storage"": ""checked"", ""weight"": 9.84, ""height"": 29.41, ""width"": 46.52, ""depth"": 38.16, ""unit"": ""cm""}]",True,All luggage complies with the policy.,,0
Business,infant,"[{""storage"": ""carry-on"", ""weight"": 4.27, ""height"": 69.84, ""width"": 42.13, ""depth"": 1.53, ""unit"": ""cm""}, {""storage"": ""personal"", ""weight"": 4.49, ""height"": 75.18, ""width"": 27.36, ""depth"": 29.46, ""unit"": ""cm""}]",False,"Carry-on: 1 bag(s) exceed size limits, transferred to cargo. Total fees: €100","[{""storage"": ""carry-on"", ""weight"": 4.27, ""height"": 69.84, ""width"": 42.13, ""depth"": 1.53, ""unit"": ""cm""}]",100
Economy,adult,"[{""storage"": ""personal"", ""weight"": 4.76, ""height"": 16.26, ""width"": 11.47, ""depth"": 10.09, ""unit"": ""cm""}]",True,All luggage complies with the policy.,,0
First,child,"[{""storage"": ""carry-on"", ""weight"": 5.65, ""height"": 0.34, ""width"": 22.3, ""depth"": 18.01, ""unit"": ""cm""}, {""storage"": ""carry-on"", ""weight"": 1.71, ""height"": 20.78, ""width"": 28.74, ""depth"": 9.46, ""unit"": ""cm""}, {""storage"": ""personal"", ""weight"": 3.97, ""height"": 38.64, ""width"": 14.26, ""depth"": 3.18, ""unit"": ""cm""}, {""storage"": ""checked"", ""weight"": 20.16, ""height"": 25.34, ""width"": 43.11, ""depth"": 40.34, ""unit"": ""cm""}]",True,All luggage complies with the policy.,,0
Economy,infant,"[{""storage"": ""carry-on"", ""weight"": 11.38, ""height"": 52.77, ""width"": 14.19, ""depth"": 5.19, ""unit"": ""cm""}, {""storage"": ""personal"", ""weight"": 6.54, ""height"": 60.17, ""width"": 10.21, ""depth"": 12.93, ""unit"": ""cm""}, {""storage"": ""checked"", ""weight"": 44.35, ""height"": 48.58, ""width"": 78.96, ""depth"": 8.37, ""unit"": ""cm""}, {""storage"": ""personal"", ""weight"": 10.95, ""height"": 73.13, ""width"": 53.42, ""depth"": 49.13, ""unit"": ""cm""}, {""storage"": ""checked"", ""weight"": 38.69, ""height"": 68.91, ""width"": 33.42, ""depth"": 10.42, ""unit"": ""cm""}]",False,"Carry-on: 1 bag(s) exceed quantity allowance, transferred to cargo; Total weight 17.92kg exceeds 7kg limit, all carry-on items transferred to cargo. Total fees: €225 | Checked: The following items must be shipped as cargo: Bag 1: weight 44.35kg exceeds 32kg limit; Bag 2: weight 38.69kg exceeds 32kg limit. Total fees: €300 (cargo shipping costs not included - please contact cargo department). Consider splitting items or reducing weight/size to avoid cargo shipping.","[{""storage"": ""personal"", ""weight"": 10.95, ""height"": 73.13, ""width"": 53.42, ""depth"": 49.13, ""unit"": ""cm""}, {""storage"": ""carry-on"", ""weight"": 11.38, ""height"": 52.77, ""width"": 14.19, ""depth"": 5.19, ""unit"": ""cm""}, {""storage"": ""personal"", ""weight"": 6.54, ""height"": 60.17, ""width"": 10.21, ""depth"": 12.93, ""unit"": ""cm""}, {""storage"": ""checked"", ""weight"": 44.35, ""height"": 48.58, ""width"": 78.96, ""depth"": 8.37, ""unit"": ""cm""}, {""storage"": ""checked"", ""weight"": 38.69, ""height"": 68.91, ""width"": 33.42, ""depth"": 10.42, ""unit"": ""cm""}]",525
Economy,adult,"[{""storage"": ""carry-on"", ""weight"": 4.52, ""height"": 28.68, ""width"": 15.52, ""depth"": 10.87, ""unit"": ""cm""}, {""storage"": ""personal"", ""weight"": 0.96, ""height"": 14.6, ""width"": 18.92, ""depth"": 3.48, ""unit"": ""cm""}, {""storage"": ""checked"", ""weight"": 20.62, ""height"": 60.32, ""width"": 50.42, ""depth"": 37.88, ""unit"": ""cm""}]",True,All luggage complies with the policy.,,0
Business,adult,"[{""storage"": ""personal"", ""weight"": 6.08, ""height"": 27.71, ""width"": 4.44, ""depth"": 6.73, ""unit"": ""cm""}, {""storage"": ""checked"", ""weight"": 10.42, ""height"": 59.64, ""width"": 33.32, ""depth"": 48.73, ""unit"": ""cm""}, {""storage"": ""checked"", ""weight"": 15.98, ""height"": 65.32, ""width"": 45.83, ""depth"": 23.33, ""unit"": ""cm""}]",True,All luggage complies with the policy.,,0
Economy,infant,"[{""storage"": ""personal"", ""weight"": 3.07, ""height"": 86.85, ""width"": 76.21, ""depth"": 40.03, ""unit"": ""cm""}, {""storage"": ""personal"", ""weight"": 14.55, ""height"": 10.54, ""width"": 65.72, ""depth"": 5.39, ""unit"": ""cm""}, {""storage"": ""personal"", ""weight"": 12.56, ""height"": 59.42, ""width"": 30.39, ""depth"": 13.61, ""unit"": ""cm""}]",False,"Carry-on: 2 bag(s) exceed quantity allowance, transferred to cargo. Total fees: €300","[{""storage"": ""personal"", ""weight"": 14.55, ""height"": 10.54, ""width"": 65.72, ""depth"": 5.39, ""unit"": ""cm""}, {""storage"": ""personal"", ""weight"": 12.56, ""height"": 59.42, ""width"": 30.39, ""depth"": 13.61, ""unit"": ""cm""}]",300
Economy,infant,"[{""storage"": ""personal"", ""weight"": 1.42, ""height"": 21.37, ""width"": 19.58, ""depth"": 9.68, ""unit"": ""cm""}]",True,All luggage complies with the policy.,,0
First,infant,"[{""storage"": ""personal"", ""weight"": 2.36, ""height"": 9.61, ""width"": 14.88, ""depth"": 1.71, ""unit"": ""cm""}, {""storage"": ""checked"", ""weight"": 31.36, ""height"": 48.6, ""width"": 46.77, ""depth"": 47.54, ""unit"": ""cm""}, {""storage"": ""checked"", ""weight"": 0.99, ""height"": 52.64, ""width"": 45.21, ""depth"": 35.36, ""unit"": ""cm""}]",True,All luggage complies with the policy.,,0
Business,child,"[{""storage"": ""carry-on"", ""weight"": 2.16, ""height"": 42.02, ""width"": 13.64, ""depth"": 1.3, ""unit"": ""cm""}, {""storage"": ""carry-on"", ""weight"": 3.77, ""height"": 38.63, ""width"": 22.74, ""depth"": 22.0, ""unit"": ""cm""}, {""storage"": ""personal"", ""weight"": 1.02, ""height"": 2.9, ""width"": 21.88, ""depth"": 18.84, ""unit"": ""cm""}, {""storage"": ""checked"", ""weight"": 6.59, ""height"": 69.45, ""width"": 27.16, ""depth"": 26.08, ""unit"": ""cm""}]",True,All luggage complies with the policy.,,0
Business,child,"[{""storage"": ""checked"", ""weight"": 1.18, ""height"": 19.78, ""width"": 76.59, ""depth"": 42.42, ""unit"": ""cm""}, {""storage"": ""carry-on"", ""weight"": 12.61, ""height"": 9.38, ""width"": 28.95, ""depth"": 7.09, ""unit"": ""cm""}, {""storage"": ""personal"", ""weight"": 11.05, ""height"": 3.69, ""width"": 2.88, ""depth"": 20.62, ""unit"": ""cm""}, {""storage"": ""checked"", ""weight"": 15.78, ""height"": 13.47, ""width"": 74.56, ""depth"": 11.81, ""unit"": ""cm""}, {""storage"": ""personal"", ""weight"": 3.13, ""height"": 22.5, ""width"": 72.81, ""depth"": 22.91, ""unit"": ""cm""}]",False,"Carry-on: Total weight 26.79kg exceeds 12kg limit, all carry-on items transferred to cargo. Total fees: €75","[{""storage"": ""carry-on"", ""weight"": 12.61, ""height"": 9.38, ""width"": 28.95, ""depth"": 7.09, ""unit"": ""cm""}, {""storage"": ""personal"", ""weight"": 11.05, ""height"": 3.69, ""width"": 2.88, ""depth"": 20.62, ""unit"": ""cm""}, {""storage"": ""personal"", ""weight"": 3.13, ""height"": 22.5, ""width"": 72.81, ""depth"": 22.91, ""unit"": ""cm""}]",75
Business,infant,"[{""storage"": ""personal"", ""weight"": 8.89, ""height"": 35.32, ""width"": 13.78, ""depth"": 8.88, ""unit"": ""cm""}, {""storage"": ""checked"", ""weight"": 22.32, ""height"": 21.17, ""width"": 31.69, ""depth"": 42.81, ""unit"": ""cm""}, {""storage"": ""checked"", ""weight"": 10.42, ""height"": 34.64, ""width"": 24.79, ""depth"": 49.63, ""unit"": ""cm""}]",True,All luggage complies with the policy.,,0
Economy,child,"[{""storage"": ""carry-on"", ""weight"": 5.15, ""height"": 38.76, ""width"": 5.12, ""depth"": 3.37, ""unit"": ""cm""}, {""storage"": ""personal"", ""weight"": 0.3, ""height"": 27.59, ""width"": 12.61, ""depth"": 8.81, ""unit"": ""cm""}, {""storage"": ""checked"", ""weight"": 0.54, ""height"": 24.69, ""width"": 20.06, ""depth"": 38.93, ""unit"": ""cm""}]",True,All luggage complies with the policy.,,0
Business,child,"[{""storage"": ""checked"", ""weight"": 10.86, ""height"": 76.7, ""width"": 10.65, ""depth"": 46.88, ""unit"": ""cm""}, {""storage"": ""carry-on"", ""weight"": 2.71, ""height"": 41.73, ""width"": 60.23, ""depth"": 0.56, ""unit"": ""cm""}, {""storage"": ""carry-on"", ""weight"": 12.13, ""height"": 82.99, ""width"": 58.89, ""depth"": 11.89, ""unit"": ""cm""}]",False,"Carry-on: Total weight 14.84kg exceeds 12kg limit, all carry-on items transferred to cargo. Total fees: €75","[{""storage"": ""carry-on"", ""weight"": 2.71, ""height"": 41.73, ""width"": 60.23, ""depth"": 0.56, ""unit"": ""cm""}, {""storage"": ""carry-on"", ""weight"": 12.13, ""height"": 82.99, ""width"": 58.89, ""depth"": 11.89, ""unit"": ""cm""}]",75
First,infant,"[{""storage"": ""personal"", ""weight"": 5.57, ""height"": 1.87, ""width"": 3.7, ""depth"": 46.16, ""unit"": ""cm""}, {""storage"": ""carry-on"", ""weight"": 8.66, ""height"": 50.26, ""width"": 26.29, ""depth"": 12.07, ""unit"": ""cm""}, {""storage"": ""personal"", ""weight"": 14.3, ""height"": 8.95, ""width"": 8.45, ""depth"": 17.35, ""unit"": ""cm""}, {""storage"": ""checked"", ""weight"": 38.98, ""height"": 60.09, ""width"": 71.48, ""depth"": 17.67, ""unit"": ""cm""}]",False,"Carry-on: Total weight 28.53kg exceeds 12kg limit, all carry-on items transferred to cargo. Total fees: €75 | Checked: The following items must be shipped as cargo: Bag 1: weight 38.98kg exceeds 32kg limit. Total fees: €75 (cargo shipping costs not included - please contact cargo department). Consider splitting items or reducing weight/size to avoid cargo shipping.","[{""storage"": ""carry-on"", ""weight"": 8.66, ""height"": 50.26, ""width"": 26.29, ""depth"": 12.07, ""unit"": ""cm""}, {""storage"": ""personal"", ""weight"": 5.57, ""height"": 1.87, ""width"": 3.7, ""depth"": 46.16, ""unit"": ""cm""}, {""storage"": ""personal"", ""weight"": 14.3, ""height"": 8.95, ""width"": 8.45, ""depth"": 17.35, ""unit"": ""cm""}, {""storage"": ""checked"", ""weight"": 38.98, ""height"": 60.09, ""width"": 71.48, ""depth"": 17.67, ""unit"": ""cm""}]",150
Economy,child,"[{""storage"": ""carry-on"", ""weight"": 0.42, ""height"": 50.67, ""width"": 28.93, ""depth"": 23.16, ""unit"": ""cm""}, {""storage"": ""checked"", ""weight"": 13.64, ""height"": 94.18, ""width"": 77.34, ""depth"": 21.36, ""unit"": ""cm""}, {""storage"": ""checked"", ""weight"": 34.65, ""height"": 30.36, ""width"": 19.5, ""depth"": 38.89, ""unit"": ""cm""}, {""storage"": ""carry-on"", ""weight"": 5.3, ""height"": 45.31, ""width"": 67.54, ""depth"": 19.73, ""unit"": ""cm""}]",False,"Carry-on: 2 bag(s) exceed size limits, transferred to cargo. Total fees: €200 | Checked: The following items must be shipped as cargo: Bag 2: weight 34.65kg exceeds 32kg limit. Total fees: €325 (cargo shipping costs not included - please contact cargo department). Consider splitting items or reducing weight/size to avoid cargo shipping.","[{""storage"": ""carry-on"", ""weight"": 0.42, ""height"": 50.67, ""width"": 28.93, ""depth"": 23.16, ""unit"": ""cm""}, {""storage"": ""carry-on"", ""weight"": 5.3, ""height"": 45.31, ""width"": 67.54, ""depth"": 19.73, ""unit"": ""cm""}, {""storage"": ""checked"", ""weight"": 34.65, ""height"": 30.36, ""width"": 19.5, ""depth"": 38.89, ""unit"": ""cm""}]",525
Economy,infant,"[{""storage"": ""personal"", ""weight"": 0.89, ""height"": 26.73, ""width"": 28.46, ""depth"": 14.1, ""unit"": ""cm""}, {""storage"": ""checked"", ""weight"": 13.1, ""height"": 26.53, ""width"": 29.48, ""depth"": 25.22, ""unit"": ""cm""}]",True,All luggage complies with the policy.,,0
Business,infant,"[{""storage"": ""carry-on"", ""weight"": 6.42, ""height"": 76.46, ""width"": 72.66, ""depth"": 28.66, ""unit"": ""cm""}]",False,"Carry-on: 1 bag(s) exceed size limits, transferred to cargo. Total fees: €100","[{""storage"": ""carry-on"", ""weight"": 6.42, ""height"": 76.46, ""width"": 72.66, ""depth"": 28.66, ""unit"": ""cm""}]",100
First,infant,"[{""storage"": ""personal"", ""weight"": 5.63, ""height"": 74.98, ""width"": 77.07, ""depth"": 32.73, ""unit"": ""cm""}]",True,All luggage complies with the policy.,,0
Economy,infant,"[{""storage"": ""personal"", ""weight"": 0.91, ""height"": 30.56, ""width"": 27.79, ""depth"": 11.15, ""unit"": ""cm""}, {""storage"": ""checked"", ""weight"": 1.13, ""height"": 69.35, ""width"": 26.52, ""depth"": 42.38, ""unit"": ""cm""}]",True,All luggage complies with the policy.,,0
First,infant,"[{""storage"": ""carry-on"", ""weight"": 3.18, ""height"": 44.43, ""width"": 15.16, ""depth"": 19.06, ""unit"": ""cm""}, {""storage"": ""carry-on"", ""weight"": 5.2, ""height"": 33.81, ""width"": 7.18, ""depth"": 12.5, ""unit"": ""cm""}, {""storage"": ""personal"", ""weight"": 1.83, ""height"": 1.7, ""width"": 15.08, ""depth"": 1.39, ""unit"": ""cm""}]",True,All luggage complies with the policy.,,0
First,child,"[{""storage"": ""carry-on"", ""weight"": 8.59, ""height"": 52.72, ""width"": 10.58, ""depth"": 18.68, ""unit"": ""cm""}, {""storage"": ""personal"", ""weight"": 0.93, ""height"": 31.42, ""width"": 20.65, ""depth"": 9.49, ""unit"": ""cm""}]",True,All luggage complies with the policy.,,0
First,child,"[{""storage"": ""carry-on"", ""weight"": 0.31, ""height"": 86.47, ""width"": 47.18, ""depth"": 13.69, ""unit"": ""cm""}, {""storage"": ""checked"", ""weight"": 39.92, ""height"": 95.58, ""width"": 11.11, ""depth"": 25.77, ""unit"": ""cm""}]",False,"Carry-on: 1 bag(s) exceed size limits, transferred to cargo. Total fees: €100 | Checked: The following items must be shipped as cargo: Bag 1: weight 39.92kg exceeds 32kg limit. Total fees: €75 (cargo shipping costs not included - please contact cargo department). Consider splitting items or reducing weight/size to avoid cargo shipping.","[{""storage"": ""carry-on"", ""weight"": 0.31, ""height"": 86.47, ""width"": 47.18, ""depth"": 13.69, ""unit"": ""cm""}, {""storage"": ""checked"", ""weight"": 39.92, ""height"": 95.58, ""width"": 11.11, ""depth"": 25.77, ""unit"": ""cm""}]",175
Economy,child,"[{""storage"": ""personal"", ""weight"": 7.41, ""height"": 89.63, ""width"": 4.97, ""depth"": 48.45, ""unit"": ""cm""}, {""storage"": ""carry-on"", ""weight"": 6.97, ""height"": 6.48, ""width"": 23.5, ""depth"": 40.74, ""unit"": ""cm""}, {""storage"": ""carry-on"", ""weight"": 2.59, ""height"": 95.82, ""width"": 25.93, ""depth"": 24.41, ""unit"": ""cm""}, {""storage"": ""checked"", ""weight"": 1.28, ""height"": 88.65, ""width"": 54.96, ""depth"": 12.76, ""unit"": ""cm""}]",False,"Carry-on: 1 bag(s) exceed quantity allowance, transferred to cargo; Total weight 14.379999999999999kg exceeds 7kg limit, all carry-on items transferred to cargo. Total fees: €225","[{""storage"": ""carry-on"", ""weight"": 2.59, ""height"": 95.82, ""width"": 25.93, ""depth"": 24.41, ""unit"": ""cm""}, {""storage"": ""carry-on"", ""weight"": 6.97, ""height"": 6.48, ""width"": 23.5, ""depth"": 40.74, ""unit"": ""cm""}, {""storage"": ""personal"", ""weight"": 7.41, ""height"": 89.63, ""width"": 4.97, ""depth"": 48.45, ""unit"": ""cm""}]",225
Business,infant,"[{""storage"": ""personal"", ""weight"": 6.63, ""height"": 37.12, ""width"": 51.92, ""depth"": 39.62, ""unit"": ""cm""}, {""storage"": ""carry-on"", ""weight"": 12.44, ""height"": 56.84, ""width"": 36.37, ""depth"": 22.31, ""unit"": ""cm""}, {""storage"": ""carry-on"", ""weight"": 8.66, ""height"": 86.72, ""width"": 49.0, ""depth"": 45.02, ""unit"": ""cm""}, {""storage"": ""checked"", ""weight"": 15.14, ""height"": 7.38, ""width"": 33.63, ""depth"": 4.81, ""unit"": ""cm""}]",False,"Carry-on: Total weight 27.73kg exceeds 12kg limit, all carry-on items transferred to cargo. Total fees: €75","[{""storage"": ""carry-on"", ""weight"": 12.44, ""height"": 56.84, ""width"": 36.37, ""depth"": 22.31, ""unit"": ""cm""}, {""storage"": ""carry-on"", ""weight"": 8.66, ""height"": 86.72, ""width"": 49.0, ""depth"": 45.02, ""unit"": ""cm""}, {""storage"": ""personal"", ""weight"": 6.63, ""height"": 37.12, ""width"": 51.92, ""depth"": 39.62, ""unit"": ""cm""}]",75
First,adult,"[{""storage"": ""carry-on"", ""weight"": 2.64, ""height"": 14.27, ""width"": 26.29, ""depth"": 36.67, ""unit"": ""cm""}, {""storage"": ""carry-on"", ""weight"": 10.79, ""height"": 17.87, ""width"": 75.52, ""depth"": 17.71, ""unit"": ""cm""}, {""storage"": ""personal"", ""weight"": 14.65, ""height"": 20.12, ""width"": 33.02, ""depth"": 3.73, ""unit"": ""cm""}, {""storage"": ""checked"", ""weight"": 22.21, ""height"": 1.76, ""width"": 29.51, ""depth"": 23.83, ""unit"": ""cm""}, {""storage"": ""checked"", ""weight"": 18.37, ""height"": 80.72, ""width"": 79.18, ""depth"": 10.15, ""unit"": ""cm""}]",False,"Carry-on: Total weight 28.08kg exceeds 12kg limit, all carry-on items transferred to cargo. Total fees: €75 | Checked: Checked luggage complies with the policy.","[{""storage"": ""carry-on"", ""weight"": 2.64, ""height"": 14.27, ""width"": 26.29, ""depth"": 36.67, ""unit"": ""cm""}, {""storage"": ""carry-on"", ""weight"": 10.79, ""height"": 17.87, ""width"": 75.52, ""depth"": 17.71, ""unit"": ""cm""}, {""storage"": ""personal"", ""weight"": 14.65, ""height"": 20.12, ""width"": 33.02, ""depth"": 3.73, ""unit"": ""cm""}]",175
Business,adult,"[{""storage"": ""personal"", ""weight"": 8.62, ""height"": 25.41, ""width"": 26.61, ""depth"": 1.44, ""unit"": ""cm""}, {""storage"": ""checked"", ""weight"": 21.24, ""height"": 27.94, ""width"": 58.19, ""depth"": 49.23, ""unit"": ""cm""}]",True,All luggage complies with the policy.,,0
Business,adult,"[{""storage"": ""carry-on"", ""weight"": 3.11, ""height"": 27.36, ""width"": 33.09, ""depth"": 5.2, ""unit"": ""cm""}, {""storage"": ""carry-on"", ""weight"": 4.35, ""height"": 34.15, ""width"": 30.18, ""depth"": 21.36, ""unit"": ""cm""}, {""storage"": ""personal"", ""weight"": 3.33, ""height"": 5.08, ""width"": 26.3, ""depth"": 9.37, ""unit"": ""cm""}]",True,All luggage complies with the policy.,,0
Business,infant,"[{""storage"": ""checked"", ""weight"": 33.85, ""height"": 70.39, ""width"": 75.99, ""depth"": 2.74, ""unit"": ""cm""}]",False,Checked: The following items must be shipped as cargo: Bag 1: weight 33.85kg exceeds 32kg limit. Total fees: €75 (cargo shipping costs not included - please contact cargo department). Consider splitting items or reducing weight/size to avoid cargo shipping.,"[{""storage"": ""checked"", ""weight"": 33.85, ""height"": 70.39, ""width"": 75.99, ""depth"": 2.74, ""unit"": ""cm""}]",75
Economy,child,"[{""storage"": ""personal"", ""weight"": 9.66, ""height"": 75.06, ""width"": 52.79, ""depth"": 41.67, ""unit"": ""cm""}]",False,"Carry-on: Total weight 9.66kg exceeds 7kg limit, all carry-on items transferred to cargo. Total fees: €75","[{""storage"": ""personal"", ""weight"": 9.66, ""height"": 75.06, ""width"": 52.79, ""depth"": 41.67, ""unit"": ""cm""}]",75
Business,adult,"[{""storage"": ""checked"", ""weight"": 30.36, ""height"": 44.02, ""width"": 77.26, ""depth"": 23.96, ""unit"": ""cm""}, {""storage"": ""checked"", ""weight"": 5.83, ""height"": 34.97, ""width"": 8.54, ""depth"": 27.44, ""unit"": ""cm""}, {""storage"": ""personal"", ""weight"": 7.86, ""height"": 92.98, ""width"": 19.78, ""depth"": 10.34, ""unit"": ""cm""}, {""storage"": ""carry-on"", ""weight"": 13.36, ""height"": 73.24, ""width"": 78.87, ""depth"": 42.87, ""unit"": ""cm""}, {""storage"": ""carry-on"", ""weight"": 7.54, ""height"": 21.13, ""width"": 15.82, ""depth"": 8.71, ""unit"": ""cm""}]",False,"Carry-on: Total weight 28.759999999999998kg exceeds 12kg limit, all carry-on items transferred to cargo. Total fees: €75","[{""storage"": ""carry-on"", ""weight"": 13.36, ""height"": 73.24, ""width"": 78.87, ""depth"": 42.87, ""unit"": ""cm""}, {""storage"": ""carry-on"", ""weight"": 7.54, ""height"": 21.13, ""width"": 15.82, ""depth"": 8.71, ""unit"": ""cm""}, {""storage"": ""personal"", ""weight"": 7.86, ""height"": 92.98, ""width"": 19.78, ""depth"": 10.34, ""unit"": ""cm""}]",75
Economy,adult,"[{""storage"": ""personal"", ""weight"": 1.38, ""height"": 39.41, ""width"": 12.54, ""depth"": 5.04, ""unit"": ""cm""}]",True,All luggage complies with the policy.,,0
Economy,infant,"[{""storage"": ""carry-on"", ""weight"": 6.32, ""height"": 6.66, ""width"": 20.85, ""depth"": 11.82, ""unit"": ""cm""}, {""storage"": ""personal"", ""weight"": 0.55, ""height"": 18.53, ""width"": 4.78, ""depth"": 4.83, ""unit"": ""cm""}]",True,All luggage complies with the policy.,,0
First,child,"[{""storage"": ""personal"", ""weight"": 11.96, ""height"": 27.0, ""width"": 18.67, ""depth"": 7.85, ""unit"": ""cm""}, {""storage"": ""checked"", ""weight"": 15.56, ""height"": 38.99, ""width"": 27.49, ""depth"": 43.04, ""unit"": ""cm""}, {""storage"": ""checked"", ""weight"": 24.63, ""height"": 49.94, ""width"": 57.64, ""depth"": 41.98, ""unit"": ""cm""}, {""storage"": ""checked"", ""weight"": 17.5, ""height"": 46.48, ""width"": 24.1, ""depth"": 33.04, ""unit"": ""cm""}]",True,All luggage complies with the policy.,,0
First,child,"[{""storage"": ""carry-on"", ""weight"": 0.61, ""height"": 37.61, ""width"": 25.13, ""depth"": 22.7, ""unit"": ""cm""}, {""storage"": ""carry-on"", ""weight"": 2.6, ""height"": 54.71, ""width"": 25.98, ""depth"": 3.14, ""unit"": ""cm""}, {""storage"": ""personal"", ""weight"": 2.36, ""height"": 32.39, ""width"": 3.15, ""depth"": 3.76, ""unit"": ""cm""}, {""storage"": ""checked"", ""weight"": 6.91, ""height"": 42.03, ""width"": 41.6, ""depth"": 24.39, ""unit"": ""cm""}, {""storage"": ""checked"", ""weight"": 25.64, ""height"": 26.67, ""width"": 44.23, ""depth"": 31.55, ""unit"": ""cm""}]",True,All luggage complies with the policy.,,0
Economy,child,"[{""storage"": ""carry-on"", ""weight"": 6.81, ""height"": 43.89, ""width"": 63.81, ""depth"": 10.01, ""unit"": ""cm""}]",False,"Carry-on: 1 bag(s) exceed size limits, transferred to cargo. Total fees: €100","[{""storage"": ""carry-on"", ""weight"": 6.81, ""height"": 43.89, ""width"": 63.81, ""depth"": 10.01, ""unit"": ""cm""}]",100
Business,adult,"[{""storage"": ""personal"", ""weight"": 10.81, ""height"": 43.06, ""width"": 59.58, ""depth"": 22.9, ""unit"": ""cm""}, {""storage"": ""checked"", ""weight"": 26.96, ""height"": 71.67, ""width"": 55.43, ""depth"": 14.83, ""unit"": ""cm""}, {""storage"": ""personal"", ""weight"": 4.77, ""height"": 87.06, ""width"": 63.83, ""depth"": 33.32, ""unit"": ""cm""}, {""storage"": ""personal"", ""weight"": 5.77, ""height"": 96.46, ""width"": 9.7, ""depth"": 6.23, ""unit"": ""cm""}]",False,"Carry-on: Total weight 21.35kg exceeds 12kg limit, all carry-on items transferred to cargo. Total fees: €75","[{""storage"": ""personal"", ""weight"": 10.81, ""height"": 43.06, ""width"": 59.58, ""depth"": 22.9, ""unit"": ""cm""}, {""storage"": ""personal"", ""weight"": 4.77, ""height"": 87.06, ""width"": 63.83, ""depth"": 33.32, ""unit"": ""cm""}, {""storage"": ""personal"", ""weight"": 5.77, ""height"": 96.46, ""width"": 9.7, ""depth"": 6.23, ""unit"": ""cm""}]",75
Business,child,"[{""storage"": ""carry-on"", ""weight"": 6.13, ""height"": 6.13, ""width"": 8.88, ""depth"": 0.98, ""unit"": ""cm""}, {""storage"": ""personal"", ""weight"": 5.18, ""height"": 7.4, ""width"": 16.61, ""depth"": 8.13, ""unit"": ""cm""}]",True,All luggage complies with the policy.,,0
Business,child,"[{""storage"": ""personal"", ""weight"": 1.24, ""height"": 17.03, ""width"": 22.02, ""depth"": 6.87, ""unit"": ""cm""}, {""storage"": ""checked"", ""weight"": 14.85, ""height"": 31.95, ""width"": 35.01, ""depth"": 37.33, ""unit"": ""cm""}]",True,All luggage complies with the policy.,,0
First,adult,"[{""storage"": ""personal"", ""weight"": 3.21, ""height"": 40.49, ""width"": 46.71, ""depth"": 34.5, ""unit"": ""cm""}, {""storage"": ""carry-on"", ""weight"": 8.87, ""height"": 79.54, ""width"": 49.55, ""depth"": 1.63, ""unit"": ""cm""}]",False,"Carry-on: Total weight 12.079999999999998kg exceeds 12kg limit, all carry-on items transferred to cargo. Total fees: €75","[{""storage"": ""carry-on"", ""weight"": 8.87, ""height"": 79.54, ""width"": 49.55, ""depth"": 1.63, ""unit"": ""cm""}, {""storage"": ""personal"", ""weight"": 3.21, ""height"": 40.49, ""width"": 46.71, ""depth"": 34.5, ""unit"": ""cm""}]",75
Business,adult,"[{""storage"": ""personal"", ""weight"": 7.45, ""height"": 90.81, ""width"": 49.04, ""depth"": 33.54, ""unit"": ""cm""}, {""storage"": ""personal"", ""weight"": 8.71, ""height"": 83.24, ""width"": 3.45, ""depth"": 49.97, ""unit"": ""cm""}, {""storage"": ""carry-on"", ""weight"": 6.33, ""height"": 9.43, ""width"": 70.41, ""depth"": 11.37, ""unit"": ""cm""}]",False,"Carry-on: Total weight 22.490000000000002kg exceeds 12kg limit, all carry-on items transferred to cargo. Total fees: €75","[{""storage"": ""carry-on"", ""weight"": 6.33, ""height"": 9.43, ""width"": 70.41, ""depth"": 11.37, ""unit"": ""cm""}, {""storage"": ""personal"", ""weight"": 7.45, ""height"": 90.81, ""width"": 49.04, ""depth"": 33.54, ""unit"": ""cm""}, {""storage"": ""personal"", ""weight"": 8.71, ""height"": 83.24, ""width"": 3.45, ""depth"": 49.97, ""unit"": ""cm""}]",75
Economy,child,"[{""storage"": ""carry-on"", ""weight"": 3.48, ""height"": 42.55, ""width"": 37.85, ""depth"": 22.09, ""unit"": ""cm""}, {""storage"": ""personal"", ""weight"": 0.96, ""height"": 38.94, ""width"": 17.13, ""depth"": 3.68, ""unit"": ""cm""}]",True,All luggage complies with the policy.,,0
First,child,"[{""storage"": ""personal"", ""weight"": 8.63, ""height"": 1.02, ""width"": 8.71, ""depth"": 6.78, ""unit"": ""cm""}, {""storage"": ""checked"", ""weight"": 31.1, ""height"": 64.53, ""width"": 22.82, ""depth"": 43.36, ""unit"": ""cm""}]",True,All luggage complies with the policy.,,0
First,infant,"[{""storage"": ""carry-on"", ""weight"": 0.26, ""height"": 80.01, ""width"": 52.64, ""depth"": 12.86, ""unit"": ""cm""}, {""storage"": ""personal"", ""weight"": 1.06, ""height"": 63.81, ""width"": 26.36, ""depth"": 11.15, ""unit"": ""cm""}, {""storage"": ""carry-on"", ""weight"": 8.27, ""height"": 89.46, ""width"": 54.65, ""depth"": 45.96, ""unit"": ""cm""}]",False,"Carry-on: 2 bag(s) exceed size limits, transferred to cargo. Total fees: €200","[{""storage"": ""carry-on"", ""weight"": 0.26, ""height"": 80.01, ""width"": 52.64, ""depth"": 12.86, ""unit"": ""cm""}, {""storage"": ""carry-on"", ""weight"": 8.27, ""height"": 89.46, ""width"": 54.65, ""depth"": 45.96, ""unit"": ""cm""}]",200
Economy,adult,"[{""storage"": ""checked"", ""weight"": 48.7, ""height"": 55.16, ""width"": 48.69, ""depth"": 31.78, ""unit"": ""cm""}, {""storage"": ""carry-on"", ""weight"": 14.4, ""height"": 56.14, ""width"": 21.76, ""depth"": 12.12, ""unit"": ""cm""}]",False,"Carry-on: Total weight 14.4kg exceeds 7kg limit, all carry-on items transferred to cargo. Total fees: €75 | Checked: The following items must be shipped as cargo: Bag 1: weight 48.7kg exceeds 32kg limit. Total fees: €75 (cargo shipping costs not included - please contact cargo department). Consider splitting items or reducing weight/size to avoid cargo shipping.","[{""storage"": ""carry-on"", ""weight"": 14.4, ""height"": 56.14, ""width"": 21.76, ""depth"": 12.12, ""unit"": ""cm""}, {""storage"": ""checked"", ""weight"": 48.7, ""height"": 55.16, ""width"": 48.69, ""depth"": 31.78, ""unit"": ""cm""}]",150
Economy,child,"[{""storage"": ""personal"", ""weight"": 14.32, ""height"": 70.64, ""width"": 30.61, ""depth"": 24.47, ""unit"": ""cm""}, {""storage"": ""personal"", ""weight"": 7.6, ""height"": 61.26, ""width"": 15.38, ""depth"": 20.53, ""unit"": ""cm""}, {""storage"": ""carry-on"", ""weight"": 5.55, ""height"": 17.32, ""width"": 64.89, ""depth"": 5.23, ""unit"": ""cm""}, {""storage"": ""carry-on"", ""weight"": 0.64, ""height"": 89.52, ""width"": 57.35, ""depth"": 16.57, ""unit"": ""cm""}, {""storage"": ""checked"", ""weight"": 26.45, ""height"": 74.71, ""width"": 70.62, ""depth"": 17.21, ""unit"": ""cm""}]",False,"Carry-on: 2 bag(s) exceed quantity allowance, transferred to cargo; Total weight 19.87kg exceeds 7kg limit, all carry-on items transferred to cargo. Total fees: €375 | Checked: Checked luggage complies with the policy.","[{""storage"": ""personal"", ""weight"": 7.6, ""height"": 61.26, ""width"": 15.38, ""depth"": 20.53, ""unit"": ""cm""}, {""storage"": ""carry-on"", ""weight"": 0.64, ""height"": 89.52, ""width"": 57.35, ""depth"": 16.57, ""unit"": ""cm""}, {""storage"": ""carry-on"", ""weight"": 5.55, ""height"": 17.32, ""width"": 64.89, ""depth"": 5.23, ""unit"": ""cm""}, {""storage"": ""personal"", ""weight"": 14.32, ""height"": 70.64, ""width"": 30.61, ""depth"": 24.47, ""unit"": ""cm""}]",550
Economy,adult,"[{""storage"": ""personal"", ""weight"": 0.82, ""height"": 64.01, ""width"": 2.87, ""depth"": 18.22, ""unit"": ""cm""}, {""storage"": ""carry-on"", ""weight"": 6.82, ""height"": 14.45, ""width"": 21.65, ""depth"": 41.55, ""unit"": ""cm""}, {""storage"": ""personal"", ""weight"": 4.1, ""height"": 56.03, ""width"": 7.23, ""depth"": 42.87, ""unit"": ""cm""}, {""storage"": ""personal"", ""weight"": 14.61, ""height"": 34.88, ""width"": 44.37, ""depth"": 42.03, ""unit"": ""cm""}]",False,"Carry-on: 2 bag(s) exceed quantity allowance, transferred to cargo; Total weight 7.640000000000001kg exceeds 7kg limit, all carry-on items transferred to cargo. Total fees: €375","[{""storage"": ""personal"", ""weight"": 4.1, ""height"": 56.03, ""width"": 7.23, ""depth"": 42.87, ""unit"": ""cm""}, {""storage"": ""personal"", ""weight"": 14.61, ""height"": 34.88, ""width"": 44.37, ""depth"": 42.03, ""unit"": ""cm""}, {""storage"": ""carry-on"", ""weight"": 6.82, ""height"": 14.45, ""width"": 21.65, ""depth"": 41.55, ""unit"": ""cm""}, {""storage"": ""personal"", ""weight"": 0.82, ""height"": 64.01, ""width"": 2.87, ""depth"": 18.22, ""unit"": ""cm""}]",375
First,infant,"[{""storage"": ""checked"", ""weight"": 41.68, ""height"": 18.46, ""width"": 56.84, ""depth"": 24.43, ""unit"": ""cm""}]",False,Checked: The following items must be shipped as cargo: Bag 1: weight 41.68kg exceeds 32kg limit. Total fees: €75 (cargo shipping costs not included - please contact cargo department). Consider splitting items or reducing weight/size to avoid cargo shipping.,"[{""storage"": ""checked"", ""weight"": 41.68, ""height"": 18.46, ""width"": 56.84, ""depth"": 24.43, ""unit"": ""cm""}]",75
First,adult,"[{""storage"": ""checked"", ""weight"": 26.15, ""height"": 67.32, ""width"": 63.84, ""depth"": 34.21, ""unit"": ""cm""}]",False,Checked: Checked luggage complies with the policy.,,100
First,adult,"[{""storage"": ""checked"", ""weight"": 42.19, ""height"": 28.42, ""width"": 31.91, ""depth"": 46.06, ""unit"": ""cm""}, {""storage"": ""personal"", ""weight"": 5.96, ""height"": 22.34, ""width"": 61.0, ""depth"": 10.82, ""unit"": ""cm""}, {""storage"": ""checked"", ""weight"": 23.91, ""height"": 54.98, ""width"": 11.72, ""depth"": 5.32, ""unit"": ""cm""}]",False,Checked: The following items must be shipped as cargo: Bag 1: weight 42.19kg exceeds 32kg limit. Total fees: €75 (cargo shipping costs not included - please contact cargo department). Consider splitting items or reducing weight/size to avoid cargo shipping.,"[{""storage"": ""checked"", ""weight"": 42.19, ""height"": 28.42, ""width"": 31.91, ""depth"": 46.06, ""unit"": ""cm""}]",75
Business,infant,"[{""storage"": ""personal"", ""weight"": 7.67, ""height"": 24.34, ""width"": 5.91, ""depth"": 2.69, ""unit"": ""cm""}, {""storage"": ""checked"", ""weight"": 13.3, ""height"": 50.96, ""width"": 23.42, ""depth"": 45.18, ""unit"": ""cm""}, {""storage"": ""checked"", ""weight"": 19.62, ""height"": 46.23, ""width"": 27.08, ""depth"": 23.17, ""unit"": ""cm""}]",True,All luggage complies with the policy.,,0
First,infant,"[{""storage"": ""checked"", ""weight"": 9.11, ""height"": 49.85, ""width"": 10.42, ""depth"": 18.3, ""unit"": ""cm""}, {""storage"": ""personal"", ""weight"": 0.78, ""height"": 20.07, ""width"": 43.16, ""depth"": 42.23, ""unit"": ""cm""}, {""storage"": ""carry-on"", ""weight"": 3.94, ""height"": 66.03, ""width"": 28.33, ""depth"": 32.33, ""unit"": ""cm""}, {""storage"": ""checked"", ""weight"": 26.86, ""height"": 21.1, ""width"": 41.04, ""depth"": 5.53, ""unit"": ""cm""}, {""storage"": ""personal"", ""weight"": 12.42, ""height"": 61.95, ""width"": 73.42, ""depth"": 5.93, ""unit"": ""cm""}]",False,"Carry-on: Total weight 17.14kg exceeds 12kg limit, all carry-on items transferred to cargo. Total fees: €75","[{""storage"": ""carry-on"", ""weight"": 3.94, ""height"": 66.03, ""width"": 28.33, ""depth"": 32.33, ""unit"": ""cm""}, {""storage"": ""personal"", ""weight"": 0.78, ""height"": 20.07, ""width"": 43.16, ""depth"": 42.23, ""unit"": ""cm""}, {""storage"": ""personal"", ""weight"": 12.42, ""height"": 61.95, ""width"": 73.42, ""depth"": 5.93, ""unit"": ""cm""}]",75
Business,infant,"[{""storage"": ""personal"", ""weight"": 0.39, ""height"": 21.45, ""width"": 19.0, ""depth"": 0.14, ""unit"": ""cm""}]",True,All luggage complies with the policy.,,0
First,infant,"[{""storage"": ""personal"", ""weight"": 11.36, ""height"": 13.55, ""width"": 19.48, ""depth"": 44.88, ""unit"": ""cm""}]",True,All luggage complies with the policy.,,0
Economy,infant,"[{""storage"": ""carry-on"", ""weight"": 3.42, ""height"": 23.67, ""width"": 1.07, ""depth"": 3.66, ""unit"": ""cm""}, {""storage"": ""personal"", ""weight"": 2.81, ""height"": 32.95, ""width"": 27.47, ""depth"": 5.14, ""unit"": ""cm""}]",True,All luggage complies with the policy.,,0
Business,child,"[{""storage"": ""carry-on"", ""weight"": 2.14, ""height"": 49.17, ""width"": 15.34, ""depth"": 21.04, ""unit"": ""cm""}, {""storage"": ""personal"", ""weight"": 7.81, ""height"": 2.54, ""width"": 10.94, ""depth"": 6.21, ""unit"": ""cm""}, {""storage"": ""checked"", ""weight"": 7.68, ""height"": 69.27, ""width"": 34.53, ""depth"": 41.56, ""unit"": ""cm""}]",True,All luggage complies with the policy.,,0
Business,infant,"[{""storage"": ""checked"", ""weight"": 49.58, ""height"": 4.31, ""width"": 54.11, ""depth"": 38.48, ""unit"": ""cm""}]",False,Checked: The following items must be shipped as cargo: Bag 1: weight 49.58kg exceeds 32kg limit. Total fees: €75 (cargo shipping costs not included - please contact cargo department). Consider splitting items or reducing weight/size to avoid cargo shipping.,"[{""storage"": ""checked"", ""weight"": 49.58, ""height"": 4.31, ""width"": 54.11, ""depth"": 38.48, ""unit"": ""cm""}]",75
First,infant,"[{""storage"": ""carry-on"", ""weight"": 0.13, ""height"": 47.68, ""width"": 9.84, ""depth"": 15.06, ""unit"": ""cm""}, {""storage"": ""carry-on"", ""weight"": 5.06, ""height"": 23.87, ""width"": 31.16, ""depth"": 8.4, ""unit"": ""cm""}, {""storage"": ""personal"", ""weight"": 1.38, ""height"": 1.56, ""width"": 25.39, ""depth"": 7.66, ""unit"": ""cm""}, {""storage"": ""checked"", ""weight"": 8.49, ""height"": 38.4, ""width"": 46.51, ""depth"": 42.76, ""unit"": ""cm""}, {""storage"": ""checked"", ""weight"": 4.38, ""height"": 33.44, ""width"": 28.78, ""depth"": 43.27, ""unit"": ""cm""}, {""storage"": ""checked"", ""weight"": 0.41, ""height"": 27.85, ""width"": 22.72, ""depth"": 47.78, ""unit"": ""cm""}]",True,All luggage complies with the policy.,,0
First,infant,"[{""storage"": ""carry-on"", ""weight"": 0.38, ""height"": 21.99, ""width"": 69.33, ""depth"": 10.4, ""unit"": ""cm""}, {""storage"": ""carry-on"", ""weight"": 11.79, ""height"": 26.24, ""width"": 65.41, ""depth"": 38.51, ""unit"": ""cm""}, {""storage"": ""checked"", ""weight"": 8.44, ""height"": 70.48, ""width"": 18.9, ""depth"": 40.33, ""unit"": ""cm""}, {""storage"": ""carry-on"", ""weight"": 7.08, ""height"": 42.5, ""width"": 52.48, ""depth"": 14.02, ""unit"": ""cm""}]",False,"Carry-on: Total weight 19.25kg exceeds 12kg limit, all carry-on items transferred to cargo. Total fees: €75","[{""storage"": ""carry-on"", ""weight"": 0.38, ""height"": 21.99, ""width"": 69.33, ""depth"": 10.4, ""unit"": ""cm""}, {""storage"": ""carry-on"", ""weight"": 11.79, ""height"": 26.24, ""width"": 65.41, ""depth"": 38.51, ""unit"": ""cm""}, {""storage"": ""carry-on"", ""weight"": 7.08, ""height"": 42.5, ""width"": 52.48, ""depth"": 14.02, ""unit"": ""cm""}]",75
Economy,adult,"[{""storage"": ""personal"", ""weight"": 10.14, ""height"": 53.89, ""width"": 39.0, ""depth"": 31.88, ""unit"": ""cm""}, {""storage"": ""carry-on"", ""weight"": 14.65, ""height"": 44.41, ""width"": 32.73, ""depth"": 46.72, ""unit"": ""cm""}, {""storage"": ""carry-on"", ""weight"": 7.98, ""height"": 77.96, ""width"": 50.85, ""depth"": 24.35, ""unit"": ""cm""}, {""storage"": ""carry-on"", ""weight"": 9.98, ""height"": 57.65, ""width"": 5.7, ""depth"": 0.69, ""unit"": ""cm""}, {""storage"": ""checked"", ""weight"": 30.65, ""height"": 70.16, ""width"": 51.48, ""depth"": 19.6, ""unit"": ""cm""}]",False,"Carry-on: 2 bag(s) exceed quantity allowance, transferred to cargo; Total weight 24.79kg exceeds 7kg limit, all carry-on items transferred to cargo. Total fees: €375 | Checked: Checked luggage complies with the policy.","[{""storage"": ""carry-on"", ""weight"": 7.98, ""height"": 77.96, ""width"": 50.85, ""depth"": 24.35, ""unit"": ""cm""}, {""storage"": ""carry-on"", ""weight"": 9.98, ""height"": 57.65, ""width"": 5.7, ""depth"": 0.69, ""unit"": ""cm""}, {""storage"": ""carry-on"", ""weight"": 14.65, ""height"": 44.41, ""width"": 32.73, ""depth"": 46.72, ""unit"": ""cm""}, {""storage"": ""personal"", ""weight"": 10.14, ""height"": 53.89, ""width"": 39.0, ""depth"": 31.88, ""unit"": ""cm""}]",450
Economy,child,"[{""storage"": ""checked"", ""weight"": 5.15, ""height"": 60.79, ""width"": 62.26, ""depth"": 23.83, ""unit"": ""cm""}, {""storage"": ""carry-on"", ""weight"": 6.07, ""height"": 23.95, ""width"": 43.38, ""depth"": 35.74, ""unit"": ""cm""}, {""storage"": ""checked"", ""weight"": 37.05, ""height"": 11.61, ""width"": 28.61, ""depth"": 20.67, ""unit"": ""cm""}, {""storage"": ""personal"", ""weight"": 10.33, ""height"": 30.58, ""width"": 35.64, ""depth"": 21.77, ""unit"": ""cm""}, {""storage"": ""checked"", ""weight"": 43.29, ""height"": 12.43, ""width"": 1.67, ""depth"": 25.68, ""unit"": ""cm""}]",False,"Carry-on: Total weight 16.4kg exceeds 7kg limit, all carry-on items transferred to cargo. Total fees: €75 | Checked: The following items must be shipped as cargo: Bag 2: weight 37.05kg exceeds 32kg limit; Bag 3: weight 43.29kg exceeds 32kg limit. Total fees: €450 (cargo shipping costs not included - please contact cargo department). Consider splitting items or reducing weight/size to avoid cargo shipping.","[{""storage"": ""carry-on"", ""weight"": 6.07, ""height"": 23.95, ""width"": 43.38, ""depth"": 35.74, ""unit"": ""cm""}, {""storage"": ""personal"", ""weight"": 10.33, ""height"": 30.58, ""width"": 35.64, ""depth"": 21.77, ""unit"": ""cm""}, {""storage"": ""checked"", ""weight"": 37.05, ""height"": 11.61, ""width"": 28.61, ""depth"": 20.67, ""unit"": ""cm""}, {""storage"": ""checked"", ""weight"": 43.29, ""height"": 12.43, ""width"": 1.67, ""depth"": 25.68, ""unit"": ""cm""}]",525
Economy,infant,"[{""storage"": ""personal"", ""weight"": 4.64, ""height"": 44.47, ""width"": 41.35, ""depth"": 37.45, ""unit"": ""cm""}, {""storage"": ""checked"", ""weight"": 0.22, ""height"": 44.33, ""width"": 79.04, ""depth"": 18.35, ""unit"": ""cm""}]",True,All luggage complies with the policy.,,0
Business,infant,"[{""storage"": ""carry-on"", ""weight"": 0.01, ""height"": 22.94, ""width"": 11.53, ""depth"": 7.68, ""unit"": ""cm""}, {""storage"": ""carry-on"", ""weight"": 2.5, ""height"": 14.78, ""width"": 10.38, ""depth"": 20.58, ""unit"": ""cm""}, {""storage"": ""personal"", ""weight"": 9.45, ""height"": 33.21, ""width"": 26.11, ""depth"": 5.96, ""unit"": ""cm""}]",True,All luggage complies with the policy.,,0
First,child,"[{""storage"": ""carry-on"", ""weight"": 8.27, ""height"": 15.95, ""width"": 2.7, ""depth"": 12.84, ""unit"": ""cm""}, {""storage"": ""personal"", ""weight"": 2.72, ""height"": 28.77, ""width"": 18.15, ""depth"": 7.6, ""unit"": ""cm""}, {""storage"": ""checked"", ""weight"": 18.75, ""height"": 44.39, ""width"": 53.97, ""depth"": 33.26, ""unit"": ""cm""}, {""storage"": ""checked"", ""weight"": 17.02, ""height"": 64.76, ""width"": 55.61, ""depth"": 36.84, ""unit"": ""cm""}, {""storage"": ""checked"", ""weight"": 30.02, ""height"": 47.53, ""width"": 57.21, ""depth"": 25.47, ""unit"": ""cm""}]",True,All luggage complies with the policy.,,0
Business,child,"[{""storage"": ""personal"", ""weight"": 6.71, ""height"": 70.46, ""width"": 20.92, ""depth"": 45.67, ""unit"": ""cm""}, {""storage"": ""personal"", ""weight"": 12.19, ""height"": 67.7, ""width"": 46.1, ""depth"": 39.85, ""unit"": ""cm""}, {""storage"": ""carry-on"", ""weight"": 12.36, ""height"": 84.36, ""width"": 3.99, ""depth"": 40.99, ""unit"": ""cm""}]",False,"Carry-on: Total weight 31.259999999999998kg exceeds 12kg limit, all carry-on items transferred to cargo. Total fees: €75","[{""storage"": ""carry-on"", ""weight"": 12.36, ""height"": 84.36, ""width"": 3.99, ""depth"": 40.99, ""unit"": ""cm""}, {""storage"": ""personal"", ""weight"": 6.71, ""height"": 70.46, ""width"": 20.92, ""depth"": 45.67, ""unit"": ""cm""}, {""storage"": ""personal"", ""weight"": 12.19, ""height"": 67.7, ""width"": 46.1, ""depth"": 39.85, ""unit"": ""cm""}]",75
Business,child,"[{""storage"": ""personal"", ""weight"": 11.03, ""height"": 0.07, ""width"": 61.25, ""depth"": 28.52, ""unit"": ""cm""}, {""storage"": ""personal"", ""weight"": 6.97, ""height"": 47.3, ""width"": 15.57, ""depth"": 13.86, ""unit"": ""cm""}, {""storage"": ""personal"", ""weight"": 14.21, ""height"": 89.59, ""width"": 31.96, ""depth"": 43.12, ""unit"": ""cm""}]",False,"Carry-on: Total weight 32.21kg exceeds 12kg limit, all carry-on items transferred to cargo. Total fees: €75","[{""storage"": ""personal"", ""weight"": 11.03, ""height"": 0.07, ""width"": 61.25, ""depth"": 28.52, ""unit"": ""cm""}, {""storage"": ""personal"", ""weight"": 6.97, ""height"": 47.3, ""width"": 15.57, ""depth"": 13.86, ""unit"": ""cm""}, {""storage"": ""personal"", ""weight"": 14.21, ""height"": 89.59, ""width"": 31.96, ""depth"": 43.12, ""unit"": ""cm""}]",75
Economy,infant,"[{""storage"": ""personal"", ""weight"": 2.92, ""height"": 17.33, ""width"": 0.9, ""depth"": 5.66, ""unit"": ""cm""}, {""storage"": ""checked"", ""weight"": 17.63, ""height"": 40.52, ""width"": 45.16, ""depth"": 40.1, ""unit"": ""cm""}]",True,All luggage complies with the policy.,,0
Economy,infant,"[{""storage"": ""personal"", ""weight"": 5.31, ""height"": 17.55, ""width"": 1.67, ""depth"": 9.78, ""unit"": ""cm""}]",True,All luggage complies with the policy.,,0
First,child,"[{""storage"": ""carry-on"", ""weight"": 3.97, ""height"": 3.44, ""width"": 30.95, ""depth"": 37.39, ""unit"": ""cm""}, {""storage"": ""personal"", ""weight"": 5.57, ""height"": 66.32, ""width"": 47.61, ""depth"": 0.8, ""unit"": ""cm""}, {""storage"": ""personal"", ""weight"": 7.54, ""height"": 36.64, ""width"": 7.66, ""depth"": 1.9, ""unit"": ""cm""}]",False,"Carry-on: Total weight 17.080000000000002kg exceeds 12kg limit, all carry-on items transferred to cargo. Total fees: €75","[{""storage"": ""carry-on"", ""weight"": 3.97, ""height"": 3.44, ""width"": 30.95, ""depth"": 37.39, ""unit"": ""cm""}, {""storage"": ""personal"", ""weight"": 5.57, ""height"": 66.32, ""width"": 47.61, ""depth"": 0.8, ""unit"": ""cm""}, {""storage"": ""personal"", ""weight"": 7.54, ""height"": 36.64, ""width"": 7.66, ""depth"": 1.9, ""unit"": ""cm""}]",75
First,child,"[{""storage"": ""carry-on"", ""weight"": 9.67, ""height"": 42.2, ""width"": 1.95, ""depth"": 14.15, ""unit"": ""cm""}, {""storage"": ""personal"", ""weight"": 0.31, ""height"": 14.92, ""width"": 6.58, ""depth"": 9.85, ""unit"": ""cm""}, {""storage"": ""checked"", ""weight"": 17.09, ""height"": 24.12, ""width"": 26.17, ""depth"": 21.8, ""unit"": ""cm""}, {""storage"": ""checked"", ""weight"": 20.27, ""height"": 28.07, ""width"": 25.92, ""depth"": 26.48, ""unit"": ""cm""}]",True,All luggage complies with the policy.,,0
Business,adult,"[{""storage"": ""carry-on"", ""weight"": 11.33, ""height"": 58.68, ""width"": 25.42, ""depth"": 38.34, ""unit"": ""cm""}, {""storage"": ""personal"", ""weight"": 3.42, ""height"": 90.47, ""width"": 73.2, ""depth"": 25.52, ""unit"": ""cm""}, {""storage"": ""carry-on"", ""weight"": 12.74, ""height"": 27.32, ""width"": 4.97, ""depth"": 24.99, ""unit"": ""cm""}, {""storage"": ""checked"", ""weight"": 45.67, ""height"": 86.41, ""width"": 63.83, ""depth"": 36.63, ""unit"": ""cm""}, {""storage"": ""carry-on"", ""weight"": 9.18, ""height"": 87.43, ""width"": 56.03, ""depth"": 26.35, ""unit"": ""cm""}]",False,"Carry-on: 1 bag(s) exceed quantity allowance, transferred to cargo; Total weight 27.490000000000002kg exceeds 12kg limit, all carry-on items transferred to cargo. Total fees: €225 | Checked: The following items must be shipped as cargo: Bag 1: weight 45.67kg exceeds 32kg limit. Total fees: €175 (cargo shipping costs not included - please contact cargo department). Consider splitting items or reducing weight/size to avoid cargo shipping.","[{""storage"": ""carry-on"", ""weight"": 9.18, ""height"": 87.43, ""width"": 56.03, ""depth"": 26.35, ""unit"": ""cm""}, {""storage"": ""carry-on"", ""weight"": 11.33, ""height"": 58.68, ""width"": 25.42, ""depth"": 38.34, ""unit"": ""cm""}, {""storage"": ""carry-on"", ""weight"": 12.74, ""height"": 27.32, ""width"": 4.97, ""depth"": 24.99, ""unit"": ""cm""}, {""storage"": ""personal"", ""weight"": 3.42, ""height"": 90.47, ""width"": 73.2, ""depth"": 25.52, ""unit"": ""cm""}, {""storage"": ""checked"", ""weight"": 45.67, ""height"": 86.41, ""width"": 63.83, ""depth"": 36.63, ""unit"": ""cm""}]",400
Economy,child,"[{""storage"": ""carry-on"", ""weight"": 4.15, ""height"": 43.67, ""width"": 20.97, ""depth"": 18.97, ""unit"": ""cm""}, {""storage"": ""personal"", ""weight"": 0.76, ""height"": 38.0, ""width"": 13.24, ""depth"": 11.56, ""unit"": ""cm""}]",True,All luggage complies with the policy.,,0
First,adult,"[{""storage"": ""carry-on"", ""weight"": 3.97, ""height"": 18.38, ""width"": 18.33, ""depth"": 16.28, ""unit"": ""cm""}, {""storage"": ""carry-on"", ""weight"": 3.33, ""height"": 17.51, ""width"": 36.26, ""depth"": 15.29, ""unit"": ""cm""}, {""storage"": ""personal"", ""weight"": 3.03, ""height"": 11.38, ""width"": 19.81, ""depth"": 2.16, ""unit"": ""cm""}, {""storage"": ""checked"", ""weight"": 27.04, ""height"": 52.36, ""width"": 39.61, ""depth"": 44.25, ""unit"": ""cm""}, {""storage"": ""checked"", ""weight"": 5.99, ""height"": 45.35, ""width"": 23.15, ""depth"": 29.24, ""unit"": ""cm""}]",True,All luggage complies with the policy.,,0
Economy,infant,"[{""storage"": ""personal"", ""weight"": 4.57, ""height"": 3.88, ""width"": 18.36, ""depth"": 18.24, ""unit"": ""cm""}, {""storage"": ""checked"", ""weight"": 11.21, ""height"": 50.57, ""width"": 43.62, ""depth"": 24.32, ""unit"": ""cm""}]",True,All luggage complies with the policy.,,0
Business,child,"[{""storage"": ""personal"", ""weight"": 7.39, ""height"": 49.79, ""width"": 12.7, ""depth"": 18.54, ""unit"": ""cm""}, {""storage"": ""checked"", ""weight"": 41.18, ""height"": 88.04, ""width"": 16.44, ""depth"": 34.34, ""unit"": ""cm""}, {""storage"": ""carry-on"", ""weight"": 6.25, ""height"": 8.1, ""width"": 20.42, ""depth"": 45.81, ""unit"": ""cm""}, {""storage"": ""personal"", ""weight"": 1.3, ""height"": 28.61, ""width"": 12.6, ""depth"": 5.33, ""unit"": ""cm""}]",False,"Carry-on: Total weight 14.940000000000001kg exceeds 12kg limit, all carry-on items transferred to cargo. Total fees: €75 | Checked: The following items must be shipped as cargo: Bag 1: weight 41.18kg exceeds 32kg limit. Total fees: €75 (cargo shipping costs not included - please contact cargo department). Consider splitting items or reducing weight/size to avoid cargo shipping.","[{""storage"": ""carry-on"", ""weight"": 6.25, ""height"": 8.1, ""width"": 20.42, ""depth"": 45.81, ""unit"": ""cm""}, {""storage"": ""personal"", ""weight"": 7.39, ""height"": 49.79, ""width"": 12.7, ""depth"": 18.54, ""unit"": ""cm""}, {""storage"": ""personal"", ""weight"": 1.3, ""height"": 28.61, ""width"": 12.6, ""depth"": 5.33, ""unit"": ""cm""}, {""storage"": ""checked"", ""weight"": 41.18, ""height"": 88.04, ""width"": 16.44, ""depth"": 34.34, ""unit"": ""cm""}]",150
Economy,adult,"[{""storage"": ""personal"", ""weight"": 4.73, ""height"": 34.18, ""width"": 9.71, ""depth"": 18.49, ""unit"": ""cm""}, {""storage"": ""checked"", ""weight"": 21.21, ""height"": 20.66, ""width"": 51.96, ""depth"": 36.73, ""unit"": ""cm""}]",True,All luggage complies with the policy.,,0
Economy,child,"[{""storage"": ""carry-on"", ""weight"": 2.94, ""height"": 14.44, ""width"": 24.81, ""depth"": 15.14, ""unit"": ""cm""}, {""storage"": ""personal"", ""weight"": 3.91, ""height"": 23.96, ""width"": 15.2, ""depth"": 18.79, ""unit"": ""cm""}]",True,All luggage complies with the policy.,,0
Business,infant,"[{""storage"": ""personal"", ""weight"": 5.3, ""height"": 75.04, ""width"": 14.27, ""depth"": 33.05, ""unit"": ""cm""}, {""storage"": ""personal"", ""weight"": 4.71, ""height"": 88.02, ""width"": 62.15, ""depth"": 18.01, ""unit"": ""cm""}, {""storage"": ""personal"", ""weight"": 14.95, ""height"": 56.76, ""width"": 55.86, ""depth"": 5.9, ""unit"": ""cm""}, {""storage"": ""carry-on"", ""weight"": 8.2, ""height"": 75.96, ""width"": 46.73, ""depth"": 17.2, ""unit"": ""cm""}]",False,"Carry-on: 2 bag(s) exceed quantity allowance, transferred to cargo; Total weight 13.5kg exceeds 12kg limit, all carry-on items transferred to cargo. Total fees: €375","[{""storage"": ""personal"", ""weight"": 4.71, ""height"": 88.02, ""width"": 62.15, ""depth"": 18.01, ""unit"": ""cm""}, {""storage"": ""personal"", ""weight"": 14.95, ""height"": 56.76, ""width"": 55.86, ""depth"": 5.9, ""unit"": ""cm""}, {""storage"": ""carry-on"", ""weight"": 8.2, ""height"": 75.96, ""width"": 46.73, ""depth"": 17.2, ""unit"": ""cm""}, {""storage"": ""personal"", ""weight"": 5.3, ""height"": 75.04, ""width"": 14.27, ""depth"": 33.05, ""unit"": ""cm""}]",375
Economy,adult,"[{""storage"": ""personal"", ""weight"": 3.44, ""height"": 60.15, ""width"": 17.64, ""depth"": 0.66, ""unit"": ""cm""}, {""storage"": ""checked"", ""weight"": 47.75, ""height"": 67.77, ""width"": 39.62, ""depth"": 48.67, ""unit"": ""cm""}, {""storage"": ""carry-on"", ""weight"": 10.1, ""height"": 59.02, ""width"": 2.14, ""depth"": 23.49, ""unit"": ""cm""}, {""storage"": ""checked"", ""weight"": 47.54, ""height"": 84.98, ""width"": 3.42, ""depth"": 16.94, ""unit"": ""cm""}, {""storage"": ""checked"", ""weight"": 25.17, ""height"": 33.23, ""width"": 46.03, ""depth"": 38.76, ""unit"": ""cm""}]",False,"Carry-on: Total weight 13.54kg exceeds 7kg limit, all carry-on items transferred to cargo. Total fees: €75 | Checked: The following items must be shipped as cargo: Bag 1: weight 47.75kg exceeds 32kg limit; Bag 2: weight 47.54kg exceeds 32kg limit. Total fees: €525 (cargo shipping costs not included - please contact cargo department). Consider splitting items or reducing weight/size to avoid cargo shipping.","[{""storage"": ""carry-on"", ""weight"": 10.1, ""height"": 59.02, ""width"": 2.14, ""depth"": 23.49, ""unit"": ""cm""}, {""storage"": ""personal"", ""weight"": 3.44, ""height"": 60.15, ""width"": 17.64, ""depth"": 0.66, ""unit"": ""cm""}, {""storage"": ""checked"", ""weight"": 47.75, ""height"": 67.77, ""width"": 39.62, ""depth"": 48.67, ""unit"": ""cm""}, {""storage"": ""checked"", ""weight"": 47.54, ""height"": 84.98, ""width"": 3.42, ""depth"": 16.94, ""unit"": ""cm""}]",600
Business,child,"[{""storage"": ""carry-on"", ""weight"": 1.41, ""height"": 51.25, ""width"": 15.19, ""depth"": 47.74, ""unit"": ""cm""}, {""storage"": ""checked"", ""weight"": 25.06, ""height"": 21.95, ""width"": 53.74, ""depth"": 34.36, ""unit"": ""cm""}, {""storage"": ""personal"", ""weight"": 13.62, ""height"": 61.16, ""width"": 73.98, ""depth"": 10.65, ""unit"": ""cm""}, {""storage"": ""carry-on"", ""weight"": 12.58, ""height"": 41.78, ""width"": 44.17, ""depth"": 19.86, ""unit"": ""cm""}]",False,"Carry-on: Total weight 27.61kg exceeds 12kg limit, all carry-on items transferred to cargo. Total fees: €75","[{""storage"": ""carry-on"", ""weight"": 1.41, ""height"": 51.25, ""width"": 15.19, ""depth"": 47.74, ""unit"": ""cm""}, {""storage"": ""carry-on"", ""weight"": 12.58, ""height"": 41.78, ""width"": 44.17, ""depth"": 19.86, ""unit"": ""cm""}, {""storage"": ""personal"", ""weight"": 13.62, ""height"": 61.16, ""width"": 73.98, ""depth"": 10.65, ""unit"": ""cm""}]",75
Economy,adult,"[{""storage"": ""personal"", ""weight"": 13.66, ""height"": 23.11, ""width"": 39.15, ""depth"": 31.56, ""unit"": ""cm""}, {""storage"": ""personal"", ""weight"": 3.63, ""height"": 35.03, ""width"": 6.86, ""depth"": 4.91, ""unit"": ""cm""}]",False,"Carry-on: Total weight 17.29kg exceeds 7kg limit, all carry-on items transferred to cargo. Total fees: €75","[{""storage"": ""personal"", ""weight"": 13.66, ""height"": 23.11, ""width"": 39.15, ""depth"": 31.56, ""unit"": ""cm""}, {""storage"": ""personal"", ""weight"": 3.63, ""height"": 35.03, ""width"": 6.86, ""depth"": 4.91, ""unit"": ""cm""}]",75
First,child,"[{""storage"": ""personal"", ""weight"": 6.38, ""height"": 37.01, ""width"": 21.86, ""depth"": 11.67, ""unit"": ""cm""}]",True,All luggage complies with the policy.,,0
Business,adult,"[{""storage"": ""personal"", ""weight"": 4.99, ""height"": 3.67, ""width"": 2.76, ""depth"": 49.12, ""unit"": ""cm""}, {""storage"": ""carry-on"", ""weight"": 2.34, ""height"": 23.43, ""width"": 46.57, ""depth"": 48.41, ""unit"": ""cm""}, {""storage"": ""personal"", ""weight"": 6.84, ""height"": 36.38, ""width"": 30.17, ""depth"": 39.27, ""unit"": ""cm""}]",False,"Carry-on: Total weight 14.17kg exceeds 12kg limit, all carry-on items transferred to cargo. Total fees: €75","[{""storage"": ""carry-on"", ""weight"": 2.34, ""height"": 23.43, ""width"": 46.57, ""depth"": 48.41, ""unit"": ""cm""}, {""storage"": ""personal"", ""weight"": 4.99, ""height"": 3.67, ""width"": 2.76, ""depth"": 49.12, ""unit"": ""cm""}, {""storage"": ""personal"", ""weight"": 6.84, ""height"": 36.38, ""width"": 30.17, ""depth"": 39.27, ""unit"": ""cm""}]",75
Business,infant,"[{""storage"": ""personal"", ""weight"": 13.89, ""height"": 19.22, ""width"": 68.1, ""depth"": 9.4, ""unit"": ""cm""}, {""storage"": ""checked"", ""weight"": 37.81, ""height"": 30.06, ""width"": 8.03, ""depth"": 48.02, ""unit"": ""cm""}, {""storage"": ""carry-on"", ""weight"": 7.15, ""height"": 67.36, ""width"": 75.34, ""depth"": 10.07, ""unit"": ""cm""}, {""storage"": ""carry-on"", ""weight"": 14.87, ""height"": 91.36, ""width"": 22.93, ""depth"": 12.93, ""unit"": ""cm""}, {""storage"": ""carry-on"", ""weight"": 9.07, ""height"": 65.4, ""width"": 50.24, ""depth"": 34.23, ""unit"": ""cm""}]",False,"Carry-on: 1 bag(s) exceed quantity allowance, transferred to cargo; Total weight 35.91kg exceeds 12kg limit, all carry-on items transferred to cargo. Total fees: €225 | Checked: The following items must be shipped as cargo: Bag 1: weight 37.81kg exceeds 32kg limit. Total fees: €75 (cargo shipping costs not included - please contact cargo department). Consider splitting items or reducing weight/size to avoid cargo shipping.","[{""storage"": ""carry-on"", ""weight"": 9.07, ""height"": 65.4, ""width"": 50.24, ""depth"": 34.23, ""unit"": ""cm""}, {""storage"": ""carry-on"", ""weight"": 7.15, ""height"": 67.36, ""width"": 75.34, ""depth"": 10.07, ""unit"": ""cm""}, {""storage"": ""carry-on"", ""weight"": 14.87, ""height"": 91.36, ""width"": 22.93, ""depth"": 12.93, ""unit"": ""cm""}, {""storage"": ""personal"", ""weight"": 13.89, ""height"": 19.22, ""width"": 68.1, ""depth"": 9.4, ""unit"": ""cm""}, {""storage"": ""checked"", ""weight"": 37.81, ""height"": 30.06, ""width"": 8.03, ""depth"": 48.02, ""unit"": ""cm""}]",300
First,child,"[{""storage"": ""carry-on"", ""weight"": 1.73, ""height"": 16.77, ""width"": 57.27, ""depth"": 20.28, ""unit"": ""cm""}, {""storage"": ""checked"", ""weight"": 18.28, ""height"": 15.62, ""width"": 18.42, ""depth"": 24.76, ""unit"": ""cm""}, {""storage"": ""carry-on"", ""weight"": 6.15, ""height"": 14.63, ""width"": 5.66, ""depth"": 0.66, ""unit"": ""cm""}, {""storage"": ""carry-on"", ""weight"": 2.48, ""height"": 75.67, ""width"": 64.4, ""depth"": 21.2, ""unit"": ""cm""}]",False,"Carry-on: 2 bag(s) exceed size limits, transferred to cargo. Total fees: €200","[{""storage"": ""carry-on"", ""weight"": 1.73, ""height"": 16.77, ""width"": 57.27, ""depth"": 20.28, ""unit"": ""cm""}, {""storage"": ""carry-on"", ""weight"": 2.48, ""height"": 75.67, ""width"": 64.4, ""depth"": 21.2, ""unit"": ""cm""}]",200
Business,child,"[{""storage"": ""checked"", ""weight"": 24.14, ""height"": 44.43, ""width"": 52.0, ""depth"": 35.96, ""unit"": ""cm""}, {""storage"": ""checked"", ""weight"": 10.84, ""height"": 87.59, ""width"": 73.33, ""depth"": 26.46, ""unit"": ""cm""}, {""storage"": ""checked"", ""weight"": 5.89, ""height"": 0.79, ""width"": 62.23, ""depth"": 13.59, ""unit"": ""cm""}]",False,Checked: Checked luggage complies with the policy.,,250
Business,adult,"[{""storage"": ""checked"", ""weight"": 24.92, ""height"": 82.74, ""width"": 0.35, ""depth"": 32.57, ""unit"": ""cm""}, {""storage"": ""personal"", ""weight"": 12.96, ""height"": 11.39, ""width"": 9.76, ""depth"": 35.33, ""unit"": ""cm""}]",False,"Carry-on: Total weight 12.96kg exceeds 12kg limit, all carry-on items transferred to cargo. Total fees: €75","[{""storage"": ""personal"", ""weight"": 12.96, ""height"": 11.39, ""width"": 9.76, ""depth"": 35.33, ""unit"": ""cm""}]",75
Economy,adult,"[{""storage"": ""personal"", ""weight"": 2.38, ""height"": 42.53, ""width"": 26.96, ""depth"": 49.02, ""unit"": ""cm""}, {""storage"": ""personal"", ""weight"": 12.61, ""height"": 82.42, ""width"": 0.03, ""depth"": 40.7, ""unit"": ""cm""}, {""storage"": ""personal"", ""weight"": 11.12, ""height"": 67.44, ""width"": 10.85, ""depth"": 45.0, ""unit"": ""cm""}]",False,"Carry-on: 2 bag(s) exceed quantity allowance, transferred to cargo. Total fees: €300","[{""storage"": ""personal"", ""weight"": 12.61, ""height"": 82.42, ""width"": 0.03, ""depth"": 40.7, ""unit"": ""cm""}, {""storage"": ""personal"", ""weight"": 11.12, ""height"": 67.44, ""width"": 10.85, ""depth"": 45.0, ""unit"": ""cm""}]",300
First,infant,"[{""storage"": ""checked"", ""weight"": 7.57, ""height"": 60.91, ""width"": 77.25, ""depth"": 38.61, ""unit"": ""cm""}]",False,Checked: Checked luggage complies with the policy.,,100
First,infant,"[{""storage"": ""carry-on"", ""weight"": 2.14, ""height"": 13.26, ""width"": 17.67, ""depth"": 1.59, ""unit"": ""cm""}, {""storage"": ""carry-on"", ""weight"": 5.02, ""height"": 9.92, ""width"": 23.89, ""depth"": 22.37, ""unit"": ""cm""}, {""storage"": ""personal"", ""weight"": 1.49, ""height"": 36.89, ""width"": 11.36, ""depth"": 1.06, ""unit"": ""cm""}, {""storage"": ""checked"", ""weight"": 11.12, ""height"": 61.54, ""width"": 36.22, ""depth"": 33.13, ""unit"": ""cm""}, {""storage"": ""checked"", ""weight"": 27.85, ""height"": 42.36, ""width"": 27.12, ""depth"": 27.24, ""unit"": ""cm""}, {""storage"": ""checked"", ""weight"": 8.55, ""height"": 51.0, ""width"": 43.86, ""depth"": 31.12, ""unit"": ""cm""}]",True,All luggage complies with the policy.,,0
Economy,adult,"[{""storage"": ""personal"", ""weight"": 1.24, ""height"": 76.78, ""width"": 56.7, ""depth"": 36.38, ""unit"": ""cm""}]",True,All luggage complies with the policy.,,0
First,child,"[{""storage"": ""carry-on"", ""weight"": 2.02, ""height"": 32.96, ""width"": 13.2, ""depth"": 3.24, ""unit"": ""cm""}, {""storage"": ""personal"", ""weight"": 9.9, ""height"": 1.75, ""width"": 28.48, ""depth"": 13.55, ""unit"": ""cm""}]",True,All luggage complies with the policy.,,0
Business,infant,"[{""storage"": ""personal"", ""weight"": 7.73, ""height"": 30.54, ""width"": 14.92, ""depth"": 24.42, ""unit"": ""cm""}, {""storage"": ""personal"", ""weight"": 0.53, ""height"": 73.95, ""width"": 51.86, ""depth"": 2.7, ""unit"": ""cm""}]",True,All luggage complies with the policy.,,0
Economy,adult,"[{""storage"": ""personal"", ""weight"": 1.91, ""height"": 84.01, ""width"": 44.29, ""depth"": 14.2, ""unit"": ""cm""}, {""storage"": ""carry-on"", ""weight"": 1.8, ""height"": 59.92, ""width"": 8.96, ""depth"": 27.51, ""unit"": ""cm""}]",False,"Carry-on: 1 bag(s) exceed size limits, transferred to cargo. Total fees: €100","[{""storage"": ""carry-on"", ""weight"": 1.8, ""height"": 59.92, ""width"": 8.96, ""depth"": 27.51, ""unit"": ""cm""}]",100
First,adult,"[{""storage"": ""carry-on"", ""weight"": 3.76, ""height"": 49.85, ""width"": 4.77, ""depth"": 13.98, ""unit"": ""cm""}, {""storage"": ""checked"", ""weight"": 17.07, ""height"": 45.76, ""width"": 33.79, ""depth"": 15.47, ""unit"": ""cm""}, {""storage"": ""personal"", ""weight"": 12.02, ""height"": 87.82, ""width"": 64.83, ""depth"": 22.91, ""unit"": ""cm""}, {""storage"": ""checked"", ""weight"": 40.42, ""height"": 8.63, ""width"": 48.0, ""depth"": 17.54, ""unit"": ""cm""}, {""storage"": ""carry-on"", ""weight"": 2.83, ""height"": 63.04, ""width"": 8.78, ""depth"": 22.49, ""unit"": ""cm""}]",False,"Carry-on: Total weight 18.61kg exceeds 12kg limit, all carry-on items transferred to cargo. Total fees: €75 | Checked: The following items must be shipped as cargo: Bag 2: weight 40.42kg exceeds 32kg limit. Total fees: €75 (cargo shipping costs not included - please contact cargo department). Consider splitting items or reducing weight/size to avoid cargo shipping.","[{""storage"": ""carry-on"", ""weight"": 3.76, ""height"": 49.85, ""width"": 4.77, ""depth"": 13.98, ""unit"": ""cm""}, {""storage"": ""carry-on"", ""weight"": 2.83, ""height"": 63.04, ""width"": 8.78, ""depth"": 22.49, ""unit"": ""cm""}, {""storage"": ""personal"", ""weight"": 12.02, ""height"": 87.82, ""width"": 64.83, ""depth"": 22.91, ""unit"": ""cm""}, {""storage"": ""checked"", ""weight"": 40.42, ""height"": 8.63, ""width"": 48.0, ""depth"": 17.54, ""unit"": ""cm""}]",150
First,child,"[{""storage"": ""carry-on"", ""weight"": 4.99, ""height"": 21.62, ""width"": 9.59, ""depth"": 19.1, ""unit"": ""cm""}, {""storage"": ""personal"", ""weight"": 1.3, ""height"": 37.67, ""width"": 26.06, ""depth"": 8.09, ""unit"": ""cm""}, {""storage"": ""checked"", ""weight"": 15.5, ""height"": 69.53, ""width"": 41.38, ""depth"": 35.1, ""unit"": ""cm""}]",True,All luggage complies with the policy.,,0
First,child,"[{""storage"": ""carry-on"", ""weight"": 5.53, ""height"": 1.06, ""width"": 2.35, ""depth"": 14.9, ""unit"": ""cm""}, {""storage"": ""carry-on"", ""weight"": 2.67, ""height"": 23.06, ""width"": 18.04, ""depth"": 3.92, ""unit"": ""cm""}, {""storage"": ""personal"", ""weight"": 0.31, ""height"": 9.94, ""width"": 19.42, ""depth"": 5.16, ""unit"": ""cm""}, {""storage"": ""checked"", ""weight"": 18.28, ""height"": 68.18, ""width"": 28.06, ""depth"": 40.58, ""unit"": ""cm""}, {""storage"": ""checked"", ""weight"": 3.59, ""height"": 47.3, ""width"": 47.97, ""depth"": 21.6, ""unit"": ""cm""}]",True,All luggage complies with the policy.,,0
First,adult,"[{""storage"": ""carry-on"", ""weight"": 9.16, ""height"": 25.89, ""width"": 62.28, ""depth"": 5.31, ""unit"": ""cm""}, {""storage"": ""checked"", ""weight"": 28.08, ""height"": 5.05, ""width"": 35.97, ""depth"": 34.83, ""unit"": ""cm""}, {""storage"": ""carry-on"", ""weight"": 7.38, ""height"": 86.18, ""width"": 25.22, ""depth"": 9.13, ""unit"": ""cm""}]",False,"Carry-on: Total weight 16.54kg exceeds 12kg limit, all carry-on items transferred to cargo. Total fees: €75","[{""storage"": ""carry-on"", ""weight"": 9.16, ""height"": 25.89, ""width"": 62.28, ""depth"": 5.31, ""unit"": ""cm""}, {""storage"": ""carry-on"", ""weight"": 7.38, ""height"": 86.18, ""width"": 25.22, ""depth"": 9.13, ""unit"": ""cm""}]",75
First,adult,"[{""storage"": ""carry-on"", ""weight"": 5.55, ""height"": 42.38, ""width"": 39.72, ""depth"": 6.9, ""unit"": ""cm""}, {""storage"": ""carry-on"", ""weight"": 5.56, ""height"": 44.21, ""width"": 21.76, ""depth"": 22.89, ""unit"": ""cm""}, {""storage"": ""personal"", ""weight"": 0.74, ""height"": 7.14, ""width"": 20.96, ""depth"": 15.42, ""unit"": ""cm""}, {""storage"": ""checked"", ""weight"": 12.82, ""height"": 44.04, ""width"": 57.14, ""depth"": 37.59, ""unit"": ""cm""}, {""storage"": ""checked"", ""weight"": 10.53, ""height"": 36.19, ""width"": 31.63, ""depth"": 43.84, ""unit"": ""cm""}, {""storage"": ""checked"", ""weight"": 29.84, ""height"": 51.75, ""width"": 28.02, ""depth"": 41.78, ""unit"": ""cm""}]",True,All luggage complies with the policy.,,0
Economy,adult,"[{""storage"": ""personal"", ""weight"": 6.92, ""height"": 30.43, ""width"": 11.67, ""depth"": 10.2, ""unit"": ""cm""}, {""storage"": ""checked"", ""weight"": 20.62, ""height"": 48.22, ""width"": 35.74, ""depth"": 43.92, ""unit"": ""cm""}]",True,All luggage complies with the policy.,,0
First,infant,"[{""storage"": ""carry-on"", ""weight"": 1.36, ""height"": 31.34, ""width"": 18.65, ""depth"": 12.03, ""unit"": ""cm""}, {""storage"": ""carry-on"", ""weight"": 0.29, ""height"": 37.31, ""width"": 39.04, ""depth"": 18.45, ""unit"": ""cm""}, {""storage"": ""personal"", ""weight"": 2.35, ""height"": 6.79, ""width"": 1.27, ""depth"": 13.1, ""unit"": ""cm""}, {""storage"": ""checked"", ""weight"": 21.85, ""height"": 62.87, ""width"": 51.81, ""depth"": 41.47, ""unit"": ""cm""}]",True,All luggage complies with the policy.,,0
First,infant,"[{""storage"": ""carry-on"", ""weight"": 4.46, ""height"": 24.5, ""width"": 7.64, ""depth"": 22.02, ""unit"": ""cm""}, {""storage"": ""carry-on"", ""weight"": 7.85, ""height"": 52.84, ""width"": 34.63, ""depth"": 30.56, ""unit"": ""cm""}, {""storage"": ""checked"", ""weight"": 5.16, ""height"": 53.7, ""width"": 32.57, ""depth"": 35.24, ""unit"": ""cm""}, {""storage"": ""personal"", ""weight"": 11.25, ""height"": 2.25, ""width"": 35.51, ""depth"": 5.71, ""unit"": ""cm""}]",False,"Carry-on: Total weight 23.56kg exceeds 12kg limit, all carry-on items transferred to cargo. Total fees: €75","[{""storage"": ""carry-on"", ""weight"": 4.46, ""height"": 24.5, ""width"": 7.64, ""depth"": 22.02, ""unit"": ""cm""}, {""storage"": ""carry-on"", ""weight"": 7.85, ""height"": 52.84, ""width"": 34.63, ""depth"": 30.56, ""unit"": ""cm""}, {""storage"": ""personal"", ""weight"": 11.25, ""height"": 2.25, ""width"": 35.51, ""depth"": 5.71, ""unit"": ""cm""}]",75
Economy,infant,"[{""storage"": ""checked"", ""weight"": 25.32, ""height"": 44.59, ""width"": 38.72, ""depth"": 45.38, ""unit"": ""cm""}, {""storage"": ""carry-on"", ""weight"": 11.28, ""height"": 10.14, ""width"": 42.45, ""depth"": 27.06, ""unit"": ""cm""}, {""storage"": ""carry-on"", ""weight"": 0.51, ""height"": 61.22, ""width"": 61.72, ""depth"": 3.9, ""unit"": ""cm""}, {""storage"": ""carry-on"", ""weight"": 6.73, ""height"": 78.96, ""width"": 73.76, ""depth"": 42.93, ""unit"": ""cm""}]",False,"Carry-on: 1 bag(s) exceed quantity allowance, transferred to cargo; Total weight 11.79kg exceeds 7kg limit, all carry-on items transferred to cargo. Total fees: €225 | Checked: Checked luggage complies with the policy.","[{""storage"": ""carry-on"", ""weight"": 6.73, ""height"": 78.96, ""width"": 73.76, ""depth"": 42.93, ""unit"": ""cm""}, {""storage"": ""carry-on"", ""weight"": 11.28, ""height"": 10.14, ""width"": 42.45, ""depth"": 27.06, ""unit"": ""cm""}, {""storage"": ""carry-on"", ""weight"": 0.51, ""height"": 61.22, ""width"": 61.72, ""depth"": 3.9, ""unit"": ""cm""}]",300
Business,child,"[{""storage"": ""checked"", ""weight"": 17.52, ""height"": 79.48, ""width"": 17.83, ""depth"": 20.31, ""unit"": ""cm""}, {""storage"": ""personal"", ""weight"": 0.54, ""height"": 47.08, ""width"": 1.67, ""depth"": 37.42, ""unit"": ""cm""}, {""storage"": ""personal"", ""weight"": 14.93, ""height"": 12.44, ""width"": 8.05, ""depth"": 7.28, ""unit"": ""cm""}, {""storage"": ""carry-on"", ""weight"": 9.83, ""height"": 80.46, ""width"": 1.79, ""depth"": 18.65, ""unit"": ""cm""}, {""storage"": ""personal"", ""weight"": 8.23, ""height"": 8.68, ""width"": 7.58, ""depth"": 41.74, ""unit"": ""cm""}]",False,"Carry-on: 2 bag(s) exceed quantity allowance, transferred to cargo; 1 bag(s) exceed size limits, transferred to cargo. Total fees: €400","[{""storage"": ""personal"", ""weight"": 14.93, ""height"": 12.44, ""width"": 8.05, ""depth"": 7.28, ""unit"": ""cm""}, {""storage"": ""personal"", ""weight"": 8.23, ""height"": 8.68, ""width"": 7.58, ""depth"": 41.74, ""unit"": ""cm""}, {""storage"": ""carry-on"", ""weight"": 9.83, ""height"": 80.46, ""width"": 1.79, ""depth"": 18.65, ""unit"": ""cm""}]",400
Business,adult,"[{""storage"": ""personal"", ""weight"": 12.83, ""height"": 2.02, ""width"": 50.13, ""depth"": 10.21, ""unit"": ""cm""}, {""storage"": ""personal"", ""weight"": 12.38, ""height"": 83.93, ""width"": 40.55, ""depth"": 20.48, ""unit"": ""cm""}, {""storage"": ""checked"", ""weight"": 34.46, ""height"": 85.32, ""width"": 41.95, ""depth"": 44.17, ""unit"": ""cm""}]",False,"Carry-on: Total weight 25.21kg exceeds 12kg limit, all carry-on items transferred to cargo. Total fees: €75 | Checked: The following items must be shipped as cargo: Bag 1: weight 34.46kg exceeds 32kg limit. Total fees: €175 (cargo shipping costs not included - please contact cargo department). Consider splitting items or reducing weight/size to avoid cargo shipping.","[{""storage"": ""personal"", ""weight"": 12.83, ""height"": 2.02, ""width"": 50.13, ""depth"": 10.21, ""unit"": ""cm""}, {""storage"": ""personal"", ""weight"": 12.38, ""height"": 83.93, ""width"": 40.55, ""depth"": 20.48, ""unit"": ""cm""}, {""storage"": ""checked"", ""weight"": 34.46, ""height"": 85.32, ""width"": 41.95, ""depth"": 44.17, ""unit"": ""cm""}]",250
First,infant,"[{""storage"": ""carry-on"", ""weight"": 0.54, ""height"": 51.43, ""width"": 10.56, ""depth"": 19.72, ""unit"": ""cm""}, {""storage"": ""carry-on"", ""weight"": 1.56, ""height"": 4.41, ""width"": 30.95, ""depth"": 9.97, ""unit"": ""cm""}, {""storage"": ""personal"", ""weight"": 2.44, ""height"": 34.41, ""width"": 24.79, ""depth"": 5.46, ""unit"": ""cm""}, {""storage"": ""checked"", ""weight"": 10.2, ""height"": 68.0, ""width"": 24.15, ""depth"": 28.57, ""unit"": ""cm""}, {""storage"": ""checked"", ""weight"": 2.77, ""height"": 31.27, ""width"": 57.64, ""depth"": 36.74, ""unit"": ""cm""}, {""storage"": ""checked"", ""weight"": 18.43, ""height"": 22.69, ""width"": 42.0, ""depth"": 49.32, ""unit"": ""cm""}]",True,All luggage complies with the policy.,,0
Economy,adult,"[{""storage"": ""personal"", ""weight"": 2.4, ""height"": 28.27, ""width"": 12.48, ""depth"": 17.01, ""unit"": ""cm""}]",True,All luggage complies with the policy.,,0
Business,adult,"[{""storage"": ""carry-on"", ""weight"": 2.64, ""height"": 2.33, ""width"": 10.83, ""depth"": 13.3, ""unit"": ""cm""}, {""storage"": ""carry-on"", ""weight"": 3.55, ""height"": 43.27, ""width"": 7.82, ""depth"": 16.79, ""unit"": ""cm""}, {""storage"": ""personal"", ""weight"": 0.5, ""height"": 20.3, ""width"": 22.77, ""depth"": 15.34, ""unit"": ""cm""}, {""storage"": ""checked"", ""weight"": 15.97, ""height"": 22.97, ""width"": 39.5, ""depth"": 49.75, ""unit"": ""cm""}, {""storage"": ""checked"", ""weight"": 14.46, ""height"": 46.36, ""width"": 55.3, ""depth"": 34.4, ""unit"": ""cm""}]",True,All luggage complies with the policy.,,0
First,infant,"[{""storage"": ""carry-on"", ""weight"": 6.38, ""height"": 29.16, ""width"": 14.58, ""depth"": 6.51, ""unit"": ""cm""}, {""storage"": ""personal"", ""weight"": 2.06, ""height"": 19.45, ""width"": 18.36, ""depth"": 15.75, ""unit"": ""cm""}, {""storage"": ""checked"", ""weight"": 28.84, ""height"": 31.76, ""width"": 44.4, ""depth"": 21.61, ""unit"": ""cm""}, {""storage"": ""checked"", ""weight"": 29.49, ""height"": 38.97, ""width"": 41.24, ""depth"": 49.46, ""unit"": ""cm""}]",True,All luggage complies with the policy.,,0
Business,infant,"[{""storage"": ""checked"", ""weight"": 21.9, ""height"": 14.73, ""width"": 61.78, ""depth"": 38.11, ""unit"": ""cm""}]",True,All luggage complies with the policy.,,0
Business,adult,"[{""storage"": ""personal"", ""weight"": 3.72, ""height"": 39.86, ""width"": 3.42, ""depth"": 15.48, ""unit"": ""cm""}, {""storage"": ""checked"", ""weight"": 23.42, ""height"": 58.43, ""width"": 37.38, ""depth"": 21.79, ""unit"": ""cm""}]",True,All luggage complies with the policy.,,0
First,infant,"[{""storage"": ""carry-on"", ""weight"": 11.57, ""height"": 14.61, ""width"": 15.44, ""depth"": 20.83, ""unit"": ""cm""}, {""storage"": ""personal"", ""weight"": 9.95, ""height"": 13.42, ""width"": 29.06, ""depth"": 21.49, ""unit"": ""cm""}, {""storage"": ""personal"", ""weight"": 4.74, ""height"": 4.41, ""width"": 70.87, ""depth"": 6.58, ""unit"": ""cm""}]",False,"Carry-on: Total weight 26.259999999999998kg exceeds 12kg limit, all carry-on items transferred to cargo. Total fees: €75","[{""storage"": ""carry-on"", ""weight"": 11.57, ""height"": 14.61, ""width"": 15.44, ""depth"": 20.83, ""unit"": ""cm""}, {""storage"": ""personal"", ""weight"": 9.95, ""height"": 13.42, ""width"": 29.06, ""depth"": 21.49, ""unit"": ""cm""}, {""storage"": ""personal"", ""weight"": 4.74, ""height"": 4.41, ""width"": 70.87, ""depth"": 6.58, ""unit"": ""cm""}]",75
First,infant,"[{""storage"": ""carry-on"", ""weight"": 6.27, ""height"": 62.01, ""width"": 71.92, ""depth"": 44.43, ""unit"": ""cm""}, {""storage"": ""carry-on"", ""weight"": 9.44, ""height"": 54.08, ""width"": 39.49, ""depth"": 30.27, ""unit"": ""cm""}, {""storage"": ""personal"", ""weight"": 0.74, ""height"": 76.18, ""width"": 70.8, ""depth"": 10.95, ""unit"": ""cm""}, {""storage"": ""checked"", ""weight"": 3.89, ""height"": 58.3, ""width"": 34.32, ""depth"": 31.72, ""unit"": ""cm""}]",False,"Carry-on: Total weight 16.45kg exceeds 12kg limit, all carry-on items transferred to cargo. Total fees: €75","[{""storage"": ""carry-on"", ""weight"": 6.27, ""height"": 62.01, ""width"": 71.92, ""depth"": 44.43, ""unit"": ""cm""}, {""storage"": ""carry-on"", ""weight"": 9.44, ""height"": 54.08, ""width"": 39.49, ""depth"": 30.27, ""unit"": ""cm""}, {""storage"": ""personal"", ""weight"": 0.74, ""height"": 76.18, ""width"": 70.8, ""depth"": 10.95, ""unit"": ""cm""}]",75
First,child,"[{""storage"": ""checked"", ""weight"": 29.39, ""height"": 85.85, ""width"": 30.71, ""depth"": 4.57, ""unit"": ""cm""}, {""storage"": ""personal"", ""weight"": 6.22, ""height"": 73.94, ""width"": 30.52, ""depth"": 48.38, ""unit"": ""cm""}, {""storage"": ""checked"", ""weight"": 25.77, ""height"": 55.98, ""width"": 43.58, ""depth"": 40.14, ""unit"": ""cm""}]",True,All luggage complies with the policy.,,0
Business,infant,"[{""storage"": ""carry-on"", ""weight"": 0.14, ""height"": 51.69, ""width"": 21.11, ""depth"": 3.33, ""unit"": ""cm""}, {""storage"": ""personal"", ""weight"": 4.17, ""height"": 23.09, ""width"": 12.77, ""depth"": 16.15, ""unit"": ""cm""}]",True,All luggage complies with the policy.,,0
Business,infant,"[{""storage"": ""carry-on"", ""weight"": 5.57, ""height"": 53.92, ""width"": 16.26, ""depth"": 7.37, ""unit"": ""cm""}, {""storage"": ""personal"", ""weight"": 9.8, ""height"": 81.72, ""width"": 70.18, ""depth"": 44.93, ""unit"": ""cm""}, {""storage"": ""personal"", ""weight"": 7.25, ""height"": 29.74, ""width"": 78.38, ""depth"": 17.38, ""unit"": ""cm""}, {""storage"": ""checked"", ""weight"": 37.11, ""height"": 11.81, ""width"": 52.29, ""depth"": 24.08, ""unit"": ""cm""}]",False,"Carry-on: Total weight 22.62kg exceeds 12kg limit, all carry-on items transferred to cargo. Total fees: €75 | Checked: The following items must be shipped as cargo: Bag 1: weight 37.11kg exceeds 32kg limit. Total fees: €75 (cargo shipping costs not included - please contact cargo department). Consider splitting items or reducing weight/size to avoid cargo shipping.","[{""storage"": ""carry-on"", ""weight"": 5.57, ""height"": 53.92, ""width"": 16.26, ""depth"": 7.37, ""unit"": ""cm""}, {""storage"": ""personal"", ""weight"": 9.8, ""height"": 81.72, ""width"": 70.18, ""depth"": 44.93, ""unit"": ""cm""}, {""storage"": ""personal"", ""weight"": 7.25, ""height"": 29.74, ""width"": 78.38, ""depth"": 17.38, ""unit"": ""cm""}, {""storage"": ""checked"", ""weight"": 37.11, ""height"": 11.81, ""width"": 52.29, ""depth"": 24.08, ""unit"": ""cm""}]",150
First,adult,"[{""storage"": ""carry-on"", ""weight"": 7.94, ""height"": 52.96, ""width"": 23.52, ""depth"": 19.21, ""unit"": ""cm""}, {""storage"": ""personal"", ""weight"": 2.87, ""height"": 26.47, ""width"": 26.06, ""depth"": 14.58, ""unit"": ""cm""}]",True,All luggage complies with the policy.,,0
First,child,"[{""storage"": ""carry-on"", ""weight"": 2.1, ""height"": 25.39, ""width"": 33.26, ""depth"": 1.81, ""unit"": ""cm""}, {""storage"": ""carry-on"", ""weight"": 0.11, ""height"": 27.23, ""width"": 7.51, ""depth"": 17.28, ""unit"": ""cm""}, {""storage"": ""personal"", ""weight"": 1.77, ""height"": 39.89, ""width"": 1.59, ""depth"": 12.27, ""unit"": ""cm""}, {""storage"": ""checked"", ""weight"": 14.05, ""height"": 30.21, ""width"": 45.8, ""depth"": 21.36, ""unit"": ""cm""}]",True,All luggage complies with the policy.,,0
First,infant,"[{""storage"": ""personal"", ""weight"": 0.11, ""height"": 68.42, ""width"": 2.91, ""depth"": 40.78, ""unit"": ""cm""}]",True,All luggage complies with the policy.,,0
First,child,"[{""storage"": ""carry-on"", ""weight"": 5.92, ""height"": 9.22, ""width"": 13.81, ""depth"": 10.95, ""unit"": ""cm""}, {""storage"": ""personal"", ""weight"": 0.55, ""height"": 20.98, ""width"": 11.46, ""depth"": 10.46, ""unit"": ""cm""}, {""storage"": ""checked"", ""weight"": 29.17, ""height"": 59.78, ""width"": 29.0, ""depth"": 42.74, ""unit"": ""cm""}, {""storage"": ""checked"", ""weight"": 4.42, ""height"": 59.32, ""width"": 44.16, ""depth"": 21.67, ""unit"": ""cm""}, {""storage"": ""checked"", ""weight"": 31.4, ""height"": 39.5, ""width"": 36.29, ""depth"": 27.13, ""unit"": ""cm""}]",True,All luggage complies with the policy.,,0
Economy,child,"[{""storage"": ""personal"", ""weight"": 5.48, ""height"": 9.35, ""width"": 15.83, ""depth"": 15.62, ""unit"": ""cm""}]",True,All luggage complies with the policy.,,0
Economy,child,"[{""storage"": ""checked"", ""weight"": 32.83, ""height"": 27.85, ""width"": 78.79, ""depth"": 23.54, ""unit"": ""cm""}, {""storage"": ""checked"", ""weight"": 8.18, ""height"": 94.96, ""width"": 24.62, ""depth"": 16.27, ""unit"": ""cm""}, {""storage"": ""checked"", ""weight"": 38.4, ""height"": 96.94, ""width"": 54.91, ""depth"": 9.97, ""unit"": ""cm""}, {""storage"": ""carry-on"", ""weight"": 7.84, ""height"": 7.86, ""width"": 18.59, ""depth"": 13.38, ""unit"": ""cm""}, {""storage"": ""carry-on"", ""weight"": 9.24, ""height"": 36.97, ""width"": 26.69, ""depth"": 40.07, ""unit"": ""cm""}]",False,"Carry-on: Total weight 17.08kg exceeds 7kg limit, all carry-on items transferred to cargo. Total fees: €75 | Checked: The following items must be shipped as cargo: Bag 1: weight 32.83kg exceeds 32kg limit; Bag 3: weight 38.4kg exceeds 32kg limit. Total fees: €550 (cargo shipping costs not included - please contact cargo department). Consider splitting items or reducing weight/size to avoid cargo shipping.","[{""storage"": ""carry-on"", ""weight"": 7.84, ""height"": 7.86, ""width"": 18.59, ""depth"": 13.38, ""unit"": ""cm""}, {""storage"": ""carry-on"", ""weight"": 9.24, ""height"": 36.97, ""width"": 26.69, ""depth"": 40.07, ""unit"": ""cm""}, {""storage"": ""checked"", ""weight"": 32.83, ""height"": 27.85, ""width"": 78.79, ""depth"": 23.54, ""unit"": ""cm""}, {""storage"": ""checked"", ""weight"": 38.4, ""height"": 96.94, ""width"": 54.91, ""depth"": 9.97, ""unit"": ""cm""}]",625
First,adult,"[{""storage"": ""checked"", ""weight"": 41.65, ""height"": 24.33, ""width"": 38.98, ""depth"": 22.01, ""unit"": ""cm""}, {""storage"": ""checked"", ""weight"": 2.1, ""height"": 40.8, ""width"": 45.01, ""depth"": 15.62, ""unit"": ""cm""}, {""storage"": ""carry-on"", ""weight"": 12.2, ""height"": 51.68, ""width"": 10.84, ""depth"": 48.69, ""unit"": ""cm""}]",False,"Carry-on: Total weight 12.2kg exceeds 12kg limit, all carry-on items transferred to cargo. Total fees: €75 | Checked: The following items must be shipped as cargo: Bag 1: weight 41.65kg exceeds 32kg limit. Total fees: €75 (cargo shipping costs not included - please contact cargo department). Consider splitting items or reducing weight/size to avoid cargo shipping.","[{""storage"": ""carry-on"", ""weight"": 12.2, ""height"": 51.68, ""width"": 10.84, ""depth"": 48.69, ""unit"": ""cm""}, {""storage"": ""checked"", ""weight"": 41.65, ""height"": 24.33, ""width"": 38.98, ""depth"": 22.01, ""unit"": ""cm""}]",150
First,adult,"[{""storage"": ""checked"", ""weight"": 35.57, ""height"": 34.68, ""width"": 52.77, ""depth"": 19.12, ""unit"": ""cm""}]",False,Checked: The following items must be shipped as cargo: Bag 1: weight 35.57kg exceeds 32kg limit. Total fees: €75 (cargo shipping costs not included - please contact cargo department). Consider splitting items or reducing weight/size to avoid cargo shipping.,"[{""storage"": ""checked"", ""weight"": 35.57, ""height"": 34.68, ""width"": 52.77, ""depth"": 19.12, ""unit"": ""cm""}]",75
First,adult,"[{""storage"": ""personal"", ""weight"": 6.89, ""height"": 55.43, ""width"": 61.68, ""depth"": 45.31, ""unit"": ""cm""}, {""storage"": ""checked"", ""weight"": 25.38, ""height"": 47.05, ""width"": 57.53, ""depth"": 10.63, ""unit"": ""cm""}, {""storage"": ""checked"", ""weight"": 28.75, ""height"": 35.74, ""width"": 41.73, ""depth"": 25.56, ""unit"": ""cm""}, {""storage"": ""personal"", ""weight"": 14.99, ""height"": 91.09, ""width"": 66.79, ""depth"": 49.48, ""unit"": ""cm""}, {""storage"": ""carry-on"", ""weight"": 2.88, ""height"": 94.21, ""width"": 74.49, ""depth"": 36.09, ""unit"": ""cm""}]",False,"Carry-on: Total weight 24.759999999999998kg exceeds 12kg limit, all carry-on items transferred to cargo. Total fees: €75","[{""storage"": ""carry-on"", ""weight"": 2.88, ""height"": 94.21, ""width"": 74.49, ""depth"": 36.09, ""unit"": ""cm""}, {""storage"": ""personal"", ""weight"": 6.89, ""height"": 55.43, ""width"": 61.68, ""depth"": 45.31, ""unit"": ""cm""}, {""storage"": ""personal"", ""weight"": 14.99, ""height"": 91.09, ""width"": 66.79, ""depth"": 49.48, ""unit"": ""cm""}]",75
First,adult,"[{""storage"": ""carry-on"", ""weight"": 3.55, ""height"": 65.6, ""width"": 50.31, ""depth"": 28.95, ""unit"": ""cm""}, {""storage"": ""personal"", ""weight"": 13.74, ""height"": 43.31, ""width"": 26.85, ""depth"": 32.03, ""unit"": ""cm""}, {""storage"": ""personal"", ""weight"": 1.27, ""height"": 20.04, ""width"": 59.03, ""depth"": 46.76, ""unit"": ""cm""}]",False,"Carry-on: Total weight 18.56kg exceeds 12kg limit, all carry-on items transferred to cargo. Total fees: €75","[{""storage"": ""carry-on"", ""weight"": 3.55, ""height"": 65.6, ""width"": 50.31, ""depth"": 28.95, ""unit"": ""cm""}, {""storage"": ""personal"", ""weight"": 13.74, ""height"": 43.31, ""width"": 26.85, ""depth"": 32.03, ""unit"": ""cm""}, {""storage"": ""personal"", ""weight"": 1.27, ""height"": 20.04, ""width"": 59.03, ""depth"": 46.76, ""unit"": ""cm""}]",75
First,adult,"[{""storage"": ""carry-on"", ""weight"": 3.24, ""height"": 30.23, ""width"": 23.69, ""depth"": 18.53, ""unit"": ""cm""}, {""storage"": ""carry-on"", ""weight"": 0.78, ""height"": 36.68, ""width"": 12.4, ""depth"": 10.9, ""unit"": ""cm""}, {""storage"": ""personal"", ""weight"": 1.31, ""height"": 9.41, ""width"": 17.34, ""depth"": 2.45, ""unit"": ""cm""}, {""storage"": ""checked"", ""weight"": 1.42, ""height"": 53.52, ""width"": 54.55, ""depth"": 29.69, ""unit"": ""cm""}, {""storage"": ""checked"", ""weight"": 28.98, ""height"": 59.23, ""width"": 27.69, ""depth"": 27.15, ""unit"": ""cm""}]",True,All luggage complies with the policy.,,0
Economy,child,"[{""storage"": ""carry-on"", ""weight"": 2.07, ""height"": 42.5, ""width"": 47.34, ""depth"": 43.88, ""unit"": ""cm""}, {""storage"": ""carry-on"", ""weight"": 12.13, ""height"": 39.07, ""width"": 15.79, ""depth"": 37.11, ""unit"": ""cm""}, {""storage"": ""personal"", ""weight"": 12.54, ""height"": 21.23, ""width"": 48.79, ""depth"": 31.43, ""unit"": ""cm""}]",False,"Carry-on: 1 bag(s) exceed quantity allowance, transferred to cargo; Total weight 14.61kg exceeds 7kg limit, all carry-on items transferred to cargo. Total fees: €225","[{""storage"": ""carry-on"", ""weight"": 12.13, ""height"": 39.07, ""width"": 15.79, ""depth"": 37.11, ""unit"": ""cm""}, {""storage"": ""carry-on"", ""weight"": 2.07, ""height"": 42.5, ""width"": 47.34, ""depth"": 43.88, ""unit"": ""cm""}, {""storage"": ""personal"", ""weight"": 12.54, ""height"": 21.23, ""width"": 48.79, ""depth"": 31.43, ""unit"": ""cm""}]",225
Business,infant,"[{""storage"": ""personal"", ""weight"": 11.71, ""height"": 6.65, ""width"": 28.14, ""depth"": 3.56, ""unit"": ""cm""}, {""storage"": ""checked"", ""weight"": 17.99, ""height"": 20.41, ""width"": 50.62, ""depth"": 26.18, ""unit"": ""cm""}, {""storage"": ""checked"", ""weight"": 19.68, ""height"": 68.8, ""width"": 28.4, ""depth"": 29.26, ""unit"": ""cm""}]",True,All luggage complies with the policy.,,0
First,infant,"[{""storage"": ""personal"", ""weight"": 10.77, ""height"": 8.86, ""width"": 6.32, ""depth"": 15.76, ""unit"": ""cm""}, {""storage"": ""checked"", ""weight"": 10.34, ""height"": 55.03, ""width"": 37.11, ""depth"": 31.76, ""unit"": ""cm""}, {""storage"": ""checked"", ""weight"": 2.27, ""height"": 50.97, ""width"": 29.3, ""depth"": 39.14, ""unit"": ""cm""}]",True,All luggage complies with the policy.,,0
First,infant,"[{""storage"": ""personal"", ""weight"": 2.02, ""height"": 12.68, ""width"": 1.51, ""depth"": 10.9, ""unit"": ""cm""}]",True,All luggage complies with the policy.,,0
Economy,adult,"[{""storage"": ""personal"", ""weight"": 8.23, ""height"": 92.32, ""width"": 48.85, ""depth"": 24.23, ""unit"": ""cm""}, {""storage"": ""carry-on"", ""weight"": 11.05, ""height"": 20.71, ""width"": 0.86, ""depth"": 45.05, ""unit"": ""cm""}, {""storage"": ""personal"", ""weight"": 1.39, ""height"": 84.32, ""width"": 65.03, ""depth"": 22.13, ""unit"": ""cm""}, {""storage"": ""personal"", ""weight"": 4.27, ""height"": 25.29, ""width"": 62.87, ""depth"": 40.85, ""unit"": ""cm""}, {""storage"": ""checked"", ""weight"": 26.24, ""height"": 18.98, ""width"": 38.92, ""depth"": 10.89, ""unit"": ""cm""}]",False,"Carry-on: 2 bag(s) exceed quantity allowance, transferred to cargo; Total weight 19.28kg exceeds 7kg limit, all carry-on items transferred to cargo. Total fees: €375 | Checked: Checked luggage complies with the policy.","[{""storage"": ""personal"", ""weight"": 1.39, ""height"": 84.32, ""width"": 65.03, ""depth"": 22.13, ""unit"": ""cm""}, {""storage"": ""personal"", ""weight"": 4.27, ""height"": 25.29, ""width"": 62.87, ""depth"": 40.85, ""unit"": ""cm""}, {""storage"": ""carry-on"", ""weight"": 11.05, ""height"": 20.71, ""width"": 0.86, ""depth"": 45.05, ""unit"": ""cm""}, {""storage"": ""personal"", ""weight"": 8.23, ""height"": 92.32, ""width"": 48.85, ""depth"": 24.23, ""unit"": ""cm""}]",450
First,infant,"[{""storage"": ""checked"", ""weight"": 38.98, ""height"": 93.66, ""width"": 23.66, ""depth"": 4.78, ""unit"": ""cm""}, {""storage"": ""checked"", ""weight"": 43.13, ""height"": 66.8, ""width"": 4.48, ""depth"": 18.9, ""unit"": ""cm""}, {""storage"": ""personal"", ""weight"": 7.69, ""height"": 74.28, ""width"": 48.55, ""depth"": 39.49, ""unit"": ""cm""}, {""storage"": ""checked"", ""weight"": 33.62, ""height"": 9.68, ""width"": 79.87, ""depth"": 42.49, ""unit"": ""cm""}, {""storage"": ""personal"", ""weight"": 8.94, ""height"": 55.7, ""width"": 29.31, ""depth"": 2.29, ""unit"": ""cm""}]",False,"Carry-on: Total weight 16.63kg exceeds 12kg limit, all carry-on items transferred to cargo. Total fees: €75 | Checked: The following items must be shipped as cargo: Bag 1: weight 38.98kg exceeds 32kg limit; Bag 2: weight 43.13kg exceeds 32kg limit; Bag 3: weight 33.62kg exceeds 32kg limit. Total fees: €225 (cargo shipping costs not included - please contact cargo department). Consider splitting items or reducing weight/size to avoid cargo shipping.","[{""storage"": ""personal"", ""weight"": 7.69, ""height"": 74.28, ""width"": 48.55, ""depth"": 39.49, ""unit"": ""cm""}, {""storage"": ""personal"", ""weight"": 8.94, ""height"": 55.7, ""width"": 29.31, ""depth"": 2.29, ""unit"": ""cm""}, {""storage"": ""checked"", ""weight"": 38.98, ""height"": 93.66, ""width"": 23.66, ""depth"": 4.78, ""unit"": ""cm""}, {""storage"": ""checked"", ""weight"": 43.13, ""height"": 66.8, ""width"": 4.48, ""depth"": 18.9, ""unit"": ""cm""}, {""storage"": ""checked"", ""weight"": 33.62, ""height"": 9.68, ""width"": 79.87, ""depth"": 42.49, ""unit"": ""cm""}]",300
Business,child,"[{""storage"": ""personal"", ""weight"": 11.4, ""height"": 56.98, ""width"": 42.78, ""depth"": 23.65, ""unit"": ""cm""}]",True,All luggage complies with the policy.,,0
First,child,"[{""storage"": ""personal"", ""weight"": 8.45, ""height"": 73.02, ""width"": 35.37, ""depth"": 38.34, ""unit"": ""cm""}, {""storage"": ""checked"", ""weight"": 29.77, ""height"": 93.67, ""width"": 14.11, ""depth"": 6.72, ""unit"": ""cm""}, {""storage"": ""carry-on"", ""weight"": 7.57, ""height"": 60.75, ""width"": 43.82, ""depth"": 25.23, ""unit"": ""cm""}]",False,"Carry-on: Total weight 16.02kg exceeds 12kg limit, all carry-on items transferred to cargo. Total fees: €75","[{""storage"": ""carry-on"", ""weight"": 7.57, ""height"": 60.75, ""width"": 43.82, ""depth"": 25.23, ""unit"": ""cm""}, {""storage"": ""personal"", ""weight"": 8.45, ""height"": 73.02, ""width"": 35.37, ""depth"": 38.34, ""unit"": ""cm""}]",75
Business,adult,"[{""storage"": ""checked"", ""weight"": 48.76, ""height"": 35.13, ""width"": 38.59, ""depth"": 17.19, ""unit"": ""cm""}, {""storage"": ""carry-on"", ""weight"": 1.63, ""height"": 15.79, ""width"": 65.58, ""depth"": 15.99, ""unit"": ""cm""}]",False,"Carry-on: 1 bag(s) exceed size limits, transferred to cargo. Total fees: €100 | Checked: The following items must be shipped as cargo: Bag 1: weight 48.76kg exceeds 32kg limit. Total fees: €75 (cargo shipping costs not included - please contact cargo department). Consider splitting items or reducing weight/size to avoid cargo shipping.","[{""storage"": ""carry-on"", ""weight"": 1.63, ""height"": 15.79, ""width"": 65.58, ""depth"": 15.99, ""unit"": ""cm""}, {""storage"": ""checked"", ""weight"": 48.76, ""height"": 35.13, ""width"": 38.59, ""depth"": 17.19, ""unit"": ""cm""}]",175
Business,adult,"[{""storage"": ""carry-on"", ""weight"": 2.35, ""height"": 31.22, ""width"": 24.43, ""depth"": 20.92, ""unit"": ""cm""}, {""storage"": ""carry-on"", ""weight"": 3.13, ""height"": 22.48, ""width"": 14.59, ""depth"": 8.48, ""unit"": ""cm""}, {""storage"": ""personal"", ""weight"": 6.28, ""height"": 16.16, ""width"": 2.57, ""depth"": 14.27, ""unit"": ""cm""}, {""storage"": ""checked"", ""weight"": 22.76, ""height"": 37.09, ""width"": 36.66, ""depth"": 38.08, ""unit"": ""cm""}, {""storage"": ""checked"", ""weight"": 9.49, ""height"": 67.96, ""width"": 21.62, ""depth"": 30.93, ""unit"": ""cm""}]",True,All luggage complies with the policy.,,0
First,child,"[{""storage"": ""carry-on"", ""weight"": 2.95, ""height"": 37.56, ""width"": 12.29, ""depth"": 7.17, ""unit"": ""cm""}, {""storage"": ""carry-on"", ""weight"": 3.69, ""height"": 46.3, ""width"": 36.23, ""depth"": 5.29, ""unit"": ""cm""}, {""storage"": ""personal"", ""weight"": 1.9, ""height"": 0.15, ""width"": 23.27, ""depth"": 14.19, ""unit"": ""cm""}, {""storage"": ""checked"", ""weight"": 4.31, ""height"": 24.69, ""width"": 59.43, ""depth"": 26.24, ""unit"": ""cm""}, {""storage"": ""checked"", ""weight"": 11.34, ""height"": 26.06, ""width"": 39.48, ""depth"": 43.75, ""unit"": ""cm""}]",True,All luggage complies with the policy.,,0
Economy,child,"[{""storage"": ""personal"", ""weight"": 4.52, ""height"": 12.57, ""width"": 23.96, ""depth"": 1.36, ""unit"": ""cm""}]",True,All luggage complies with the policy.,,0
Business,child,"[{""storage"": ""checked"", ""weight"": 24.01, ""height"": 10.02, ""width"": 29.1, ""depth"": 7.61, ""unit"": ""cm""}, {""storage"": ""carry-on"", ""weight"": 1.02, ""height"": 49.47, ""width"": 78.5, ""depth"": 22.46, ""unit"": ""cm""}, {""storage"": ""personal"", ""weight"": 13.42, ""height"": 43.19, ""width"": 18.45, ""depth"": 3.89, ""unit"": ""cm""}]",False,"Carry-on: Total weight 14.44kg exceeds 12kg limit, all carry-on items transferred to cargo. Total fees: €75","[{""storage"": ""carry-on"", ""weight"": 1.02, ""height"": 49.47, ""width"": 78.5, ""depth"": 22.46, ""unit"": ""cm""}, {""storage"": ""personal"", ""weight"": 13.42, ""height"": 43.19, ""width"": 18.45, ""depth"": 3.89, ""unit"": ""cm""}]",75
Economy,adult,"[{""storage"": ""checked"", ""weight"": 42.86, ""height"": 21.97, ""width"": 2.07, ""depth"": 12.85, ""unit"": ""cm""}, {""storage"": ""carry-on"", ""weight"": 12.95, ""height"": 88.11, ""width"": 12.86, ""depth"": 39.74, ""unit"": ""cm""}]",False,"Carry-on: Total weight 12.95kg exceeds 7kg limit, all carry-on items transferred to cargo. Total fees: €75 | Checked: The following items must be shipped as cargo: Bag 1: weight 42.86kg exceeds 32kg limit. Total fees: €75 (cargo shipping costs not included - please contact cargo department). Consider splitting items or reducing weight/size to avoid cargo shipping.","[{""storage"": ""carry-on"", ""weight"": 12.95, ""height"": 88.11, ""width"": 12.86, ""depth"": 39.74, ""unit"": ""cm""}, {""storage"": ""checked"", ""weight"": 42.86, ""height"": 21.97, ""width"": 2.07, ""depth"": 12.85, ""unit"": ""cm""}]",150
First,child,"[{""storage"": ""carry-on"", ""weight"": 11.77, ""height"": 80.98, ""width"": 63.43, ""depth"": 43.12, ""unit"": ""cm""}, {""storage"": ""checked"", ""weight"": 22.27, ""height"": 90.32, ""width"": 49.02, ""depth"": 31.42, ""unit"": ""cm""}, {""storage"": ""checked"", ""weight"": 0.42, ""height"": 47.61, ""width"": 6.7, ""depth"": 32.62, ""unit"": ""cm""}]",False,"Carry-on: 1 bag(s) exceed size limits, transferred to cargo. Total fees: €100 | Checked: Checked luggage complies with the policy.","[{""storage"": ""carry-on"", ""weight"": 11.77, ""height"": 80.98, ""width"": 63.43, ""depth"": 43.12, ""unit"": ""cm""}]",200
Economy,infant,"[{""storage"": ""checked"", ""weight"": 11.73, ""height"": 11.7, ""width"": 74.78, ""depth"": 8.02, ""unit"": ""cm""}, {""storage"": ""personal"", ""weight"": 6.54, ""height"": 18.37, ""width"": 72.55, ""depth"": 20.1, ""unit"": ""cm""}]",True,All luggage complies with the policy.,,0
Business,infant,"[{""storage"": ""carry-on"", ""weight"": 2.44, ""height"": 51.32, ""width"": 24.78, ""depth"": 10.68, ""unit"": ""cm""}, {""storage"": ""carry-on"", ""weight"": 2.17, ""height"": 33.49, ""width"": 26.12, ""depth"": 16.52, ""unit"": ""cm""}, {""storage"": ""personal"", ""weight"": 1.04, ""height"": 14.81, ""width"": 10.42, ""depth"": 14.16, ""unit"": ""cm""}, {""storage"": ""checked"", ""weight"": 14.3, ""height"": 44.54, ""width"": 55.44, ""depth"": 45.32, ""unit"": ""cm""}, {""storage"": ""checked"", ""weight"": 28.69, ""height"": 67.54, ""width"": 38.03, ""depth"": 36.93, ""unit"": ""cm""}]",True,All luggage complies with the policy.,,0
Economy,adult,"[{""storage"": ""personal"", ""weight"": 2.84, ""height"": 27.4, ""width"": 26.66, ""depth"": 0.04, ""unit"": ""cm""}, {""storage"": ""checked"", ""weight"": 6.32, ""height"": 39.26, ""width"": 31.25, ""depth"": 23.39, ""unit"": ""cm""}]",True,All luggage complies with the policy.,,0
First,infant,"[{""storage"": ""personal"", ""weight"": 3.2, ""height"": 5.1, ""width"": 19.55, ""depth"": 7.34, ""unit"": ""cm""}, {""storage"": ""checked"", ""weight"": 24.39, ""height"": 58.5, ""width"": 40.21, ""depth"": 38.13, ""unit"": ""cm""}, {""storage"": ""checked"", ""weight"": 29.05, ""height"": 40.54, ""width"": 56.83, ""depth"": 38.41, ""unit"": ""cm""}, {""storage"": ""checked"", ""weight"": 13.38, ""height"": 32.8, ""width"": 26.7, ""depth"": 33.97, ""unit"": ""cm""}]",True,All luggage complies with the policy.,,0
Economy,infant,"[{""storage"": ""personal"", ""weight"": 2.02, ""height"": 7.17, ""width"": 9.59, ""depth"": 0.43, ""unit"": ""cm""}]",True,All luggage complies with the policy.,,0
Business,infant,"[{""storage"": ""carry-on"", ""weight"": 3.5, ""height"": 2.82, ""width"": 16.21, ""depth"": 3.9, ""unit"": ""cm""}, {""storage"": ""personal"", ""weight"": 6.57, ""height"": 36.27, ""width"": 10.78, ""depth"": 7.16, ""unit"": ""cm""}]",True,All luggage complies with the policy.,,0
First,adult,"[{""storage"": ""checked"", ""weight"": 38.37, ""height"": 41.71, ""width"": 52.03, ""depth"": 11.71, ""unit"": ""cm""}]",False,Checked: The following items must be shipped as cargo: Bag 1: weight 38.37kg exceeds 32kg limit. Total fees: €75 (cargo shipping costs not included - please contact cargo department). Consider splitting items or reducing weight/size to avoid cargo shipping.,"[{""storage"": ""checked"", ""weight"": 38.37, ""height"": 41.71, ""width"": 52.03, ""depth"": 11.71, ""unit"": ""cm""}]",75
Business,adult,"[{""storage"": ""checked"", ""weight"": 43.36, ""height"": 51.18, ""width"": 23.65, ""depth"": 21.92, ""unit"": ""cm""}, {""storage"": ""checked"", ""weight"": 6.69, ""height"": 34.74, ""width"": 1.6, ""depth"": 48.95, ""unit"": ""cm""}]",False,Checked: The following items must be shipped as cargo: Bag 1: weight 43.36kg exceeds 32kg limit. Total fees: €75 (cargo shipping costs not included - please contact cargo department). Consider splitting items or reducing weight/size to avoid cargo shipping.,"[{""storage"": ""checked"", ""weight"": 43.36, ""height"": 51.18, ""width"": 23.65, ""depth"": 21.92, ""unit"": ""cm""}]",75
First,child,"[{""storage"": ""personal"", ""weight"": 4.06, ""height"": 12.35, ""width"": 15.42, ""depth"": 19.8, ""unit"": ""cm""}, {""storage"": ""checked"", ""weight"": 23.88, ""height"": 33.78, ""width"": 24.55, ""depth"": 25.06, ""unit"": ""cm""}, {""storage"": ""checked"", ""weight"": 0.65, ""height"": 34.19, ""width"": 25.01, ""depth"": 47.79, ""unit"": ""cm""}]",True,All luggage complies with the policy.,,0
Economy,child,"[{""storage"": ""carry-on"", ""weight"": 10.6, ""height"": 43.84, ""width"": 21.52, ""depth"": 14.0, ""unit"": ""cm""}, {""storage"": ""personal"", ""weight"": 5.18, ""height"": 45.94, ""width"": 2.99, ""depth"": 46.06, ""unit"": ""cm""}]",False,"Carry-on: Total weight 15.78kg exceeds 7kg limit, all carry-on items transferred to cargo. Total fees: €75","[{""storage"": ""carry-on"", ""weight"": 10.6, ""height"": 43.84, ""width"": 21.52, ""depth"": 14.0, ""unit"": ""cm""}, {""storage"": ""personal"", ""weight"": 5.18, ""height"": 45.94, ""width"": 2.99, ""depth"": 46.06, ""unit"": ""cm""}]",75
Economy,adult,"[{""storage"": ""carry-on"", ""weight"": 5.26, ""height"": 17.75, ""width"": 24.66, ""depth"": 16.47, ""unit"": ""cm""}, {""storage"": ""personal"", ""weight"": 0.73, ""height"": 18.61, ""width"": 21.51, ""depth"": 17.24, ""unit"": ""cm""}]",True,All luggage complies with the policy.,,0
Economy,adult,"[{""storage"": ""checked"", ""weight"": 8.04, ""height"": 86.86, ""width"": 65.72, ""depth"": 0.78, ""unit"": ""cm""}]",True,All luggage complies with the policy.,,0
Economy,child,"[{""storage"": ""personal"", ""weight"": 2.5, ""height"": 22.17, ""width"": 8.82, ""depth"": 12.21, ""unit"": ""cm""}, {""storage"": ""checked"", ""weight"": 7.21, ""height"": 20.55, ""width"": 27.26, ""depth"": 26.28, ""unit"": ""cm""}]",True,All luggage complies with the policy.,,0
Business,child,"[{""storage"": ""carry-on"", ""weight"": 4.23, ""height"": 1.96, ""width"": 0.41, ""depth"": 7.74, ""unit"": ""cm""}, {""storage"": ""carry-on"", ""weight"": 0.26, ""height"": 10.91, ""width"": 17.48, ""depth"": 21.19, ""unit"": ""cm""}, {""storage"": ""personal"", ""weight"": 3.23, ""height"": 33.05, ""width"": 16.59, ""depth"": 1.9, ""unit"": ""cm""}, {""storage"": ""checked"", ""weight"": 1.22, ""height"": 33.63, ""width"": 30.67, ""depth"": 49.29, ""unit"": ""cm""}]",True,All luggage complies with the policy.,,0
Economy,adult,"[{""storage"": ""personal"", ""weight"": 0.21, ""height"": 10.54, ""width"": 19.86, ""depth"": 4.61, ""unit"": ""cm""}, {""storage"": ""checked"", ""weight"": 21.08, ""height"": 26.45, ""width"": 58.89, ""depth"": 25.07, ""unit"": ""cm""}]",True,All luggage complies with the policy.,,0
First,child,"[{""storage"": ""personal"", ""weight"": 9.35, ""height"": 29.25, ""width"": 24.66, ""depth"": 14.63, ""unit"": ""cm""}, {""storage"": ""checked"", ""weight"": 0.57, ""height"": 62.53, ""width"": 56.21, ""depth"": 32.44, ""unit"": ""cm""}]",True,All luggage complies with the policy.,,0
Business,infant,"[{""storage"": ""carry-on"", ""weight"": 6.71, ""height"": 26.36, ""width"": 31.03, ""depth"": 9.39, ""unit"": ""cm""}, {""storage"": ""personal"", ""weight"": 1.08, ""height"": 24.7, ""width"": 25.97, ""depth"": 2.8, ""unit"": ""cm""}]",True,All luggage complies with the policy.,,0
Business,child,"[{""storage"": ""carry-on"", ""weight"": 0.38, ""height"": 3.32, ""width"": 18.12, ""depth"": 5.88, ""unit"": ""cm""}, {""storage"": ""personal"", ""weight"": 3.72, ""height"": 20.0, ""width"": 18.14, ""depth"": 13.33, ""unit"": ""cm""}]",True,All luggage complies with the policy.,,0
Business,infant,"[{""storage"": ""personal"", ""weight"": 6.3, ""height"": 14.82, ""width"": 9.11, ""depth"": 6.96, ""unit"": ""cm""}, {""storage"": ""checked"", ""weight"": 16.31, ""height"": 20.78, ""width"": 36.21, ""depth"": 46.11, ""unit"": ""cm""}, {""storage"": ""checked"", ""weight"": 11.52, ""height"": 39.58, ""width"": 36.27, ""depth"": 21.22, ""unit"": ""cm""}]",True,All luggage complies with the policy.,,0
Business,child,"[{""storage"": ""personal"", ""weight"": 1.87, ""height"": 35.73, ""width"": 7.21, ""depth"": 8.4, ""unit"": ""cm""}, {""storage"": ""checked"", ""weight"": 2.1, ""height"": 67.76, ""width"": 30.81, ""depth"": 41.34, ""unit"": ""cm""}]",True,All luggage complies with the policy.,,0
Business,adult,"[{""storage"": ""carry-on"", ""weight"": 3.3, ""height"": 6.94, ""width"": 15.1, ""depth"": 17.24, ""unit"": ""cm""}, {""storage"": ""carry-on"", ""weight"": 1.79, ""height"": 11.3, ""width"": 15.8, ""depth"": 0.77, ""unit"": ""cm""}, {""storage"": ""personal"", ""weight"": 1.94, ""height"": 39.45, ""width"": 9.77, ""depth"": 4.53, ""unit"": ""cm""}, {""storage"": ""checked"", ""weight"": 30.28, ""height"": 62.88, ""width"": 42.97, ""depth"": 28.52, ""unit"": ""cm""}]",True,All luggage complies with the policy.,,0
Business,infant,"[{""storage"": ""checked"", ""weight"": 42.94, ""height"": 30.49, ""width"": 27.41, ""depth"": 20.65, ""unit"": ""cm""}]",False,Checked: The following items must be shipped as cargo: Bag 1: weight 42.94kg exceeds 32kg limit. Total fees: €75 (cargo shipping costs not included - please contact cargo department). Consider splitting items or reducing weight/size to avoid cargo shipping.,"[{""storage"": ""checked"", ""weight"": 42.94, ""height"": 30.49, ""width"": 27.41, ""depth"": 20.65, ""unit"": ""cm""}]",75
Economy,child,"[{""storage"": ""carry-on"", ""weight"": 1.07, ""height"": 18.19, ""width"": 5.56, ""depth"": 7.87, ""unit"": ""cm""}, {""storage"": ""personal"", ""weight"": 2.12, ""height"": 74.6, ""width"": 39.3, ""depth"": 8.68, ""unit"": ""cm""}, {""storage"": ""carry-on"", ""weight"": 3.81, ""height"": 56.4, ""width"": 26.0, ""depth"": 27.69, ""unit"": ""cm""}, {""storage"": ""carry-on"", ""weight"": 2.4, ""height"": 11.15, ""width"": 8.44, ""depth"": 35.66, ""unit"": ""cm""}]",False,"Carry-on: 2 bag(s) exceed quantity allowance, transferred to cargo. Total fees: €300","[{""storage"": ""carry-on"", ""weight"": 3.81, ""height"": 56.4, ""width"": 26.0, ""depth"": 27.69, ""unit"": ""cm""}, {""storage"": ""carry-on"", ""weight"": 2.4, ""height"": 11.15, ""width"": 8.44, ""depth"": 35.66, ""unit"": ""cm""}]",300
First,adult,"[{""storage"": ""personal"", ""weight"": 3.01, ""height"": 39.56, ""width"": 32.89, ""depth"": 41.42, ""unit"": ""cm""}, {""storage"": ""checked"", ""weight"": 16.52, ""height"": 13.87, ""width"": 78.09, ""depth"": 18.45, ""unit"": ""cm""}]",True,All luggage complies with the policy.,,0
First,adult,"[{""storage"": ""carry-on"", ""weight"": 0.7, ""height"": 1.85, ""width"": 18.21, ""depth"": 27.59, ""unit"": ""cm""}, {""storage"": ""carry-on"", ""weight"": 7.86, ""height"": 55.0, ""width"": 75.74, ""depth"": 49.29, ""unit"": ""cm""}, {""storage"": ""personal"", ""weight"": 3.84, ""height"": 68.68, ""width"": 45.87, ""depth"": 4.17, ""unit"": ""cm""}, {""storage"": ""personal"", ""weight"": 10.85, ""height"": 53.56, ""width"": 69.26, ""depth"": 9.97, ""unit"": ""cm""}, {""storage"": ""checked"", ""weight"": 3.96, ""height"": 94.12, ""width"": 3.62, ""depth"": 33.89, ""unit"": ""cm""}]",False,"Carry-on: 1 bag(s) exceed quantity allowance, transferred to cargo; Total weight 12.4kg exceeds 12kg limit, all carry-on items transferred to cargo. Total fees: €225","[{""storage"": ""personal"", ""weight"": 10.85, ""height"": 53.56, ""width"": 69.26, ""depth"": 9.97, ""unit"": ""cm""}, {""storage"": ""carry-on"", ""weight"": 0.7, ""height"": 1.85, ""width"": 18.21, ""depth"": 27.59, ""unit"": ""cm""}, {""storage"": ""carry-on"", ""weight"": 7.86, ""height"": 55.0, ""width"": 75.74, ""depth"": 49.29, ""unit"": ""cm""}, {""storage"": ""personal"", ""weight"": 3.84, ""height"": 68.68, ""width"": 45.87, ""depth"": 4.17, ""unit"": ""cm""}]",225
First,adult,"[{""storage"": ""carry-on"", ""weight"": 10.53, ""height"": 48.12, ""width"": 65.82, ""depth"": 45.56, ""unit"": ""cm""}, {""storage"": ""checked"", ""weight"": 18.53, ""height"": 83.4, ""width"": 41.99, ""depth"": 14.41, ""unit"": ""cm""}, {""storage"": ""checked"", ""weight"": 14.08, ""height"": 75.76, ""width"": 22.84, ""depth"": 33.71, ""unit"": ""cm""}, {""storage"": ""carry-on"", ""weight"": 12.68, ""height"": 16.96, ""width"": 45.03, ""depth"": 5.67, ""unit"": ""cm""}, {""storage"": ""checked"", ""weight"": 20.87, ""height"": 47.37, ""width"": 35.0, ""depth"": 17.9, ""unit"": ""cm""}]",False,"Carry-on: Total weight 23.21kg exceeds 12kg limit, all carry-on items transferred to cargo. Total fees: €75","[{""storage"": ""carry-on"", ""weight"": 10.53, ""height"": 48.12, ""width"": 65.82, ""depth"": 45.56, ""unit"": ""cm""}, {""storage"": ""carry-on"", ""weight"": 12.68, ""height"": 16.96, ""width"": 45.03, ""depth"": 5.67, ""unit"": ""cm""}]",75
First,adult,"[{""storage"": ""personal"", ""weight"": 6.24, ""height"": 34.4, ""width"": 12.46, ""depth"": 6.07, ""unit"": ""cm""}]",True,All luggage complies with the policy.,,0
Economy,infant,"[{""storage"": ""personal"", ""weight"": 9.53, ""height"": 96.41, ""width"": 29.37, ""depth"": 3.54, ""unit"": ""cm""}, {""storage"": ""checked"", ""weight"": 25.54, ""height"": 11.93, ""width"": 22.19, ""depth"": 15.66, ""unit"": ""cm""}, {""storage"": ""checked"", ""weight"": 29.43, ""height"": 31.26, ""width"": 27.99, ""depth"": 25.39, ""unit"": ""cm""}]",False,"Carry-on: Total weight 9.53kg exceeds 7kg limit, all carry-on items transferred to cargo. Total fees: €75 | Checked: Checked luggage complies with the policy.","[{""storage"": ""personal"", ""weight"": 9.53, ""height"": 96.41, ""width"": 29.37, ""depth"": 3.54, ""unit"": ""cm""}]",375
Economy,child,"[{""storage"": ""carry-on"", ""weight"": 2.77, ""height"": 44.0, ""width"": 27.91, ""depth"": 13.02, ""unit"": ""cm""}, {""storage"": ""personal"", ""weight"": 0.12, ""height"": 2.42, ""width"": 8.28, ""depth"": 9.66, ""unit"": ""cm""}, {""storage"": ""checked"", ""weight"": 16.79, ""height"": 66.77, ""width"": 29.8, ""depth"": 37.89, ""unit"": ""cm""}]",True,All luggage complies with the policy.,,0
Business,adult,"[{""storage"": ""personal"", ""weight"": 14.13, ""height"": 23.91, ""width"": 1.3, ""depth"": 14.39, ""unit"": ""cm""}, {""storage"": ""checked"", ""weight"": 29.54, ""height"": 24.28, ""width"": 3.66, ""depth"": 16.77, ""unit"": ""cm""}, {""storage"": ""checked"", ""weight"": 8.9, ""height"": 42.15, ""width"": 20.42, ""depth"": 17.09, ""unit"": ""cm""}]",False,"Carry-on: Total weight 14.13kg exceeds 12kg limit, all carry-on items transferred to cargo. Total fees: €75","[{""storage"": ""personal"", ""weight"": 14.13, ""height"": 23.91, ""width"": 1.3, ""depth"": 14.39, ""unit"": ""cm""}]",75
Economy,child,"[{""storage"": ""checked"", ""weight"": 46.32, ""height"": 61.33, ""width"": 16.98, ""depth"": 44.46, ""unit"": ""cm""}]",False,Checked: The following items must be shipped as cargo: Bag 1: weight 46.32kg exceeds 32kg limit. Total fees: €75 (cargo shipping costs not included - please contact cargo department). Consider splitting items or reducing weight/size to avoid cargo shipping.,"[{""storage"": ""checked"", ""weight"": 46.32, ""height"": 61.33, ""width"": 16.98, ""depth"": 44.46, ""unit"": ""cm""}]",75
Economy,child,"[{""storage"": ""checked"", ""weight"": 29.96, ""height"": 33.77, ""width"": 1.34, ""depth"": 11.26, ""unit"": ""cm""}, {""storage"": ""personal"", ""weight"": 4.41, ""height"": 8.05, ""width"": 23.85, ""depth"": 2.32, ""unit"": ""cm""}]",False,Checked: Checked luggage complies with the policy.,,75
First,infant,"[{""storage"": ""checked"", ""weight"": 36.47, ""height"": 42.45, ""width"": 72.45, ""depth"": 22.62, ""unit"": ""cm""}]",False,Checked: The following items must be shipped as cargo: Bag 1: weight 36.47kg exceeds 32kg limit. Total fees: €75 (cargo shipping costs not included - please contact cargo department). Consider splitting items or reducing weight/size to avoid cargo shipping.,"[{""storage"": ""checked"", ""weight"": 36.47, ""height"": 42.45, ""width"": 72.45, ""depth"": 22.62, ""unit"": ""cm""}]",75
First,child,"[{""storage"": ""personal"", ""weight"": 1.15, ""height"": 8.39, ""width"": 25.9, ""depth"": 13.73, ""unit"": ""cm""}, {""storage"": ""checked"", ""weight"": 21.35, ""height"": 54.67, ""width"": 40.85, ""depth"": 49.47, ""unit"": ""cm""}, {""storage"": ""checked"", ""weight"": 28.09, ""height"": 66.78, ""width"": 50.0, ""depth"": 36.35, ""unit"": ""cm""}, {""storage"": ""checked"", ""weight"": 4.74, ""height"": 45.88, ""width"": 31.19, ""depth"": 45.54, ""unit"": ""cm""}]",True,All luggage complies with the policy.,,0
Business,adult,"[{""storage"": ""checked"", ""weight"": 24.7, ""height"": 18.83, ""width"": 27.57, ""depth"": 6.82, ""unit"": ""cm""}]",True,All luggage complies with the policy.,,0
First,child,"[{""storage"": ""personal"", ""weight"": 0.4, ""height"": 74.53, ""width"": 65.58, ""depth"": 19.55, ""unit"": ""cm""}, {""storage"": ""carry-on"", ""weight"": 2.92, ""height"": 55.4, ""width"": 45.79, ""depth"": 42.95, ""unit"": ""cm""}]",False,"Carry-on: 1 bag(s) exceed size limits, transferred to cargo. Total fees: €100","[{""storage"": ""carry-on"", ""weight"": 2.92, ""height"": 55.4, ""width"": 45.79, ""depth"": 42.95, ""unit"": ""cm""}]",100
Business,infant,"[{""storage"": ""carry-on"", ""weight"": 3.97, ""height"": 82.95, ""width"": 10.2, ""depth"": 3.41, ""unit"": ""cm""}]",False,"Carry-on: 1 bag(s) exceed size limits, transferred to cargo. Total fees: €100","[{""storage"": ""carry-on"", ""weight"": 3.97, ""height"": 82.95, ""width"": 10.2, ""depth"": 3.41, ""unit"": ""cm""}]",100
Business,child,"[{""storage"": ""personal"", ""weight"": 5.8, ""height"": 43.11, ""width"": 44.23, ""depth"": 47.12, ""unit"": ""cm""}, {""storage"": ""personal"", ""weight"": 13.16, ""height"": 26.44, ""width"": 17.49, ""depth"": 10.64, ""unit"": ""cm""}, {""storage"": ""carry-on"", ""weight"": 7.89, ""height"": 51.2, ""width"": 10.83, ""depth"": 2.16, ""unit"": ""cm""}]",False,"Carry-on: Total weight 26.85kg exceeds 12kg limit, all carry-on items transferred to cargo. Total fees: €75","[{""storage"": ""carry-on"", ""weight"": 7.89, ""height"": 51.2, ""width"": 10.83, ""depth"": 2.16, ""unit"": ""cm""}, {""storage"": ""personal"", ""weight"": 5.8, ""height"": 43.11, ""width"": 44.23, ""depth"": 47.12, ""unit"": ""cm""}, {""storage"": ""personal"", ""weight"": 13.16, ""height"": 26.44, ""width"": 17.49, ""depth"": 10.64, ""unit"": ""cm""}]",75
Economy,infant,"[{""storage"": ""carry-on"", ""weight"": 13.86, ""height"": 18.76, ""width"": 18.98, ""depth"": 17.58, ""unit"": ""cm""}]",False,"Carry-on: Total weight 13.86kg exceeds 7kg limit, all carry-on items transferred to cargo. Total fees: €75","[{""storage"": ""carry-on"", ""weight"": 13.86, ""height"": 18.76, ""width"": 18.98, ""depth"": 17.58, ""unit"": ""cm""}]",75
Economy,child,"[{""storage"": ""checked"", ""weight"": 40.86, ""height"": 84.69, ""width"": 13.37, ""depth"": 37.0, ""unit"": ""cm""}, {""storage"": ""carry-on"", ""weight"": 2.71, ""height"": 85.77, ""width"": 29.21, ""depth"": 24.92, ""unit"": ""cm""}]",False,"Carry-on: 1 bag(s) exceed size limits, transferred to cargo. Total fees: €100 | Checked: The following items must be shipped as cargo: Bag 1: weight 40.86kg exceeds 32kg limit. Total fees: €75 (cargo shipping costs not included - please contact cargo department). Consider splitting items or reducing weight/size to avoid cargo shipping.","[{""storage"": ""carry-on"", ""weight"": 2.71, ""height"": 85.77, ""width"": 29.21, ""depth"": 24.92, ""unit"": ""cm""}, {""storage"": ""checked"", ""weight"": 40.86, ""height"": 84.69, ""width"": 13.37, ""depth"": 37.0, ""unit"": ""cm""}]",175
Economy,infant,"[{""storage"": ""carry-on"", ""weight"": 8.46, ""height"": 57.87, ""width"": 79.09, ""depth"": 11.35, ""unit"": ""cm""}, {""storage"": ""personal"", ""weight"": 13.92, ""height"": 72.43, ""width"": 38.39, ""depth"": 47.16, ""unit"": ""cm""}, {""storage"": ""checked"", ""weight"": 37.81, ""height"": 70.45, ""width"": 26.69, ""depth"": 18.47, ""unit"": ""cm""}, {""storage"": ""checked"", ""weight"": 28.78, ""height"": 55.58, ""width"": 61.48, ""depth"": 41.58, ""unit"": ""cm""}]",False,"Carry-on: Total weight 22.380000000000003kg exceeds 7kg limit, all carry-on items transferred to cargo. Total fees: €75 | Checked: The following items must be shipped as cargo: Bag 1: weight 37.81kg exceeds 32kg limit. Total fees: €400 (cargo shipping costs not included - please contact cargo department). Consider splitting items or reducing weight/size to avoid cargo shipping.","[{""storage"": ""carry-on"", ""weight"": 8.46, ""height"": 57.87, ""width"": 79.09, ""depth"": 11.35, ""unit"": ""cm""}, {""storage"": ""personal"", ""weight"": 13.92, ""height"": 72.43, ""width"": 38.39, ""depth"": 47.16, ""unit"": ""cm""}, {""storage"": ""checked"", ""weight"": 37.81, ""height"": 70.45, ""width"": 26.69, ""depth"": 18.47, ""unit"": ""cm""}]",475
First,child,"[{""storage"": ""checked"", ""weight"": 34.0, ""height"": 65.68, ""width"": 79.67, ""depth"": 26.92, ""unit"": ""cm""}, {""storage"": ""checked"", ""weight"": 45.0, ""height"": 25.4, ""width"": 8.11, ""depth"": 44.82, ""unit"": ""cm""}]",False,Checked: The following items must be shipped as cargo: Bag 1: weight 34.0kg exceeds 32kg limit; Bag 2: weight 45.0kg exceeds 32kg limit. Total fees: €250 (cargo shipping costs not included - please contact cargo department). Consider splitting items or reducing weight/size to avoid cargo shipping.,"[{""storage"": ""checked"", ""weight"": 34.0, ""height"": 65.68, ""width"": 79.67, ""depth"": 26.92, ""unit"": ""cm""}, {""storage"": ""checked"", ""weight"": 45.0, ""height"": 25.4, ""width"": 8.11, ""depth"": 44.82, ""unit"": ""cm""}]",250
First,child,"[{""storage"": ""personal"", ""weight"": 8.78, ""height"": 21.16, ""width"": 2.43, ""depth"": 8.49, ""unit"": ""cm""}, {""storage"": ""checked"", ""weight"": 9.71, ""height"": 52.96, ""width"": 22.67, ""depth"": 48.83, ""unit"": ""cm""}, {""storage"": ""checked"", ""weight"": 17.55, ""height"": 56.6, ""width"": 33.69, ""depth"": 22.99, ""unit"": ""cm""}, {""storage"": ""checked"", ""weight"": 25.25, ""height"": 21.33, ""width"": 32.23, ""depth"": 35.61, ""unit"": ""cm""}]",True,All luggage complies with the policy.,,0
First,infant,"[{""storage"": ""checked"", ""weight"": 41.71, ""height"": 4.9, ""width"": 27.27, ""depth"": 39.82, ""unit"": ""cm""}, {""storage"": ""personal"", ""weight"": 9.58, ""height"": 67.46, ""width"": 28.63, ""depth"": 36.77, ""unit"": ""cm""}, {""storage"": ""personal"", ""weight"": 1.31, ""height"": 20.43, ""width"": 55.43, ""depth"": 11.0, ""unit"": ""cm""}, {""storage"": ""carry-on"", ""weight"": 9.3, ""height"": 5.49, ""width"": 71.76, ""depth"": 23.7, ""unit"": ""cm""}, {""storage"": ""carry-on"", ""weight"": 12.84, ""height"": 11.1, ""width"": 22.15, ""depth"": 21.17, ""unit"": ""cm""}]",False,"Carry-on: 1 bag(s) exceed quantity allowance, transferred to cargo; Total weight 31.72kg exceeds 12kg limit, all carry-on items transferred to cargo. Total fees: €225 | Checked: The following items must be shipped as cargo: Bag 1: weight 41.71kg exceeds 32kg limit. Total fees: €75 (cargo shipping costs not included - please contact cargo department). Consider splitting items or reducing weight/size to avoid cargo shipping.","[{""storage"": ""personal"", ""weight"": 1.31, ""height"": 20.43, ""width"": 55.43, ""depth"": 11.0, ""unit"": ""cm""}, {""storage"": ""carry-on"", ""weight"": 9.3, ""height"": 5.49, ""width"": 71.76, ""depth"": 23.7, ""unit"": ""cm""}, {""storage"": ""carry-on"", ""weight"": 12.84, ""height"": 11.1, ""width"": 22.15, ""depth"": 21.17, ""unit"": ""cm""}, {""storage"": ""personal"", ""weight"": 9.58, ""height"": 67.46, ""width"": 28.63, ""depth"": 36.77, ""unit"": ""cm""}, {""storage"": ""checked"", ""weight"": 41.71, ""height"": 4.9, ""width"": 27.27, ""depth"": 39.82, ""unit"": ""cm""}]",300
First,adult,"[{""storage"": ""personal"", ""weight"": 12.62, ""height"": 14.67, ""width"": 76.51, ""depth"": 20.45, ""unit"": ""cm""}, {""storage"": ""personal"", ""weight"": 6.55, ""height"": 21.21, ""width"": 5.63, ""depth"": 36.83, ""unit"": ""cm""}, {""storage"": ""checked"", ""weight"": 43.67, ""height"": 25.71, ""width"": 52.5, ""depth"": 28.44, ""unit"": ""cm""}]",False,"Carry-on: Total weight 19.169999999999998kg exceeds 12kg limit, all carry-on items transferred to cargo. Total fees: €75 | Checked: The following items must be shipped as cargo: Bag 1: weight 43.67kg exceeds 32kg limit. Total fees: €75 (cargo shipping costs not included - please contact cargo department). Consider splitting items or reducing weight/size to avoid cargo shipping.","[{""storage"": ""personal"", ""weight"": 12.62, ""height"": 14.67, ""width"": 76.51, ""depth"": 20.45, ""unit"": ""cm""}, {""storage"": ""personal"", ""weight"": 6.55, ""height"": 21.21, ""width"": 5.63, ""depth"": 36.83, ""unit"": ""cm""}, {""storage"": ""checked"", ""weight"": 43.67, ""height"": 25.71, ""width"": 52.5, ""depth"": 28.44, ""unit"": ""cm""}]",150
First,adult,"[{""storage"": ""personal"", ""weight"": 11.31, ""height"": 26.51, ""width"": 26.03, ""depth"": 8.92, ""unit"": ""cm""}, {""storage"": ""checked"", ""weight"": 25.29, ""height"": 40.15, ""width"": 37.58, ""depth"": 41.96, ""unit"": ""cm""}]",True,All luggage complies with the policy.,,0
Economy,child,"[{""storage"": ""carry-on"", ""weight"": 0.46, ""height"": 58.45, ""width"": 24.69, ""depth"": 37.87, ""unit"": ""cm""}]",False,"Carry-on: 1 bag(s) exceed size limits, transferred to cargo. Total fees: €100","[{""storage"": ""carry-on"", ""weight"": 0.46, ""height"": 58.45, ""width"": 24.69, ""depth"": 37.87, ""unit"": ""cm""}]",100
First,infant,"[{""storage"": ""personal"", ""weight"": 0.17, ""height"": 35.21, ""width"": 28.36, ""depth"": 18.58, ""unit"": ""cm""}]",True,All luggage complies with the policy.,,0
First,child,"[{""storage"": ""carry-on"", ""weight"": 4.6, ""height"": 8.46, ""width"": 12.8, ""depth"": 5.54, ""unit"": ""cm""}, {""storage"": ""carry-on"", ""weight"": 4.74, ""height"": 10.95, ""width"": 22.32, ""depth"": 10.71, ""unit"": ""cm""}, {""storage"": ""personal"", ""weight"": 2.63, ""height"": 36.48, ""width"": 6.97, ""depth"": 1.65, ""unit"": ""cm""}]",True,All luggage complies with the policy.,,0
Economy,child,"[{""storage"": ""carry-on"", ""weight"": 3.67, ""height"": 33.15, ""width"": 26.25, ""depth"": 17.26, ""unit"": ""cm""}, {""storage"": ""personal"", ""weight"": 0.81, ""height"": 22.07, ""width"": 24.24, ""depth"": 11.01, ""unit"": ""cm""}]",True,All luggage complies with the policy.,,0
Economy,infant,"[{""storage"": ""checked"", ""weight"": 47.93, ""height"": 31.61, ""width"": 15.77, ""depth"": 42.83, ""unit"": ""cm""}, {""storage"": ""carry-on"", ""weight"": 10.08, ""height"": 3.55, ""width"": 47.32, ""depth"": 9.65, ""unit"": ""cm""}, {""storage"": ""carry-on"", ""weight"": 0.25, ""height"": 75.44, ""width"": 78.9, ""depth"": 31.41, ""unit"": ""cm""}, {""storage"": ""carry-on"", ""weight"": 4.2, ""height"": 55.34, ""width"": 68.73, ""depth"": 42.21, ""unit"": ""cm""}, {""storage"": ""personal"", ""weight"": 9.87, ""height"": 3.64, ""width"": 54.47, ""depth"": 7.44, ""unit"": ""cm""}]",False,"Carry-on: 2 bag(s) exceed quantity allowance, transferred to cargo; Total weight 19.95kg exceeds 7kg limit, all carry-on items transferred to cargo. Total fees: €375 | Checked: The following items must be shipped as cargo: Bag 1: weight 47.93kg exceeds 32kg limit. Total fees: €75 (cargo shipping costs not included - please contact cargo department). Consider splitting items or reducing weight/size to avoid cargo shipping.","[{""storage"": ""carry-on"", ""weight"": 0.25, ""height"": 75.44, ""width"": 78.9, ""depth"": 31.41, ""unit"": ""cm""}, {""storage"": ""carry-on"", ""weight"": 4.2, ""height"": 55.34, ""width"": 68.73, ""depth"": 42.21, ""unit"": ""cm""}, {""storage"": ""carry-on"", ""weight"": 10.08, ""height"": 3.55, ""width"": 47.32, ""depth"": 9.65, ""unit"": ""cm""}, {""storage"": ""personal"", ""weight"": 9.87, ""height"": 3.64, ""width"": 54.47, ""depth"": 7.44, ""unit"": ""cm""}, {""storage"": ""checked"", ""weight"": 47.93, ""height"": 31.61, ""width"": 15.77, ""depth"": 42.83, ""unit"": ""cm""}]",450
Business,adult,"[{""storage"": ""personal"", ""weight"": 4.74, ""height"": 23.8, ""width"": 25.76, ""depth"": 13.46, ""unit"": ""cm""}, {""storage"": ""checked"", ""weight"": 19.05, ""height"": 48.2, ""width"": 40.46, ""depth"": 45.32, ""unit"": ""cm""}, {""storage"": ""checked"", ""weight"": 8.91, ""height"": 57.96, ""width"": 51.06, ""depth"": 25.22, ""unit"": ""cm""}]",True,All luggage complies with the policy.,,0
First,child,"[{""storage"": ""personal"", ""weight"": 13.98, ""height"": 78.19, ""width"": 50.85, ""depth"": 10.73, ""unit"": ""cm""}, {""storage"": ""personal"", ""weight"": 6.03, ""height"": 82.01, ""width"": 29.15, ""depth"": 35.11, ""unit"": ""cm""}, {""storage"": ""checked"", ""weight"": 1.36, ""height"": 16.12, ""width"": 20.78, ""depth"": 39.78, ""unit"": ""cm""}, {""storage"": ""personal"", ""weight"": 12.24, ""height"": 41.67, ""width"": 61.23, ""depth"": 33.21, ""unit"": ""cm""}]",False,"Carry-on: Total weight 32.25kg exceeds 12kg limit, all carry-on items transferred to cargo. Total fees: €75","[{""storage"": ""personal"", ""weight"": 13.98, ""height"": 78.19, ""width"": 50.85, ""depth"": 10.73, ""unit"": ""cm""}, {""storage"": ""personal"", ""weight"": 6.03, ""height"": 82.01, ""width"": 29.15, ""depth"": 35.11, ""unit"": ""cm""}, {""storage"": ""personal"", ""weight"": 12.24, ""height"": 41.67, ""width"": 61.23, ""depth"": 33.21, ""unit"": ""cm""}]",75
First,infant,"[{""storage"": ""personal"", ""weight"": 9.25, ""height"": 22.21, ""width"": 24.39, ""depth"": 5.13, ""unit"": ""cm""}, {""storage"": ""checked"", ""weight"": 5.59, ""height"": 56.39, ""width"": 49.76, ""depth"": 22.1, ""unit"": ""cm""}, {""storage"": ""personal"", ""weight"": 7.74, ""height"": 68.5, ""width"": 16.76, ""depth"": 44.76, ""unit"": ""cm""}, {""storage"": ""carry-on"", ""weight"": 2.44, ""height"": 44.9, ""width"": 24.53, ""depth"": 22.48, ""unit"": ""cm""}, {""storage"": ""carry-on"", ""weight"": 13.73, ""height"": 16.37, ""width"": 74.35, ""depth"": 2.79, ""unit"": ""cm""}]",False,"Carry-on: 1 bag(s) exceed quantity allowance, transferred to cargo; Total weight 25.42kg exceeds 12kg limit, all carry-on items transferred to cargo. Total fees: €225","[{""storage"": ""personal"", ""weight"": 7.74, ""height"": 68.5, ""width"": 16.76, ""depth"": 44.76, ""unit"": ""cm""}, {""storage"": ""carry-on"", ""weight"": 2.44, ""height"": 44.9, ""width"": 24.53, ""depth"": 22.48, ""unit"": ""cm""}, {""storage"": ""carry-on"", ""weight"": 13.73, ""height"": 16.37, ""width"": 74.35, ""depth"": 2.79, ""unit"": ""cm""}, {""storage"": ""personal"", ""weight"": 9.25, ""height"": 22.21, ""width"": 24.39, ""depth"": 5.13, ""unit"": ""cm""}]",225
Business,infant,"[{""storage"": ""personal"", ""weight"": 9.59, ""height"": 79.92, ""width"": 60.59, ""depth"": 26.16, ""unit"": ""cm""}]",True,All luggage complies with the policy.,,0
Business,infant,"[{""storage"": ""personal"", ""weight"": 11.84, ""height"": 33.63, ""width"": 23.88, ""depth"": 14.41, ""unit"": ""cm""}]",True,All luggage complies with the policy.,,0
Business,infant,"[{""storage"": ""checked"", ""weight"": 4.49, ""height"": 15.18, ""width"": 37.91, ""depth"": 34.08, ""unit"": ""cm""}]",True,All luggage complies with the policy.,,0
First,adult,"[{""storage"": ""checked"", ""weight"": 44.07, ""height"": 81.3, ""width"": 26.48, ""depth"": 20.43, ""unit"": ""cm""}, {""storage"": ""carry-on"", ""weight"": 9.76, ""height"": 28.69, ""width"": 6.83, ""depth"": 31.32, ""unit"": ""cm""}, {""storage"": ""personal"", ""weight"": 1.55, ""height"": 8.51, ""width"": 68.79, ""depth"": 46.89, ""unit"": ""cm""}]",False,"Carry-on: 1 bag(s) exceed size limits, transferred to cargo. Total fees: €100 | Checked: The following items must be shipped as cargo: Bag 1: weight 44.07kg exceeds 32kg limit. Total fees: €75 (cargo shipping costs not included - please contact cargo department). Consider splitting items or reducing weight/size to avoid cargo shipping.","[{""storage"": ""carry-on"", ""weight"": 9.76, ""height"": 28.69, ""width"": 6.83, ""depth"": 31.32, ""unit"": ""cm""}, {""storage"": ""checked"", ""weight"": 44.07, ""height"": 81.3, ""width"": 26.48, ""depth"": 20.43, ""unit"": ""cm""}]",175
Business,child,"[{""storage"": ""carry-on"", ""weight"": 0.45, ""height"": 38.73, ""width"": 17.62, ""depth"": 9.72, ""unit"": ""cm""}, {""storage"": ""personal"", ""weight"": 1.59, ""height"": 29.76, ""width"": 27.0, ""depth"": 18.69, ""unit"": ""cm""}, {""storage"": ""checked"", ""weight"": 17.9, ""height"": 50.6, ""width"": 27.41, ""depth"": 42.34, ""unit"": ""cm""}, {""storage"": ""checked"", ""weight"": 23.84, ""height"": 47.35, ""width"": 45.91, ""depth"": 49.12, ""unit"": ""cm""}]",True,All luggage complies with the policy.,,0
Economy,infant,"[{""storage"": ""carry-on"", ""weight"": 12.74, ""height"": 56.86, ""width"": 4.6, ""depth"": 23.19, ""unit"": ""cm""}, {""storage"": ""personal"", ""weight"": 9.14, ""height"": 10.04, ""width"": 25.39, ""depth"": 5.78, ""unit"": ""cm""}]",False,"Carry-on: Total weight 21.880000000000003kg exceeds 7kg limit, all carry-on items transferred to cargo. Total fees: €75","[{""storage"": ""carry-on"", ""weight"": 12.74, ""height"": 56.86, ""width"": 4.6, ""depth"": 23.19, ""unit"": ""cm""}, {""storage"": ""personal"", ""weight"": 9.14, ""height"": 10.04, ""width"": 25.39, ""depth"": 5.78, ""unit"": ""cm""}]",75
First,adult,"[{""storage"": ""carry-on"", ""weight"": 2.78, ""height"": 98.73, ""width"": 35.64, ""depth"": 26.18, ""unit"": ""cm""}, {""storage"": ""personal"", ""weight"": 9.23, ""height"": 89.53, ""width"": 3.38, ""depth"": 30.01, ""unit"": ""cm""}, {""storage"": ""personal"", ""weight"": 14.18, ""height"": 41.53, ""width"": 21.35, ""depth"": 11.48, ""unit"": ""cm""}]",False,"Carry-on: Total weight 26.189999999999998kg exceeds 12kg limit, all carry-on items transferred to cargo. Total fees: €75","[{""storage"": ""carry-on"", ""weight"": 2.78, ""height"": 98.73, ""width"": 35.64, ""depth"": 26.18, ""unit"": ""cm""}, {""storage"": ""personal"", ""weight"": 9.23, ""height"": 89.53, ""width"": 3.38, ""depth"": 30.01, ""unit"": ""cm""}, {""storage"": ""personal"", ""weight"": 14.18, ""height"": 41.53, ""width"": 21.35, ""depth"": 11.48, ""unit"": ""cm""}]",75
Business,child,"[{""storage"": ""personal"", ""weight"": 2.39, ""height"": 13.16, ""width"": 8.96, ""depth"": 6.89, ""unit"": ""cm""}, {""storage"": ""checked"", ""weight"": 0.39, ""height"": 38.06, ""width"": 47.09, ""depth"": 41.19, ""unit"": ""cm""}]",True,All luggage complies with the policy.,,0
First,infant,"[{""storage"": ""carry-on"", ""weight"": 14.55, ""height"": 58.87, ""width"": 30.86, ""depth"": 7.59, ""unit"": ""cm""}, {""storage"": ""checked"", ""weight"": 3.93, ""height"": 3.66, ""width"": 16.94, ""depth"": 33.48, ""unit"": ""cm""}, {""storage"": ""carry-on"", ""weight"": 14.45, ""height"": 5.11, ""width"": 5.92, ""depth"": 37.13, ""unit"": ""cm""}]",False,"Carry-on: Total weight 29.0kg exceeds 12kg limit, all carry-on items transferred to cargo. Total fees: €75","[{""storage"": ""carry-on"", ""weight"": 14.55, ""height"": 58.87, ""width"": 30.86, ""depth"": 7.59, ""unit"": ""cm""}, {""storage"": ""carry-on"", ""weight"": 14.45, ""height"": 5.11, ""width"": 5.92, ""depth"": 37.13, ""unit"": ""cm""}]",75
First,infant,"[{""storage"": ""personal"", ""weight"": 0.26, ""height"": 12.05, ""width"": 28.79, ""depth"": 14.99, ""unit"": ""cm""}, {""storage"": ""checked"", ""weight"": 21.34, ""height"": 21.11, ""width"": 56.61, ""depth"": 36.93, ""unit"": ""cm""}]",True,All luggage complies with the policy.,,0
Economy,adult,"[{""storage"": ""checked"", ""weight"": 27.44, ""height"": 42.78, ""width"": 29.35, ""depth"": 6.25, ""unit"": ""cm""}, {""storage"": ""carry-on"", ""weight"": 6.97, ""height"": 17.09, ""width"": 14.06, ""depth"": 47.83, ""unit"": ""cm""}, {""storage"": ""personal"", ""weight"": 10.07, ""height"": 59.58, ""width"": 50.23, ""depth"": 46.13, ""unit"": ""cm""}, {""storage"": ""checked"", ""weight"": 27.23, ""height"": 62.04, ""width"": 61.27, ""depth"": 2.49, ""unit"": ""cm""}]",False,"Carry-on: Total weight 17.04kg exceeds 7kg limit, all carry-on items transferred to cargo. Total fees: €75 | Checked: Checked luggage complies with the policy.","[{""storage"": ""carry-on"", ""weight"": 6.97, ""height"": 17.09, ""width"": 14.06, ""depth"": 47.83, ""unit"": ""cm""}, {""storage"": ""personal"", ""weight"": 10.07, ""height"": 59.58, ""width"": 50.23, ""depth"": 46.13, ""unit"": ""cm""}]",375
First,adult,"[{""storage"": ""checked"", ""weight"": 35.82, ""height"": 62.77, ""width"": 0.78, ""depth"": 32.64, ""unit"": ""cm""}, {""storage"": ""checked"", ""weight"": 13.17, ""height"": 53.31, ""width"": 35.72, ""depth"": 47.38, ""unit"": ""cm""}, {""storage"": ""carry-on"", ""weight"": 10.57, ""height"": 62.02, ""width"": 63.77, ""depth"": 1.41, ""unit"": ""cm""}]",False,"Carry-on: 1 bag(s) exceed size limits, transferred to cargo. Total fees: €100 | Checked: The following items must be shipped as cargo: Bag 1: weight 35.82kg exceeds 32kg limit. Total fees: €75 (cargo shipping costs not included - please contact cargo department). Consider splitting items or reducing weight/size to avoid cargo shipping.","[{""storage"": ""carry-on"", ""weight"": 10.57, ""height"": 62.02, ""width"": 63.77, ""depth"": 1.41, ""unit"": ""cm""}, {""storage"": ""checked"", ""weight"": 35.82, ""height"": 62.77, ""width"": 0.78, ""depth"": 32.64, ""unit"": ""cm""}]",175
Business,adult,"[{""storage"": ""carry-on"", ""weight"": 0.68, ""height"": 12.03, ""width"": 4.3, ""depth"": 12.23, ""unit"": ""cm""}, {""storage"": ""carry-on"", ""weight"": 3.79, ""height"": 3.14, ""width"": 36.71, ""depth"": 9.94, ""unit"": ""cm""}, {""storage"": ""personal"", ""weight"": 0.52, ""height"": 12.94, ""width"": 12.23, ""depth"": 2.18, ""unit"": ""cm""}]",True,All luggage complies with the policy.,,0
Economy,infant,"[{""storage"": ""carry-on"", ""weight"": 1.88, ""height"": 29.34, ""width"": 11.62, ""depth"": 3.63, ""unit"": ""cm""}, {""storage"": ""personal"", ""weight"": 4.98, ""height"": 32.62, ""width"": 22.24, ""depth"": 12.0, ""unit"": ""cm""}, {""storage"": ""checked"", ""weight"": 0.93, ""height"": 51.22, ""width"": 21.1, ""depth"": 32.21, ""unit"": ""cm""}]",True,All luggage complies with the policy.,,0
Business,child,"[{""storage"": ""personal"", ""weight"": 14.82, ""height"": 3.8, ""width"": 47.83, ""depth"": 15.45, ""unit"": ""cm""}, {""storage"": ""carry-on"", ""weight"": 13.19, ""height"": 1.52, ""width"": 74.11, ""depth"": 44.31, ""unit"": ""cm""}, {""storage"": ""personal"", ""weight"": 8.38, ""height"": 62.14, ""width"": 13.53, ""depth"": 42.27, ""unit"": ""cm""}]",False,"Carry-on: Total weight 36.39kg exceeds 12kg limit, all carry-on items transferred to cargo. Total fees: €75","[{""storage"": ""carry-on"", ""weight"": 13.19, ""height"": 1.52, ""width"": 74.11, ""depth"": 44.31, ""unit"": ""cm""}, {""storage"": ""personal"", ""weight"": 14.82, ""height"": 3.8, ""width"": 47.83, ""depth"": 15.45, ""unit"": ""cm""}, {""storage"": ""personal"", ""weight"": 8.38, ""height"": 62.14, ""width"": 13.53, ""depth"": 42.27, ""unit"": ""cm""}]",75
Economy,infant,"[{""storage"": ""personal"", ""weight"": 8.87, ""height"": 71.12, ""width"": 44.97, ""depth"": 21.36, ""unit"": ""cm""}, {""storage"": ""personal"", ""weight"": 4.27, ""height"": 45.34, ""width"": 25.41, ""depth"": 47.88, ""unit"": ""cm""}, {""storage"": ""personal"", ""weight"": 10.6, ""height"": 83.49, ""width"": 57.39, ""depth"": 47.93, ""unit"": ""cm""}]",False,"Carry-on: 2 bag(s) exceed quantity allowance, transferred to cargo; Total weight 8.87kg exceeds 7kg limit, all carry-on items transferred to cargo. Total fees: €375","[{""storage"": ""personal"", ""weight"": 4.27, ""height"": 45.34, ""width"": 25.41, ""depth"": 47.88, ""unit"": ""cm""}, {""storage"": ""personal"", ""weight"": 10.6, ""height"": 83.49, ""width"": 57.39, ""depth"": 47.93, ""unit"": ""cm""}, {""storage"": ""personal"", ""weight"": 8.87, ""height"": 71.12, ""width"": 44.97, ""depth"": 21.36, ""unit"": ""cm""}]",375
Business,adult,"[{""storage"": ""checked"", ""weight"": 33.83, ""height"": 42.56, ""width"": 33.67, ""depth"": 27.69, ""unit"": ""cm""}, {""storage"": ""carry-on"", ""weight"": 8.69, ""height"": 57.76, ""width"": 67.56, ""depth"": 20.04, ""unit"": ""cm""}, {""storage"": ""checked"", ""weight"": 12.29, ""height"": 0.58, ""width"": 35.03, ""depth"": 24.4, ""unit"": ""cm""}, {""storage"": ""personal"", ""weight"": 13.97, ""height"": 72.27, ""width"": 37.32, ""depth"": 4.99, ""unit"": ""cm""}, {""storage"": ""carry-on"", ""weight"": 3.08, ""height"": 58.97, ""width"": 39.77, ""depth"": 47.18, ""unit"": ""cm""}]",False,"Carry-on: Total weight 25.740000000000002kg exceeds 12kg limit, all carry-on items transferred to cargo. Total fees: €75 | Checked: The following items must be shipped as cargo: Bag 1: weight 33.83kg exceeds 32kg limit. Total fees: €75 (cargo shipping costs not included - please contact cargo department). Consider splitting items or reducing weight/size to avoid cargo shipping.","[{""storage"": ""carry-on"", ""weight"": 8.69, ""height"": 57.76, ""width"": 67.56, ""depth"": 20.04, ""unit"": ""cm""}, {""storage"": ""carry-on"", ""weight"": 3.08, ""height"": 58.97, ""width"": 39.77, ""depth"": 47.18, ""unit"": ""cm""}, {""storage"": ""personal"", ""weight"": 13.97, ""height"": 72.27, ""width"": 37.32, ""depth"": 4.99, ""unit"": ""cm""}, {""storage"": ""checked"", ""weight"": 33.83, ""height"": 42.56, ""width"": 33.67, ""depth"": 27.69, ""unit"": ""cm""}]",150
Economy,child,"[{""storage"": ""personal"", ""weight"": 3.64, ""height"": 14.31, ""width"": 18.87, ""depth"": 0.99, ""unit"": ""cm""}]",True,All luggage complies with the policy.,,0
First,infant,"[{""storage"": ""personal"", ""weight"": 3.43, ""height"": 20.46, ""width"": 24.0, ""depth"": 1.26, ""unit"": ""cm""}, {""storage"": ""checked"", ""weight"": 3.06, ""height"": 38.24, ""width"": 20.95, ""depth"": 43.82, ""unit"": ""cm""}]",True,All luggage complies with the policy.,,0
First,adult,"[{""storage"": ""carry-on"", ""weight"": 6.53, ""height"": 25.72, ""width"": 14.01, ""depth"": 2.34, ""unit"": ""cm""}, {""storage"": ""personal"", ""weight"": 4.05, ""height"": 6.54, ""width"": 20.25, ""depth"": 7.27, ""unit"": ""cm""}, {""storage"": ""checked"", ""weight"": 13.13, ""height"": 55.89, ""width"": 43.01, ""depth"": 25.71, ""unit"": ""cm""}, {""storage"": ""checked"", ""weight"": 21.09, ""height"": 42.95, ""width"": 33.56, ""depth"": 42.7, ""unit"": ""cm""}, {""storage"": ""checked"", ""weight"": 23.68, ""height"": 35.66, ""width"": 34.77, ""depth"": 49.71, ""unit"": ""cm""}]",True,All luggage complies with the policy.,,0
First,infant,"[{""storage"": ""carry-on"", ""weight"": 4.3, ""height"": 9.55, ""width"": 28.88, ""depth"": 0.39, ""unit"": ""cm""}, {""storage"": ""carry-on"", ""weight"": 2.22, ""height"": 47.97, ""width"": 12.54, ""depth"": 22.94, ""unit"": ""cm""}, {""storage"": ""personal"", ""weight"": 2.32, ""height"": 36.76, ""width"": 7.85, ""depth"": 5.23, ""unit"": ""cm""}, {""storage"": ""checked"", ""weight"": 25.78, ""height"": 25.83, ""width"": 26.75, ""depth"": 32.06, ""unit"": ""cm""}]",True,All luggage complies with the policy.,,0
Economy,adult,"[{""storage"": ""personal"", ""weight"": 14.83, ""height"": 19.41, ""width"": 63.89, ""depth"": 22.82, ""unit"": ""cm""}, {""storage"": ""checked"", ""weight"": 24.81, ""height"": 53.99, ""width"": 33.61, ""depth"": 32.65, ""unit"": ""cm""}]",False,"Carry-on: Total weight 14.83kg exceeds 7kg limit, all carry-on items transferred to cargo. Total fees: €75 | Checked: Checked luggage complies with the policy.","[{""storage"": ""personal"", ""weight"": 14.83, ""height"": 19.41, ""width"": 63.89, ""depth"": 22.82, ""unit"": ""cm""}]",150
First,child,"[{""storage"": ""carry-on"", ""weight"": 3.16, ""height"": 41.19, ""width"": 26.76, ""depth"": 14.13, ""unit"": ""cm""}, {""storage"": ""carry-on"", ""weight"": 0.5, ""height"": 15.8, ""width"": 62.69, ""depth"": 17.71, ""unit"": ""cm""}]",False,"Carry-on: 1 bag(s) exceed size limits, transferred to cargo. Total fees: €100","[{""storage"": ""carry-on"", ""weight"": 0.5, ""height"": 15.8, ""width"": 62.69, ""depth"": 17.71, ""unit"": ""cm""}]",100
First,infant,"[{""storage"": ""carry-on"", ""weight"": 2.1, ""height"": 32.22, ""width"": 12.25, ""depth"": 1.54, ""unit"": ""cm""}, {""storage"": ""carry-on"", ""weight"": 0.37, ""height"": 29.96, ""width"": 35.53, ""depth"": 10.17, ""unit"": ""cm""}, {""storage"": ""personal"", ""weight"": 5.84, ""height"": 29.22, ""width"": 5.81, ""depth"": 4.14, ""unit"": ""cm""}]",True,All luggage complies with the policy.,,0
First,adult,"[{""storage"": ""personal"", ""weight"": 8.39, ""height"": 21.23, ""width"": 16.35, ""depth"": 8.47, ""unit"": ""cm""}, {""storage"": ""checked"", ""weight"": 24.45, ""height"": 69.26, ""width"": 38.84, ""depth"": 35.72, ""unit"": ""cm""}, {""storage"": ""checked"", ""weight"": 2.11, ""height"": 59.76, ""width"": 27.66, ""depth"": 45.41, ""unit"": ""cm""}]",True,All luggage complies with the policy.,,0
First,infant,"[{""storage"": ""checked"", ""weight"": 33.15, ""height"": 99.46, ""width"": 12.38, ""depth"": 30.23, ""unit"": ""cm""}]",False,Checked: The following items must be shipped as cargo: Bag 1: weight 33.15kg exceeds 32kg limit. Total fees: €75 (cargo shipping costs not included - please contact cargo department). Consider splitting items or reducing weight/size to avoid cargo shipping.,"[{""storage"": ""checked"", ""weight"": 33.15, ""height"": 99.46, ""width"": 12.38, ""depth"": 30.23, ""unit"": ""cm""}]",75
Business,adult,"[{""storage"": ""carry-on"", ""weight"": 1.41, ""height"": 74.12, ""width"": 48.59, ""depth"": 21.52, ""unit"": ""cm""}]",False,"Carry-on: 1 bag(s) exceed size limits, transferred to cargo. Total fees: €100","[{""storage"": ""carry-on"", ""weight"": 1.41, ""height"": 74.12, ""width"": 48.59, ""depth"": 21.52, ""unit"": ""cm""}]",100
Economy,adult,"[{""storage"": ""carry-on"", ""weight"": 7.36, ""height"": 85.29, ""width"": 62.72, ""depth"": 47.13, ""unit"": ""cm""}, {""storage"": ""carry-on"", ""weight"": 0.16, ""height"": 48.89, ""width"": 23.16, ""depth"": 7.29, ""unit"": ""cm""}, {""storage"": ""carry-on"", ""weight"": 12.66, ""height"": 21.14, ""width"": 31.79, ""depth"": 30.2, ""unit"": ""cm""}, {""storage"": ""carry-on"", ""weight"": 1.42, ""height"": 23.97, ""width"": 42.03, ""depth"": 20.96, ""unit"": ""cm""}]",False,"Carry-on: 2 bag(s) exceed quantity allowance, transferred to cargo; Total weight 7.5200000000000005kg exceeds 7kg limit, all carry-on items transferred to cargo. Total fees: €375","[{""storage"": ""carry-on"", ""weight"": 12.66, ""height"": 21.14, ""width"": 31.79, ""depth"": 30.2, ""unit"": ""cm""}, {""storage"": ""carry-on"", ""weight"": 1.42, ""height"": 23.97, ""width"": 42.03, ""depth"": 20.96, ""unit"": ""cm""}, {""storage"": ""carry-on"", ""weight"": 7.36, ""height"": 85.29, ""width"": 62.72, ""depth"": 47.13, ""unit"": ""cm""}, {""storage"": ""carry-on"", ""weight"": 0.16, ""height"": 48.89, ""width"": 23.16, ""depth"": 7.29, ""unit"": ""cm""}]",375
Business,child,"[{""storage"": ""carry-on"", ""weight"": 14.23, ""height"": 96.49, ""width"": 73.17, ""depth"": 13.97, ""unit"": ""cm""}, {""storage"": ""carry-on"", ""weight"": 8.9, ""height"": 56.46, ""width"": 16.1, ""depth"": 3.66, ""unit"": ""cm""}, {""storage"": ""checked"", ""weight"": 5.59, ""height"": 67.94, ""width"": 64.96, ""depth"": 49.76, ""unit"": ""cm""}]",False,"Carry-on: Total weight 23.130000000000003kg exceeds 12kg limit, all carry-on items transferred to cargo. Total fees: €75 | Checked: Checked luggage complies with the policy.","[{""storage"": ""carry-on"", ""weight"": 14.23, ""height"": 96.49, ""width"": 73.17, ""depth"": 13.97, ""unit"": ""cm""}, {""storage"": ""carry-on"", ""weight"": 8.9, ""height"": 56.46, ""width"": 16.1, ""depth"": 3.66, ""unit"": ""cm""}]",175
First,adult,"[{""storage"": ""carry-on"", ""weight"": 2.18, ""height"": 57.02, ""width"": 61.68, ""depth"": 26.39, ""unit"": ""cm""}, {""storage"": ""carry-on"", ""weight"": 12.81, ""height"": 97.93, ""width"": 54.12, ""depth"": 49.17, ""unit"": ""cm""}]",False,"Carry-on: Total weight 14.99kg exceeds 12kg limit, all carry-on items transferred to cargo. Total fees: €75","[{""storage"": ""carry-on"", ""weight"": 2.18, ""height"": 57.02, ""width"": 61.68, ""depth"": 26.39, ""unit"": ""cm""}, {""storage"": ""carry-on"", ""weight"": 12.81, ""height"": 97.93, ""width"": 54.12, ""depth"": 49.17, ""unit"": ""cm""}]",75
Economy,infant,"[{""storage"": ""carry-on"", ""weight"": 5.84, ""height"": 48.07, ""width"": 17.14, ""depth"": 0.08, ""unit"": ""cm""}, {""storage"": ""carry-on"", ""weight"": 6.28, ""height"": 0.24, ""width"": 50.91, ""depth"": 29.79, ""unit"": ""cm""}, {""storage"": ""checked"", ""weight"": 0.4, ""height"": 4.62, ""width"": 40.92, ""depth"": 42.38, ""unit"": ""cm""}, {""storage"": ""carry-on"", ""weight"": 1.18, ""height"": 75.18, ""width"": 6.67, ""depth"": 27.48, ""unit"": ""cm""}, {""storage"": ""carry-on"", ""weight"": 8.56, ""height"": 55.12, ""width"": 27.46, ""depth"": 24.3, ""unit"": ""cm""}]",False,"Carry-on: 2 bag(s) exceed quantity allowance, transferred to cargo; Total weight 12.120000000000001kg exceeds 7kg limit, all carry-on items transferred to cargo. Total fees: €375","[{""storage"": ""carry-on"", ""weight"": 1.18, ""height"": 75.18, ""width"": 6.67, ""depth"": 27.48, ""unit"": ""cm""}, {""storage"": ""carry-on"", ""weight"": 8.56, ""height"": 55.12, ""width"": 27.46, ""depth"": 24.3, ""unit"": ""cm""}, {""storage"": ""carry-on"", ""weight"": 5.84, ""height"": 48.07, ""width"": 17.14, ""depth"": 0.08, ""unit"": ""cm""}, {""storage"": ""carry-on"", ""weight"": 6.28, ""height"": 0.24, ""width"": 50.91, ""depth"": 29.79, ""unit"": ""cm""}]",375
First,infant,"[{""storage"": ""carry-on"", ""weight"": 1.13, ""height"": 38.47, ""width"": 44.22, ""depth"": 45.08, ""unit"": ""cm""}, {""storage"": ""carry-on"", ""weight"": 13.64, ""height"": 91.7, ""width"": 65.61, ""depth"": 20.01, ""unit"": ""cm""}, {""storage"": ""personal"", ""weight"": 8.06, ""height"": 47.25, ""width"": 59.04, ""depth"": 40.41, ""unit"": ""cm""}]",False,"Carry-on: Total weight 22.83kg exceeds 12kg limit, all carry-on items transferred to cargo. Total fees: €75","[{""storage"": ""carry-on"", ""weight"": 1.13, ""height"": 38.47, ""width"": 44.22, ""depth"": 45.08, ""unit"": ""cm""}, {""storage"": ""carry-on"", ""weight"": 13.64, ""height"": 91.7, ""width"": 65.61, ""depth"": 20.01, ""unit"": ""cm""}, {""storage"": ""personal"", ""weight"": 8.06, ""height"": 47.25, ""width"": 59.04, ""depth"": 40.41, ""unit"": ""cm""}]",75
First,adult,"[{""storage"": ""carry-on"", ""weight"": 10.32, ""height"": 7.35, ""width"": 74.08, ""depth"": 9.03, ""unit"": ""cm""}, {""storage"": ""personal"", ""weight"": 6.17, ""height"": 89.16, ""width"": 42.46, ""depth"": 21.63, ""unit"": ""cm""}, {""storage"": ""checked"", ""weight"": 33.12, ""height"": 98.02, ""width"": 33.27, ""depth"": 16.34, ""unit"": ""cm""}, {""storage"": ""checked"", ""weight"": 34.99, ""height"": 49.23, ""width"": 57.82, ""depth"": 19.86, ""unit"": ""cm""}]",False,"Carry-on: Total weight 16.490000000000002kg exceeds 12kg limit, all carry-on items transferred to cargo. Total fees: €75 | Checked: The following items must be shipped as cargo: Bag 1: weight 33.12kg exceeds 32kg limit; Bag 2: weight 34.99kg exceeds 32kg limit. Total fees: €150 (cargo shipping costs not included - please contact cargo department). Consider splitting items or reducing weight/size to avoid cargo shipping.","[{""storage"": ""carry-on"", ""weight"": 10.32, ""height"": 7.35, ""width"": 74.08, ""depth"": 9.03, ""unit"": ""cm""}, {""storage"": ""personal"", ""weight"": 6.17, ""height"": 89.16, ""width"": 42.46, ""depth"": 21.63, ""unit"": ""cm""}, {""storage"": ""checked"", ""weight"": 33.12, ""height"": 98.02, ""width"": 33.27, ""depth"": 16.34, ""unit"": ""cm""}, {""storage"": ""checked"", ""weight"": 34.99, ""height"": 49.23, ""width"": 57.82, ""depth"": 19.86, ""unit"": ""cm""}]",225
Business,child,"[{""storage"": ""personal"", ""weight"": 13.25, ""height"": 31.7, ""width"": 64.85, ""depth"": 30.34, ""unit"": ""cm""}, {""storage"": ""carry-on"", ""weight"": 13.68, ""height"": 6.32, ""width"": 50.63, ""depth"": 45.2, ""unit"": ""cm""}, {""storage"": ""checked"", ""weight"": 40.73, ""height"": 7.44, ""width"": 2.35, ""depth"": 43.39, ""unit"": ""cm""}, {""storage"": ""checked"", ""weight"": 23.26, ""height"": 73.56, ""width"": 24.07, ""depth"": 33.91, ""unit"": ""cm""}, {""storage"": ""personal"", ""weight"": 8.72, ""height"": 76.74, ""width"": 23.46, ""depth"": 8.28, ""unit"": ""cm""}]",False,"Carry-on: Total weight 35.65kg exceeds 12kg limit, all carry-on items transferred to cargo. Total fees: €75 | Checked: The following items must be shipped as cargo: Bag 1: weight 40.73kg exceeds 32kg limit. Total fees: €75 (cargo shipping costs not included - please contact cargo department). Consider splitting items or reducing weight/size to avoid cargo shipping.","[{""storage"": ""carry-on"", ""weight"": 13.68, ""height"": 6.32, ""width"": 50.63, ""depth"": 45.2, ""unit"": ""cm""}, {""storage"": ""personal"", ""weight"": 13.25, ""height"": 31.7, ""width"": 64.85, ""depth"": 30.34, ""unit"": ""cm""}, {""storage"": ""personal"", ""weight"": 8.72, ""height"": 76.74, ""width"": 23.46, ""depth"": 8.28, ""unit"": ""cm""}, {""storage"": ""checked"", ""weight"": 40.73, ""height"": 7.44, ""width"": 2.35, ""depth"": 43.39, ""unit"": ""cm""}]",150
Economy,infant,"[{""storage"": ""checked"", ""weight"": 30.79, ""height"": 51.74, ""width"": 45.55, ""depth"": 20.48, ""unit"": ""cm""}, {""storage"": ""checked"", ""weight"": 19.01, ""height"": 98.98, ""width"": 14.98, ""depth"": 28.35, ""unit"": ""cm""}, {""storage"": ""carry-on"", ""weight"": 4.29, ""height"": 58.72, ""width"": 11.52, ""depth"": 47.02, ""unit"": ""cm""}]",False,"Carry-on: 1 bag(s) exceed size limits, transferred to cargo. Total fees: €100 | Checked: Checked luggage complies with the policy.","[{""storage"": ""carry-on"", ""weight"": 4.29, ""height"": 58.72, ""width"": 11.52, ""depth"": 47.02, ""unit"": ""cm""}]",325
Business,child,"[{""storage"": ""checked"", ""weight"": 27.13, ""height"": 97.89, ""width"": 23.08, ""depth"": 48.13, ""unit"": ""cm""}, {""storage"": ""checked"", ""weight"": 41.25, ""height"": 0.36, ""width"": 8.69, ""depth"": 35.73, ""unit"": ""cm""}, {""storage"": ""carry-on"", ""weight"": 13.9, ""height"": 18.21, ""width"": 17.15, ""depth"": 28.61, ""unit"": ""cm""}, {""storage"": ""checked"", ""weight"": 43.2, ""height"": 49.71, ""width"": 54.29, ""depth"": 7.95, ""unit"": ""cm""}]",False,"Carry-on: Total weight 13.9kg exceeds 12kg limit, all carry-on items transferred to cargo. Total fees: €75 | Checked: The following items must be shipped as cargo: Bag 2: weight 41.25kg exceeds 32kg limit; Bag 3: weight 43.2kg exceeds 32kg limit. Total fees: €400 (cargo shipping costs not included - please contact cargo department). Consider splitting items or reducing weight/size to avoid cargo shipping.","[{""storage"": ""carry-on"", ""weight"": 13.9, ""height"": 18.21, ""width"": 17.15, ""depth"": 28.61, ""unit"": ""cm""}, {""storage"": ""checked"", ""weight"": 41.25, ""height"": 0.36, ""width"": 8.69, ""depth"": 35.73, ""unit"": ""cm""}, {""storage"": ""checked"", ""weight"": 43.2, ""height"": 49.71, ""width"": 54.29, ""depth"": 7.95, ""unit"": ""cm""}]",475
Economy,adult,"[{""storage"": ""carry-on"", ""weight"": 11.34, ""height"": 37.62, ""width"": 77.48, ""depth"": 0.38, ""unit"": ""cm""}, {""storage"": ""checked"", ""weight"": 15.24, ""height"": 70.99, ""width"": 19.32, ""depth"": 46.85, ""unit"": ""cm""}, {""storage"": ""carry-on"", ""weight"": 6.23, ""height"": 75.98, ""width"": 47.59, ""depth"": 29.9, ""unit"": ""cm""}]",False,"Carry-on: Total weight 17.57kg exceeds 7kg limit, all carry-on items transferred to cargo. Total fees: €75","[{""storage"": ""carry-on"", ""weight"": 11.34, ""height"": 37.62, ""width"": 77.48, ""depth"": 0.38, ""unit"": ""cm""}, {""storage"": ""carry-on"", ""weight"": 6.23, ""height"": 75.98, ""width"": 47.59, ""depth"": 29.9, ""unit"": ""cm""}]",75
First,infant,"[{""storage"": ""personal"", ""weight"": 8.42, ""height"": 76.73, ""width"": 51.29, ""depth"": 48.84, ""unit"": ""cm""}, {""storage"": ""carry-on"", ""weight"": 11.22, ""height"": 10.8, ""width"": 67.54, ""depth"": 24.7, ""unit"": ""cm""}, {""storage"": ""personal"", ""weight"": 5.63, ""height"": 76.62, ""width"": 63.97, ""depth"": 6.1, ""unit"": ""cm""}, {""storage"": ""checked"", ""weight"": 35.31, ""height"": 78.14, ""width"": 67.4, ""depth"": 15.61, ""unit"": ""cm""}]",False,"Carry-on: Total weight 25.27kg exceeds 12kg limit, all carry-on items transferred to cargo. Total fees: €75 | Checked: The following items must be shipped as cargo: Bag 1: weight 35.31kg exceeds 32kg limit. Total fees: €175 (cargo shipping costs not included - please contact cargo department). Consider splitting items or reducing weight/size to avoid cargo shipping.","[{""storage"": ""carry-on"", ""weight"": 11.22, ""height"": 10.8, ""width"": 67.54, ""depth"": 24.7, ""unit"": ""cm""}, {""storage"": ""personal"", ""weight"": 8.42, ""height"": 76.73, ""width"": 51.29, ""depth"": 48.84, ""unit"": ""cm""}, {""storage"": ""personal"", ""weight"": 5.63, ""height"": 76.62, ""width"": 63.97, ""depth"": 6.1, ""unit"": ""cm""}, {""storage"": ""checked"", ""weight"": 35.31, ""height"": 78.14, ""width"": 67.4, ""depth"": 15.61, ""unit"": ""cm""}]",250
Economy,adult,"[{""storage"": ""checked"", ""weight"": 27.15, ""height"": 48.36, ""width"": 1.43, ""depth"": 43.89, ""unit"": ""cm""}]",False,Checked: Checked luggage complies with the policy.,,75
Business,adult,"[{""storage"": ""carry-on"", ""weight"": 10.24, ""height"": 9.24, ""width"": 21.49, ""depth"": 12.34, ""unit"": ""cm""}, {""storage"": ""personal"", ""weight"": 0.14, ""height"": 39.73, ""width"": 9.94, ""depth"": 18.96, ""unit"": ""cm""}, {""storage"": ""checked"", ""weight"": 26.94, ""height"": 44.78, ""width"": 55.24, ""depth"": 22.82, ""unit"": ""cm""}]",True,All luggage complies with the policy.,,0
Business,child,"[{""storage"": ""carry-on"", ""weight"": 2.96, ""height"": 35.11, ""width"": 2.72, ""depth"": 1.08, ""unit"": ""cm""}, {""storage"": ""carry-on"", ""weight"": 0.86, ""height"": 1.4, ""width"": 16.28, ""depth"": 8.97, ""unit"": ""cm""}, {""storage"": ""personal"", ""weight"": 7.67, ""height"": 30.64, ""width"": 6.24, ""depth"": 18.04, ""unit"": ""cm""}, {""storage"": ""checked"", ""weight"": 24.7, ""height"": 55.69, ""width"": 46.26, ""depth"": 44.58, ""unit"": ""cm""}]",True,All luggage complies with the policy.,,0
First,adult,"[{""storage"": ""carry-on"", ""weight"": 2.39, ""height"": 89.27, ""width"": 67.42, ""depth"": 17.63, ""unit"": ""cm""}, {""storage"": ""carry-on"", ""weight"": 6.95, ""height"": 71.23, ""width"": 79.45, ""depth"": 3.53, ""unit"": ""cm""}, {""storage"": ""checked"", ""weight"": 0.31, ""height"": 54.77, ""width"": 39.63, ""depth"": 14.08, ""unit"": ""cm""}]",False,"Carry-on: 2 bag(s) exceed size limits, transferred to cargo. Total fees: €200","[{""storage"": ""carry-on"", ""weight"": 2.39, ""height"": 89.27, ""width"": 67.42, ""depth"": 17.63, ""unit"": ""cm""}, {""storage"": ""carry-on"", ""weight"": 6.95, ""height"": 71.23, ""width"": 79.45, ""depth"": 3.53, ""unit"": ""cm""}]",200
Economy,infant,"[{""storage"": ""personal"", ""weight"": 5.3, ""height"": 39.09, ""width"": 14.2, ""depth"": 7.14, ""unit"": ""cm""}]",True,All luggage complies with the policy.,,0
Business,infant,"[{""storage"": ""checked"", ""weight"": 16.02, ""height"": 92.71, ""width"": 14.66, ""depth"": 22.89, ""unit"": ""cm""}, {""storage"": ""personal"", ""weight"": 5.52, ""height"": 28.34, ""width"": 32.06, ""depth"": 41.21, ""unit"": ""cm""}, {""storage"": ""personal"", ""weight"": 3.23, ""height"": 8.62, ""width"": 74.79, ""depth"": 22.67, ""unit"": ""cm""}, {""storage"": ""personal"", ""weight"": 8.33, ""height"": 15.05, ""width"": 21.27, ""depth"": 36.1, ""unit"": ""cm""}, {""storage"": ""personal"", ""weight"": 11.23, ""height"": 32.12, ""width"": 48.72, ""depth"": 1.35, ""unit"": ""cm""}]",False,"Carry-on: 3 bag(s) exceed quantity allowance, transferred to cargo. Total fees: €450","[{""storage"": ""personal"", ""weight"": 3.23, ""height"": 8.62, ""width"": 74.79, ""depth"": 22.67, ""unit"": ""cm""}, {""storage"": ""personal"", ""weight"": 8.33, ""height"": 15.05, ""width"": 21.27, ""depth"": 36.1, ""unit"": ""cm""}, {""storage"": ""personal"", ""weight"": 11.23, ""height"": 32.12, ""width"": 48.72, ""depth"": 1.35, ""unit"": ""cm""}]",450
Economy,child,"[{""storage"": ""carry-on"", ""weight"": 6.54, ""height"": 39.43, ""width"": 30.0, ""depth"": 19.46, ""unit"": ""cm""}, {""storage"": ""personal"", ""weight"": 0.32, ""height"": 0.39, ""width"": 29.73, ""depth"": 5.44, ""unit"": ""cm""}, {""storage"": ""checked"", ""weight"": 14.48, ""height"": 67.83, ""width"": 41.96, ""depth"": 39.81, ""unit"": ""cm""}]",True,All luggage complies with the policy.,,0
Business,child,"[{""storage"": ""checked"", ""weight"": 4.83, ""height"": 25.67, ""width"": 47.19, ""depth"": 27.66, ""unit"": ""cm""}]",True,All luggage complies with the policy.,,0
Economy,adult,"[{""storage"": ""personal"", ""weight"": 1.07, ""height"": 6.26, ""width"": 24.52, ""depth"": 5.69, ""unit"": ""cm""}]",True,All luggage complies with the policy.,,0
First,infant,"[{""storage"": ""checked"", ""weight"": 14.14, ""height"": 16.51, ""width"": 5.39, ""depth"": 19.8, ""unit"": ""cm""}]",True,All luggage complies with the policy.,,0
Business,infant,"[{""storage"": ""checked"", ""weight"": 37.65, ""height"": 85.87, ""width"": 43.68, ""depth"": 1.73, ""unit"": ""cm""}]",False,Checked: The following items must be shipped as cargo: Bag 1: weight 37.65kg exceeds 32kg limit. Total fees: €75 (cargo shipping costs not included - please contact cargo department). Consider splitting items or reducing weight/size to avoid cargo shipping.,"[{""storage"": ""checked"", ""weight"": 37.65, ""height"": 85.87, ""width"": 43.68, ""depth"": 1.73, ""unit"": ""cm""}]",75
First,infant,"[{""storage"": ""checked"", ""weight"": 9.38, ""height"": 20.03, ""width"": 32.63, ""depth"": 30.79, ""unit"": ""cm""}, {""storage"": ""checked"", ""weight"": 49.2, ""height"": 91.01, ""width"": 45.43, ""depth"": 42.08, ""unit"": ""cm""}, {""storage"": ""checked"", ""weight"": 28.68, ""height"": 21.59, ""width"": 42.68, ""depth"": 12.89, ""unit"": ""cm""}, {""storage"": ""carry-on"", ""weight"": 0.4, ""height"": 65.67, ""width"": 57.14, ""depth"": 6.49, ""unit"": ""cm""}]",False,"Carry-on: 1 bag(s) exceed size limits, transferred to cargo. Total fees: €100 | Checked: The following items must be shipped as cargo: Bag 2: weight 49.2kg exceeds 32kg limit. Total fees: €175 (cargo shipping costs not included - please contact cargo department). Consider splitting items or reducing weight/size to avoid cargo shipping.","[{""storage"": ""carry-on"", ""weight"": 0.4, ""height"": 65.67, ""width"": 57.14, ""depth"": 6.49, ""unit"": ""cm""}, {""storage"": ""checked"", ""weight"": 49.2, ""height"": 91.01, ""width"": 45.43, ""depth"": 42.08, ""unit"": ""cm""}]",275
Economy,adult,"[{""storage"": ""carry-on"", ""weight"": 1.39, ""height"": 26.92, ""width"": 62.75, ""depth"": 32.85, ""unit"": ""cm""}, {""storage"": ""personal"", ""weight"": 6.55, ""height"": 52.66, ""width"": 49.0, ""depth"": 4.66, ""unit"": ""cm""}]",False,"Carry-on: Total weight 7.9399999999999995kg exceeds 7kg limit, all carry-on items transferred to cargo. Total fees: €75","[{""storage"": ""carry-on"", ""weight"": 1.39, ""height"": 26.92, ""width"": 62.75, ""depth"": 32.85, ""unit"": ""cm""}, {""storage"": ""personal"", ""weight"": 6.55, ""height"": 52.66, ""width"": 49.0, ""depth"": 4.66, ""unit"": ""cm""}]",75
First,adult,"[{""storage"": ""carry-on"", ""weight"": 2.23, ""height"": 82.07, ""width"": 59.27, ""depth"": 25.48, ""unit"": ""cm""}, {""storage"": ""checked"", ""weight"": 26.06, ""height"": 64.26, ""width"": 6.79, ""depth"": 7.09, ""unit"": ""cm""}, {""storage"": ""carry-on"", ""weight"": 11.09, ""height"": 2.4, ""width"": 18.38, ""depth"": 37.41, ""unit"": ""cm""}, {""storage"": ""checked"", ""weight"": 21.15, ""height"": 24.7, ""width"": 74.64, ""depth"": 14.2, ""unit"": ""cm""}]",False,"Carry-on: Total weight 13.32kg exceeds 12kg limit, all carry-on items transferred to cargo. Total fees: €75","[{""storage"": ""carry-on"", ""weight"": 2.23, ""height"": 82.07, ""width"": 59.27, ""depth"": 25.48, ""unit"": ""cm""}, {""storage"": ""carry-on"", ""weight"": 11.09, ""height"": 2.4, ""width"": 18.38, ""depth"": 37.41, ""unit"": ""cm""}]",75
First,child,"[{""storage"": ""personal"", ""weight"": 10.21, ""height"": 13.86, ""width"": 65.2, ""depth"": 30.12, ""unit"": ""cm""}, {""storage"": ""personal"", ""weight"": 8.87, ""height"": 38.07, ""width"": 24.0, ""depth"": 45.04, ""unit"": ""cm""}]",False,"Carry-on: Total weight 19.08kg exceeds 12kg limit, all carry-on items transferred to cargo. Total fees: €75","[{""storage"": ""personal"", ""weight"": 10.21, ""height"": 13.86, ""width"": 65.2, ""depth"": 30.12, ""unit"": ""cm""}, {""storage"": ""personal"", ""weight"": 8.87, ""height"": 38.07, ""width"": 24.0, ""depth"": 45.04, ""unit"": ""cm""}]",75
Economy,infant,"[{""storage"": ""personal"", ""weight"": 5.76, ""height"": 4.46, ""width"": 20.96, ""depth"": 3.19, ""unit"": ""cm""}, {""storage"": ""checked"", ""weight"": 6.6, ""height"": 27.04, ""width"": 39.22, ""depth"": 33.9, ""unit"": ""cm""}]",True,All luggage complies with the policy.,,0
Economy,infant,"[{""storage"": ""carry-on"", ""weight"": 7.86, ""height"": 8.28, ""width"": 11.13, ""depth"": 2.92, ""unit"": ""cm""}, {""storage"": ""carry-on"", ""weight"": 9.02, ""height"": 81.1, ""width"": 54.87, ""depth"": 33.75, ""unit"": ""cm""}, {""storage"": ""personal"", ""weight"": 9.0, ""height"": 70.71, ""width"": 42.12, ""depth"": 32.35, ""unit"": ""cm""}]",False,"Carry-on: 1 bag(s) exceed quantity allowance, transferred to cargo; Total weight 16.86kg exceeds 7kg limit, all carry-on items transferred to cargo. Total fees: €225","[{""storage"": ""carry-on"", ""weight"": 9.02, ""height"": 81.1, ""width"": 54.87, ""depth"": 33.75, ""unit"": ""cm""}, {""storage"": ""carry-on"", ""weight"": 7.86, ""height"": 8.28, ""width"": 11.13, ""depth"": 2.92, ""unit"": ""cm""}, {""storage"": ""personal"", ""weight"": 9.0, ""height"": 70.71, ""width"": 42.12, ""depth"": 32.35, ""unit"": ""cm""}]",225
First,adult,"[{""storage"": ""personal"", ""weight"": 10.99, ""height"": 29.21, ""width"": 14.34, ""depth"": 2.16, ""unit"": ""cm""}, {""storage"": ""checked"", ""weight"": 26.22, ""height"": 64.8, ""width"": 36.5, ""depth"": 33.32, ""unit"": ""cm""}, {""storage"": ""checked"", ""weight"": 31.11, ""height"": 27.84, ""width"": 42.67, ""depth"": 38.33, ""unit"": ""cm""}]",True,All luggage complies with the policy.,,0
Business,adult,"[{""storage"": ""carry-on"", ""weight"": 0.84, ""height"": 77.04, ""width"": 47.19, ""depth"": 19.85, ""unit"": ""cm""}, {""storage"": ""personal"", ""weight"": 2.71, ""height"": 3.27, ""width"": 56.93, ""depth"": 39.56, ""unit"": ""cm""}, {""storage"": ""checked"", ""weight"": 10.74, ""height"": 2.01, ""width"": 68.65, ""depth"": 49.28, ""unit"": ""cm""}, {""storage"": ""checked"", ""weight"": 36.36, ""height"": 14.64, ""width"": 51.41, ""depth"": 48.97, ""unit"": ""cm""}]",False,"Carry-on: 1 bag(s) exceed size limits, transferred to cargo. Total fees: €100 | Checked: The following items must be shipped as cargo: Bag 2: weight 36.36kg exceeds 32kg limit. Total fees: €75 (cargo shipping costs not included - please contact cargo department). Consider splitting items or reducing weight/size to avoid cargo shipping.","[{""storage"": ""carry-on"", ""weight"": 0.84, ""height"": 77.04, ""width"": 47.19, ""depth"": 19.85, ""unit"": ""cm""}, {""storage"": ""checked"", ""weight"": 36.36, ""height"": 14.64, ""width"": 51.41, ""depth"": 48.97, ""unit"": ""cm""}]",175
Economy,infant,"[{""storage"": ""personal"", ""weight"": 11.54, ""height"": 75.32, ""width"": 51.55, ""depth"": 37.35, ""unit"": ""cm""}, {""storage"": ""personal"", ""weight"": 14.69, ""height"": 60.46, ""width"": 72.85, ""depth"": 14.17, ""unit"": ""cm""}]",False,"Carry-on: Total weight 26.229999999999997kg exceeds 7kg limit, all carry-on items transferred to cargo. Total fees: €75","[{""storage"": ""personal"", ""weight"": 11.54, ""height"": 75.32, ""width"": 51.55, ""depth"": 37.35, ""unit"": ""cm""}, {""storage"": ""personal"", ""weight"": 14.69, ""height"": 60.46, ""width"": 72.85, ""depth"": 14.17, ""unit"": ""cm""}]",75
First,adult,"[{""storage"": ""personal"", ""weight"": 9.67, ""height"": 56.64, ""width"": 9.42, ""depth"": 7.12, ""unit"": ""cm""}, {""storage"": ""personal"", ""weight"": 0.48, ""height"": 18.98, ""width"": 49.67, ""depth"": 7.86, ""unit"": ""cm""}, {""storage"": ""carry-on"", ""weight"": 0.13, ""height"": 69.72, ""width"": 56.33, ""depth"": 21.69, ""unit"": ""cm""}, {""storage"": ""checked"", ""weight"": 45.74, ""height"": 36.53, ""width"": 34.27, ""depth"": 27.7, ""unit"": ""cm""}, {""storage"": ""personal"", ""weight"": 12.14, ""height"": 2.47, ""width"": 54.68, ""depth"": 17.98, ""unit"": ""cm""}]",False,"Carry-on: 2 bag(s) exceed quantity allowance, transferred to cargo; 1 bag(s) exceed size limits, transferred to cargo. Total fees: €400 | Checked: The following items must be shipped as cargo: Bag 1: weight 45.74kg exceeds 32kg limit. Total fees: €75 (cargo shipping costs not included - please contact cargo department). Consider splitting items or reducing weight/size to avoid cargo shipping.","[{""storage"": ""personal"", ""weight"": 0.48, ""height"": 18.98, ""width"": 49.67, ""depth"": 7.86, ""unit"": ""cm""}, {""storage"": ""personal"", ""weight"": 12.14, ""height"": 2.47, ""width"": 54.68, ""depth"": 17.98, ""unit"": ""cm""}, {""storage"": ""carry-on"", ""weight"": 0.13, ""height"": 69.72, ""width"": 56.33, ""depth"": 21.69, ""unit"": ""cm""}, {""storage"": ""checked"", ""weight"": 45.74, ""height"": 36.53, ""width"": 34.27, ""depth"": 27.7, ""unit"": ""cm""}]",475
Economy,infant,"[{""storage"": ""carry-on"", ""weight"": 5.3, ""height"": 42.87, ""width"": 24.59, ""depth"": 20.4, ""unit"": ""cm""}, {""storage"": ""personal"", ""weight"": 1.63, ""height"": 7.47, ""width"": 20.85, ""depth"": 7.1, ""unit"": ""cm""}, {""storage"": ""checked"", ""weight"": 9.29, ""height"": 37.27, ""width"": 59.32, ""depth"": 27.16, ""unit"": ""cm""}]",True,All luggage complies with the policy.,,0
First,child,"[{""storage"": ""carry-on"", ""weight"": 0.28, ""height"": 73.85, ""width"": 60.63, ""depth"": 14.41, ""unit"": ""cm""}]",False,"Carry-on: 1 bag(s) exceed size limits, transferred to cargo. Total fees: €100","[{""storage"": ""carry-on"", ""weight"": 0.28, ""height"": 73.85, ""width"": 60.63, ""depth"": 14.41, ""unit"": ""cm""}]",100
Economy,infant,"[{""storage"": ""personal"", ""weight"": 8.74, ""height"": 33.1, ""width"": 31.2, ""depth"": 23.6, ""unit"": ""cm""}, {""storage"": ""carry-on"", ""weight"": 14.75, ""height"": 66.99, ""width"": 56.07, ""depth"": 5.27, ""unit"": ""cm""}]",False,"Carry-on: Total weight 23.490000000000002kg exceeds 7kg limit, all carry-on items transferred to cargo. Total fees: €75","[{""storage"": ""carry-on"", ""weight"": 14.75, ""height"": 66.99, ""width"": 56.07, ""depth"": 5.27, ""unit"": ""cm""}, {""storage"": ""personal"", ""weight"": 8.74, ""height"": 33.1, ""width"": 31.2, ""depth"": 23.6, ""unit"": ""cm""}]",75
First,child,"[{""storage"": ""carry-on"", ""weight"": 0.27, ""height"": 14.8, ""width"": 19.97, ""depth"": 5.43, ""unit"": ""cm""}, {""storage"": ""carry-on"", ""weight"": 1.0, ""height"": 10.83, ""width"": 14.06, ""depth"": 3.48, ""unit"": ""cm""}, {""storage"": ""personal"", ""weight"": 3.37, ""height"": 20.16, ""width"": 7.07, ""depth"": 7.36, ""unit"": ""cm""}]",True,All luggage complies with the policy.,,0
First,infant,"[{""storage"": ""personal"", ""weight"": 3.64, ""height"": 37.17, ""width"": 0.67, ""depth"": 13.51, ""unit"": ""cm""}, {""storage"": ""checked"", ""weight"": 1.6, ""height"": 29.63, ""width"": 28.04, ""depth"": 20.49, ""unit"": ""cm""}, {""storage"": ""checked"", ""weight"": 3.66, ""height"": 39.69, ""width"": 31.88, ""depth"": 26.29, ""unit"": ""cm""}, {""storage"": ""checked"", ""weight"": 3.85, ""height"": 53.04, ""width"": 33.85, ""depth"": 34.12, ""unit"": ""cm""}]",True,All luggage complies with the policy.,,0
Business,adult,"[{""storage"": ""checked"", ""weight"": 23.57, ""height"": 26.72, ""width"": 78.46, ""depth"": 0.31, ""unit"": ""cm""}, {""storage"": ""checked"", ""weight"": 44.65, ""height"": 90.62, ""width"": 71.54, ""depth"": 6.78, ""unit"": ""cm""}, {""storage"": ""carry-on"", ""weight"": 12.56, ""height"": 15.6, ""width"": 22.64, ""depth"": 34.58, ""unit"": ""cm""}]",False,"Carry-on: Total weight 12.56kg exceeds 12kg limit, all carry-on items transferred to cargo. Total fees: €75 | Checked: The following items must be shipped as cargo: Bag 2: weight 44.65kg exceeds 32kg limit. Total fees: €175 (cargo shipping costs not included - please contact cargo department). Consider splitting items or reducing weight/size to avoid cargo shipping.","[{""storage"": ""carry-on"", ""weight"": 12.56, ""height"": 15.6, ""width"": 22.64, ""depth"": 34.58, ""unit"": ""cm""}, {""storage"": ""checked"", ""weight"": 44.65, ""height"": 90.62, ""width"": 71.54, ""depth"": 6.78, ""unit"": ""cm""}]",250
Economy,child,"[{""storage"": ""personal"", ""weight"": 0.63, ""height"": 13.43, ""width"": 23.13, ""depth"": 9.74, ""unit"": ""cm""}]",True,All luggage complies with the policy.,,0
First,infant,"[{""storage"": ""checked"", ""weight"": 48.88, ""height"": 71.74, ""width"": 77.1, ""depth"": 38.96, ""unit"": ""cm""}]",False,Checked: The following items must be shipped as cargo: Bag 1: weight 48.88kg exceeds 32kg limit. Total fees: €175 (cargo shipping costs not included - please contact cargo department). Consider splitting items or reducing weight/size to avoid cargo shipping.,"[{""storage"": ""checked"", ""weight"": 48.88, ""height"": 71.74, ""width"": 77.1, ""depth"": 38.96, ""unit"": ""cm""}]",175
First,child,"[{""storage"": ""carry-on"", ""weight"": 10.91, ""height"": 72.98, ""width"": 11.53, ""depth"": 13.89, ""unit"": ""cm""}]",False,"Carry-on: 1 bag(s) exceed size limits, transferred to cargo. Total fees: €100","[{""storage"": ""carry-on"", ""weight"": 10.91, ""height"": 72.98, ""width"": 11.53, ""depth"": 13.89, ""unit"": ""cm""}]",100
Economy,infant,"[{""storage"": ""carry-on"", ""weight"": 3.92, ""height"": 41.53, ""width"": 23.32, ""depth"": 2.53, ""unit"": ""cm""}, {""storage"": ""personal"", ""weight"": 1.78, ""height"": 19.85, ""width"": 28.13, ""depth"": 12.24, ""unit"": ""cm""}, {""storage"": ""checked"", ""weight"": 13.14, ""height"": 67.84, ""width"": 58.31, ""depth"": 30.66, ""unit"": ""cm""}]",True,All luggage complies with the policy.,,0
Economy,child,"[{""storage"": ""personal"", ""weight"": 4.43, ""height"": 36.14, ""width"": 22.12, ""depth"": 9.31, ""unit"": ""cm""}, {""storage"": ""checked"", ""weight"": 1.41, ""height"": 58.0, ""width"": 59.46, ""depth"": 27.32, ""unit"": ""cm""}]",True,All luggage complies with the policy.,,0
Economy,child,"[{""storage"": ""checked"", ""weight"": 11.36, ""height"": 72.49, ""width"": 54.02, ""depth"": 2.51, ""unit"": ""cm""}, {""storage"": ""personal"", ""weight"": 5.94, ""height"": 32.97, ""width"": 13.27, ""depth"": 36.98, ""unit"": ""cm""}, {""storage"": ""personal"", ""weight"": 3.43, ""height"": 17.71, ""width"": 9.9, ""depth"": 6.52, ""unit"": ""cm""}, {""storage"": ""carry-on"", ""weight"": 4.3, ""height"": 55.47, ""width"": 17.84, ""depth"": 47.75, ""unit"": ""cm""}, {""storage"": ""carry-on"", ""weight"": 12.44, ""height"": 61.0, ""width"": 46.5, ""depth"": 25.48, ""unit"": ""cm""}]",False,"Carry-on: 2 bag(s) exceed quantity allowance, transferred to cargo; Total weight 10.24kg exceeds 7kg limit, all carry-on items transferred to cargo. Total fees: €375","[{""storage"": ""personal"", ""weight"": 3.43, ""height"": 17.71, ""width"": 9.9, ""depth"": 6.52, ""unit"": ""cm""}, {""storage"": ""carry-on"", ""weight"": 12.44, ""height"": 61.0, ""width"": 46.5, ""depth"": 25.48, ""unit"": ""cm""}, {""storage"": ""carry-on"", ""weight"": 4.3, ""height"": 55.47, ""width"": 17.84, ""depth"": 47.75, ""unit"": ""cm""}, {""storage"": ""personal"", ""weight"": 5.94, ""height"": 32.97, ""width"": 13.27, ""depth"": 36.98, ""unit"": ""cm""}]",375
Economy,child,"[{""storage"": ""carry-on"", ""weight"": 13.36, ""height"": 32.42, ""width"": 72.11, ""depth"": 30.07, ""unit"": ""cm""}, {""storage"": ""personal"", ""weight"": 9.31, ""height"": 69.35, ""width"": 29.83, ""depth"": 1.3, ""unit"": ""cm""}, {""storage"": ""carry-on"", ""weight"": 0.04, ""height"": 2.88, ""width"": 67.15, ""depth"": 16.42, ""unit"": ""cm""}, {""storage"": ""personal"", ""weight"": 7.45, ""height"": 4.05, ""width"": 21.37, ""depth"": 44.86, ""unit"": ""cm""}]",False,"Carry-on: 2 bag(s) exceed quantity allowance, transferred to cargo; Total weight 22.67kg exceeds 7kg limit, all carry-on items transferred to cargo. Total fees: €375","[{""storage"": ""personal"", ""weight"": 7.45, ""height"": 4.05, ""width"": 21.37, ""depth"": 44.86, ""unit"": ""cm""}, {""storage"": ""carry-on"", ""weight"": 0.04, ""height"": 2.88, ""width"": 67.15, ""depth"": 16.42, ""unit"": ""cm""}, {""storage"": ""carry-on"", ""weight"": 13.36, ""height"": 32.42, ""width"": 72.11, ""depth"": 30.07, ""unit"": ""cm""}, {""storage"": ""personal"", ""weight"": 9.31, ""height"": 69.35, ""width"": 29.83, ""depth"": 1.3, ""unit"": ""cm""}]",375
Business,child,"[{""storage"": ""personal"", ""weight"": 8.71, ""height"": 83.23, ""width"": 75.04, ""depth"": 21.73, ""unit"": ""cm""}, {""storage"": ""checked"", ""weight"": 17.09, ""height"": 20.32, ""width"": 1.46, ""depth"": 13.53, ""unit"": ""cm""}, {""storage"": ""carry-on"", ""weight"": 1.79, ""height"": 65.99, ""width"": 51.29, ""depth"": 40.17, ""unit"": ""cm""}, {""storage"": ""personal"", ""weight"": 6.43, ""height"": 34.83, ""width"": 36.74, ""depth"": 46.16, ""unit"": ""cm""}, {""storage"": ""personal"", ""weight"": 7.02, ""height"": 19.84, ""width"": 63.89, ""depth"": 24.85, ""unit"": ""cm""}]",False,"Carry-on: 2 bag(s) exceed quantity allowance, transferred to cargo; 1 bag(s) exceed size limits, transferred to cargo. Total fees: €400","[{""storage"": ""personal"", ""weight"": 6.43, ""height"": 34.83, ""width"": 36.74, ""depth"": 46.16, ""unit"": ""cm""}, {""storage"": ""personal"", ""weight"": 7.02, ""height"": 19.84, ""width"": 63.89, ""depth"": 24.85, ""unit"": ""cm""}, {""storage"": ""carry-on"", ""weight"": 1.79, ""height"": 65.99, ""width"": 51.29, ""depth"": 40.17, ""unit"": ""cm""}]",400
Business,adult,"[{""storage"": ""checked"", ""weight"": 38.41, ""height"": 71.99, ""width"": 48.83, ""depth"": 14.55, ""unit"": ""cm""}, {""storage"": ""checked"", ""weight"": 44.62, ""height"": 5.87, ""width"": 2.06, ""depth"": 37.68, ""unit"": ""cm""}, {""storage"": ""personal"", ""weight"": 7.35, ""height"": 57.73, ""width"": 61.64, ""depth"": 28.85, ""unit"": ""cm""}, {""storage"": ""carry-on"", ""weight"": 14.25, ""height"": 66.88, ""width"": 56.02, ""depth"": 43.4, ""unit"": ""cm""}, {""storage"": ""carry-on"", ""weight"": 4.88, ""height"": 6.13, ""width"": 65.64, ""depth"": 11.79, ""unit"": ""cm""}]",False,"Carry-on: Total weight 26.479999999999997kg exceeds 12kg limit, all carry-on items transferred to cargo. Total fees: €75 | Checked: The following items must be shipped as cargo: Bag 1: weight 38.41kg exceeds 32kg limit; Bag 2: weight 44.62kg exceeds 32kg limit. Total fees: €150 (cargo shipping costs not included - please contact cargo department). Consider splitting items or reducing weight/size to avoid cargo shipping.","[{""storage"": ""carry-on"", ""weight"": 14.25, ""height"": 66.88, ""width"": 56.02, ""depth"": 43.4, ""unit"": ""cm""}, {""storage"": ""carry-on"", ""weight"": 4.88, ""height"": 6.13, ""width"": 65.64, ""depth"": 11.79, ""unit"": ""cm""}, {""storage"": ""personal"", ""weight"": 7.35, ""height"": 57.73, ""width"": 61.64, ""depth"": 28.85, ""unit"": ""cm""}, {""storage"": ""checked"", ""weight"": 38.41, ""height"": 71.99, ""width"": 48.83, ""depth"": 14.55, ""unit"": ""cm""}, {""storage"": ""checked"", ""weight"": 44.62, ""height"": 5.87, ""width"": 2.06, ""depth"": 37.68, ""unit"": ""cm""}]",225
Economy,child,"[{""storage"": ""personal"", ""weight"": 5.16, ""height"": 87.15, ""width"": 33.97, ""depth"": 19.97, ""unit"": ""cm""}, {""storage"": ""carry-on"", ""weight"": 1.94, ""height"": 2.35, ""width"": 73.41, ""depth"": 40.43, ""unit"": ""cm""}, {""storage"": ""checked"", ""weight"": 31.41, ""height"": 75.09, ""width"": 3.3, ""depth"": 45.97, ""unit"": ""cm""}, {""storage"": ""carry-on"", ""weight"": 6.92, ""height"": 68.6, ""width"": 20.64, ""depth"": 27.4, ""unit"": ""cm""}, {""storage"": ""carry-on"", ""weight"": 13.17, ""height"": 54.88, ""width"": 28.6, ""depth"": 36.79, ""unit"": ""cm""}]",False,"Carry-on: 2 bag(s) exceed quantity allowance, transferred to cargo; Total weight 7.1kg exceeds 7kg limit, all carry-on items transferred to cargo. Total fees: €375 | Checked: Checked luggage complies with the policy.","[{""storage"": ""carry-on"", ""weight"": 6.92, ""height"": 68.6, ""width"": 20.64, ""depth"": 27.4, ""unit"": ""cm""}, {""storage"": ""carry-on"", ""weight"": 13.17, ""height"": 54.88, ""width"": 28.6, ""depth"": 36.79, ""unit"": ""cm""}, {""storage"": ""carry-on"", ""weight"": 1.94, ""height"": 2.35, ""width"": 73.41, ""depth"": 40.43, ""unit"": ""cm""}, {""storage"": ""personal"", ""weight"": 5.16, ""height"": 87.15, ""width"": 33.97, ""depth"": 19.97, ""unit"": ""cm""}]",450
Economy,infant,"[{""storage"": ""personal"", ""weight"": 3.65, ""height"": 69.66, ""width"": 6.79, ""depth"": 30.0, ""unit"": ""cm""}, {""storage"": ""checked"", ""weight"": 41.11, ""height"": 44.05, ""width"": 67.34, ""depth"": 41.26, ""unit"": ""cm""}, {""storage"": ""checked"", ""weight"": 45.91, ""height"": 40.31, ""width"": 31.15, ""depth"": 24.14, ""unit"": ""cm""}]",False,Checked: The following items must be shipped as cargo: Bag 1: weight 41.11kg exceeds 32kg limit; Bag 2: weight 45.91kg exceeds 32kg limit. Total fees: €300 (cargo shipping costs not included - please contact cargo department). Consider splitting items or reducing weight/size to avoid cargo shipping.,"[{""storage"": ""checked"", ""weight"": 41.11, ""height"": 44.05, ""width"": 67.34, ""depth"": 41.26, ""unit"": ""cm""}, {""storage"": ""checked"", ""weight"": 45.91, ""height"": 40.31, ""width"": 31.15, ""depth"": 24.14, ""unit"": ""cm""}]",300
First,child,"[{""storage"": ""carry-on"", ""weight"": 11.25, ""height"": 60.08, ""width"": 15.02, ""depth"": 38.33, ""unit"": ""cm""}, {""storage"": ""carry-on"", ""weight"": 14.23, ""height"": 58.12, ""width"": 18.42, ""depth"": 48.52, ""unit"": ""cm""}, {""storage"": ""carry-on"", ""weight"": 2.29, ""height"": 3.21, ""width"": 61.91, ""depth"": 44.77, ""unit"": ""cm""}, {""storage"": ""personal"", ""weight"": 5.76, ""height"": 76.93, ""width"": 69.54, ""depth"": 38.24, ""unit"": ""cm""}, {""storage"": ""carry-on"", ""weight"": 1.33, ""height"": 23.45, ""width"": 45.94, ""depth"": 26.72, ""unit"": ""cm""}]",False,"Carry-on: 2 bag(s) exceed quantity allowance, transferred to cargo; Total weight 31.240000000000002kg exceeds 12kg limit, all carry-on items transferred to cargo. Total fees: €375","[{""storage"": ""carry-on"", ""weight"": 2.29, ""height"": 3.21, ""width"": 61.91, ""depth"": 44.77, ""unit"": ""cm""}, {""storage"": ""carry-on"", ""weight"": 1.33, ""height"": 23.45, ""width"": 45.94, ""depth"": 26.72, ""unit"": ""cm""}, {""storage"": ""carry-on"", ""weight"": 11.25, ""height"": 60.08, ""width"": 15.02, ""depth"": 38.33, ""unit"": ""cm""}, {""storage"": ""carry-on"", ""weight"": 14.23, ""height"": 58.12, ""width"": 18.42, ""depth"": 48.52, ""unit"": ""cm""}, {""storage"": ""personal"", ""weight"": 5.76, ""height"": 76.93, ""width"": 69.54, ""depth"": 38.24, ""unit"": ""cm""}]",375
First,adult,"[{""storage"": ""checked"", ""weight"": 35.95, ""height"": 83.58, ""width"": 56.66, ""depth"": 45.92, ""unit"": ""cm""}, {""storage"": ""personal"", ""weight"": 8.52, ""height"": 59.8, ""width"": 13.34, ""depth"": 6.52, ""unit"": ""cm""}, {""storage"": ""checked"", ""weight"": 26.46, ""height"": 70.01, ""width"": 71.01, ""depth"": 17.02, ""unit"": ""cm""}, {""storage"": ""carry-on"", ""weight"": 7.18, ""height"": 9.64, ""width"": 52.03, ""depth"": 41.49, ""unit"": ""cm""}, {""storage"": ""carry-on"", ""weight"": 0.77, ""height"": 67.74, ""width"": 14.49, ""depth"": 47.45, ""unit"": ""cm""}]",False,"Carry-on: Total weight 16.47kg exceeds 12kg limit, all carry-on items transferred to cargo. Total fees: €75 | Checked: The following items must be shipped as cargo: Bag 1: weight 35.95kg exceeds 32kg limit. Total fees: €275 (cargo shipping costs not included - please contact cargo department). Consider splitting items or reducing weight/size to avoid cargo shipping.","[{""storage"": ""carry-on"", ""weight"": 7.18, ""height"": 9.64, ""width"": 52.03, ""depth"": 41.49, ""unit"": ""cm""}, {""storage"": ""carry-on"", ""weight"": 0.77, ""height"": 67.74, ""width"": 14.49, ""depth"": 47.45, ""unit"": ""cm""}, {""storage"": ""personal"", ""weight"": 8.52, ""height"": 59.8, ""width"": 13.34, ""depth"": 6.52, ""unit"": ""cm""}, {""storage"": ""checked"", ""weight"": 35.95, ""height"": 83.58, ""width"": 56.66, ""depth"": 45.92, ""unit"": ""cm""}]",350
Economy,adult,"[{""storage"": ""carry-on"", ""weight"": 5.9, ""height"": 8.7, ""width"": 7.63, ""depth"": 8.24, ""unit"": ""cm""}, {""storage"": ""personal"", ""weight"": 0.34, ""height"": 1.65, ""width"": 6.07, ""depth"": 16.56, ""unit"": ""cm""}, {""storage"": ""checked"", ""weight"": 5.2, ""height"": 20.41, ""width"": 48.75, ""depth"": 24.19, ""unit"": ""cm""}]",True,All luggage complies with the policy.,,0
Economy,adult,"[{""storage"": ""carry-on"", ""weight"": 7.31, ""height"": 10.03, ""width"": 7.63, ""depth"": 33.94, ""unit"": ""cm""}, {""storage"": ""carry-on"", ""weight"": 8.85, ""height"": 15.7, ""width"": 8.78, ""depth"": 33.65, ""unit"": ""cm""}, {""storage"": ""carry-on"", ""weight"": 3.67, ""height"": 18.17, ""width"": 67.71, ""depth"": 6.44, ""unit"": ""cm""}]",False,"Carry-on: 1 bag(s) exceed quantity allowance, transferred to cargo; Total weight 16.16kg exceeds 7kg limit, all carry-on items transferred to cargo. Total fees: €225","[{""storage"": ""carry-on"", ""weight"": 3.67, ""height"": 18.17, ""width"": 67.71, ""depth"": 6.44, ""unit"": ""cm""}, {""storage"": ""carry-on"", ""weight"": 7.31, ""height"": 10.03, ""width"": 7.63, ""depth"": 33.94, ""unit"": ""cm""}, {""storage"": ""carry-on"", ""weight"": 8.85, ""height"": 15.7, ""width"": 8.78, ""depth"": 33.65, ""unit"": ""cm""}]",225
First,adult,"[{""storage"": ""checked"", ""weight"": 10.34, ""height"": 84.0, ""width"": 74.06, ""depth"": 36.44, ""unit"": ""cm""}, {""storage"": ""carry-on"", ""weight"": 11.78, ""height"": 93.73, ""width"": 16.49, ""depth"": 12.93, ""unit"": ""cm""}]",False,"Carry-on: 1 bag(s) exceed size limits, transferred to cargo. Total fees: €100 | Checked: Checked luggage complies with the policy.","[{""storage"": ""carry-on"", ""weight"": 11.78, ""height"": 93.73, ""width"": 16.49, ""depth"": 12.93, ""unit"": ""cm""}]",200
Economy,child,"[{""storage"": ""carry-on"", ""weight"": 0.84, ""height"": 35.63, ""width"": 79.41, ""depth"": 21.81, ""unit"": ""cm""}]",False,"Carry-on: 1 bag(s) exceed size limits, transferred to cargo. Total fees: €100","[{""storage"": ""carry-on"", ""weight"": 0.84, ""height"": 35.63, ""width"": 79.41, ""depth"": 21.81, ""unit"": ""cm""}]",100
Business,child,"[{""storage"": ""carry-on"", ""weight"": 10.34, ""height"": 6.07, ""width"": 5.55, ""depth"": 21.07, ""unit"": ""cm""}, {""storage"": ""personal"", ""weight"": 0.52, ""height"": 36.27, ""width"": 20.46, ""depth"": 0.82, ""unit"": ""cm""}, {""storage"": ""checked"", ""weight"": 31.32, ""height"": 24.24, ""width"": 45.24, ""depth"": 22.23, ""unit"": ""cm""}, {""storage"": ""checked"", ""weight"": 20.82, ""height"": 36.86, ""width"": 40.73, ""depth"": 48.07, ""unit"": ""cm""}]",True,All luggage complies with the policy.,,0
Business,adult,"[{""storage"": ""personal"", ""weight"": 3.84, ""height"": 36.72, ""width"": 1.79, ""depth"": 25.46, ""unit"": ""cm""}, {""storage"": ""checked"", ""weight"": 34.33, ""height"": 77.8, ""width"": 31.59, ""depth"": 41.25, ""unit"": ""cm""}]",False,Checked: The following items must be shipped as cargo: Bag 1: weight 34.33kg exceeds 32kg limit. Total fees: €75 (cargo shipping costs not included - please contact cargo department). Consider splitting items or reducing weight/size to avoid cargo shipping.,"[{""storage"": ""checked"", ""weight"": 34.33, ""height"": 77.8, ""width"": 31.59, ""depth"": 41.25, ""unit"": ""cm""}]",75
First,adult,"[{""storage"": ""carry-on"", ""weight"": 2.31, ""height"": 52.44, ""width"": 38.4, ""depth"": 13.02, ""unit"": ""cm""}, {""storage"": ""carry-on"", ""weight"": 2.59, ""height"": 12.29, ""width"": 5.5, ""depth"": 11.04, ""unit"": ""cm""}, {""storage"": ""personal"", ""weight"": 4.45, ""height"": 10.82, ""width"": 24.54, ""depth"": 11.92, ""unit"": ""cm""}, {""storage"": ""checked"", ""weight"": 12.73, ""height"": 37.63, ""width"": 54.02, ""depth"": 42.16, ""unit"": ""cm""}, {""storage"": ""checked"", ""weight"": 18.23, ""height"": 41.54, ""width"": 48.79, ""depth"": 34.29, ""unit"": ""cm""}, {""storage"": ""checked"", ""weight"": 5.43, ""height"": 41.18, ""width"": 25.84, ""depth"": 47.15, ""unit"": ""cm""}]",True,All luggage complies with the policy.,,0
First,infant,"[{""storage"": ""carry-on"", ""weight"": 3.04, ""height"": 7.68, ""width"": 9.6, ""depth"": 5.66, ""unit"": ""cm""}, {""storage"": ""personal"", ""weight"": 0.03, ""height"": 24.36, ""width"": 10.17, ""depth"": 12.09, ""unit"": ""cm""}, {""storage"": ""checked"", ""weight"": 6.54, ""height"": 40.87, ""width"": 24.6, ""depth"": 33.37, ""unit"": ""cm""}, {""storage"": ""checked"", ""weight"": 2.68, ""height"": 41.8, ""width"": 37.21, ""depth"": 21.04, ""unit"": ""cm""}]",True,All luggage complies with the policy.,,0
Economy,adult,"[{""storage"": ""carry-on"", ""weight"": 4.57, ""height"": 28.84, ""width"": 60.82, ""depth"": 26.91, ""unit"": ""cm""}, {""storage"": ""checked"", ""weight"": 8.4, ""height"": 9.02, ""width"": 2.64, ""depth"": 21.06, ""unit"": ""cm""}, {""storage"": ""carry-on"", ""weight"": 7.82, ""height"": 73.56, ""width"": 29.45, ""depth"": 34.41, ""unit"": ""cm""}]",False,"Carry-on: Total weight 12.39kg exceeds 7kg limit, all carry-on items transferred to cargo. Total fees: €75","[{""storage"": ""carry-on"", ""weight"": 4.57, ""height"": 28.84, ""width"": 60.82, ""depth"": 26.91, ""unit"": ""cm""}, {""storage"": ""carry-on"", ""weight"": 7.82, ""height"": 73.56, ""width"": 29.45, ""depth"": 34.41, ""unit"": ""cm""}]",75
Economy,infant,"[{""storage"": ""personal"", ""weight"": 14.46, ""height"": 61.76, ""width"": 18.46, ""depth"": 43.53, ""unit"": ""cm""}, {""storage"": ""carry-on"", ""weight"": 5.4, ""height"": 22.7, ""width"": 60.2, ""depth"": 4.9, ""unit"": ""cm""}]",False,"Carry-on: Total weight 19.86kg exceeds 7kg limit, all carry-on items transferred to cargo. Total fees: €75","[{""storage"": ""carry-on"", ""weight"": 5.4, ""height"": 22.7, ""width"": 60.2, ""depth"": 4.9, ""unit"": ""cm""}, {""storage"": ""personal"", ""weight"": 14.46, ""height"": 61.76, ""width"": 18.46, ""depth"": 43.53, ""unit"": ""cm""}]",75
First,infant,"[{""storage"": ""carry-on"", ""weight"": 0.44, ""height"": 22.59, ""width"": 9.33, ""depth"": 8.94, ""unit"": ""cm""}, {""storage"": ""personal"", ""weight"": 9.79, ""height"": 0.08, ""width"": 18.57, ""depth"": 18.6, ""unit"": ""cm""}, {""storage"": ""checked"", ""weight"": 0.35, ""height"": 28.89, ""width"": 32.5, ""depth"": 31.84, ""unit"": ""cm""}]",True,All luggage complies with the policy.,,0
First,adult,"[{""storage"": ""carry-on"", ""weight"": 2.45, ""height"": 7.0, ""width"": 34.44, ""depth"": 4.89, ""unit"": ""cm""}, {""storage"": ""personal"", ""weight"": 9.24, ""height"": 25.38, ""width"": 13.6, ""depth"": 7.31, ""unit"": ""cm""}]",True,All luggage complies with the policy.,,0
Economy,adult,"[{""storage"": ""personal"", ""weight"": 2.69, ""height"": 20.83, ""width"": 14.63, ""depth"": 5.85, ""unit"": ""cm""}]",True,All luggage complies with the policy.,,0
Business,adult,"[{""storage"": ""checked"", ""weight"": 21.17, ""height"": 51.52, ""width"": 51.52, ""depth"": 14.77, ""unit"": ""cm""}, {""storage"": ""personal"", ""weight"": 14.37, ""height"": 46.91, ""width"": 40.56, ""depth"": 36.17, ""unit"": ""cm""}]",False,"Carry-on: Total weight 14.37kg exceeds 12kg limit, all carry-on items transferred to cargo. Total fees: €75","[{""storage"": ""personal"", ""weight"": 14.37, ""height"": 46.91, ""width"": 40.56, ""depth"": 36.17, ""unit"": ""cm""}]",75
Business,infant,"[{""storage"": ""carry-on"", ""weight"": 2.66, ""height"": 43.35, ""width"": 17.14, ""depth"": 10.78, ""unit"": ""cm""}, {""storage"": ""carry-on"", ""weight"": 0.1, ""height"": 34.25, ""width"": 16.53, ""depth"": 11.16, ""unit"": ""cm""}, {""storage"": ""personal"", ""weight"": 5.24, ""height"": 11.9, ""width"": 9.31, ""depth"": 4.33, ""unit"": ""cm""}]",True,All luggage complies with the policy.,,0
First,child,"[{""storage"": ""personal"", ""weight"": 0.7, ""height"": 4.25, ""width"": 0.65, ""depth"": 8.94, ""unit"": ""cm""}]",True,All luggage complies with the policy.,,0
Business,adult,"[{""storage"": ""personal"", ""weight"": 8.87, ""height"": 2.41, ""width"": 64.05, ""depth"": 16.32, ""unit"": ""cm""}, {""storage"": ""personal"", ""weight"": 5.77, ""height"": 65.23, ""width"": 52.25, ""depth"": 36.36, ""unit"": ""cm""}, {""storage"": ""carry-on"", ""weight"": 0.54, ""height"": 13.99, ""width"": 28.34, ""depth"": 21.85, ""unit"": ""cm""}, {""storage"": ""checked"", ""weight"": 17.78, ""height"": 14.47, ""width"": 6.27, ""depth"": 42.18, ""unit"": ""cm""}]",False,"Carry-on: Total weight 15.18kg exceeds 12kg limit, all carry-on items transferred to cargo. Total fees: €75","[{""storage"": ""carry-on"", ""weight"": 0.54, ""height"": 13.99, ""width"": 28.34, ""depth"": 21.85, ""unit"": ""cm""}, {""storage"": ""personal"", ""weight"": 8.87, ""height"": 2.41, ""width"": 64.05, ""depth"": 16.32, ""unit"": ""cm""}, {""storage"": ""personal"", ""weight"": 5.77, ""height"": 65.23, ""width"": 52.25, ""depth"": 36.36, ""unit"": ""cm""}]",75
Economy,infant,"[{""storage"": ""personal"", ""weight"": 1.31, ""height"": 13.62, ""width"": 22.99, ""depth"": 2.58, ""unit"": ""cm""}, {""storage"": ""checked"", ""weight"": 19.71, ""height"": 66.51, ""width"": 30.49, ""depth"": 42.81, ""unit"": ""cm""}]",True,All luggage complies with the policy.,,0
First,child,"[{""storage"": ""carry-on"", ""weight"": 4.15, ""height"": 2.46, ""width"": 16.86, ""depth"": 4.66, ""unit"": ""cm""}, {""storage"": ""carry-on"", ""weight"": 5.9, ""height"": 25.17, ""width"": 13.94, ""depth"": 18.41, ""unit"": ""cm""}, {""storage"": ""personal"", ""weight"": 0.33, ""height"": 9.51, ""width"": 29.01, ""depth"": 11.48, ""unit"": ""cm""}, {""storage"": ""checked"", ""weight"": 26.64, ""height"": 65.03, ""width"": 39.25, ""depth"": 41.97, ""unit"": ""cm""}]",True,All luggage complies with the policy.,,0
First,child,"[{""storage"": ""personal"", ""weight"": 4.99, ""height"": 36.44, ""width"": 8.48, ""depth"": 12.39, ""unit"": ""cm""}, {""storage"": ""checked"", ""weight"": 15.84, ""height"": 61.01, ""width"": 53.76, ""depth"": 29.0, ""unit"": ""cm""}, {""storage"": ""checked"", ""weight"": 22.59, ""height"": 25.91, ""width"": 24.4, ""depth"": 28.29, ""unit"": ""cm""}, {""storage"": ""checked"", ""weight"": 1.41, ""height"": 52.62, ""width"": 37.42, ""depth"": 46.24, ""unit"": ""cm""}]",True,All luggage complies with the policy.,,0
Economy,adult,"[{""storage"": ""checked"", ""weight"": 7.55, ""height"": 88.34, ""width"": 9.61, ""depth"": 20.76, ""unit"": ""cm""}, {""storage"": ""personal"", ""weight"": 13.88, ""height"": 61.69, ""width"": 46.36, ""depth"": 17.79, ""unit"": ""cm""}, {""storage"": ""carry-on"", ""weight"": 5.18, ""height"": 77.46, ""width"": 14.05, ""depth"": 30.72, ""unit"": ""cm""}, {""storage"": ""checked"", ""weight"": 42.11, ""height"": 61.63, ""width"": 5.26, ""depth"": 18.37, ""unit"": ""cm""}]",False,"Carry-on: Total weight 19.060000000000002kg exceeds 7kg limit, all carry-on items transferred to cargo. Total fees: €75 | Checked: The following items must be shipped as cargo: Bag 2: weight 42.11kg exceeds 32kg limit. Total fees: €225 (cargo shipping costs not included - please contact cargo department). Consider splitting items or reducing weight/size to avoid cargo shipping.","[{""storage"": ""carry-on"", ""weight"": 5.18, ""height"": 77.46, ""width"": 14.05, ""depth"": 30.72, ""unit"": ""cm""}, {""storage"": ""personal"", ""weight"": 13.88, ""height"": 61.69, ""width"": 46.36, ""depth"": 17.79, ""unit"": ""cm""}, {""storage"": ""checked"", ""weight"": 42.11, ""height"": 61.63, ""width"": 5.26, ""depth"": 18.37, ""unit"": ""cm""}]",300
First,infant,"[{""storage"": ""carry-on"", ""weight"": 3.11, ""height"": 51.08, ""width"": 25.48, ""depth"": 6.44, ""unit"": ""cm""}, {""storage"": ""personal"", ""weight"": 0.04, ""height"": 36.4, ""width"": 9.71, ""depth"": 18.78, ""unit"": ""cm""}, {""storage"": ""checked"", ""weight"": 23.3, ""height"": 65.74, ""width"": 32.86, ""depth"": 36.84, ""unit"": ""cm""}, {""storage"": ""checked"", ""weight"": 16.01, ""height"": 31.65, ""width"": 37.82, ""depth"": 31.63, ""unit"": ""cm""}, {""storage"": ""checked"", ""weight"": 0.48, ""height"": 68.09, ""width"": 37.1, ""depth"": 31.45, ""unit"": ""cm""}]",True,All luggage complies with the policy.,,0
First,adult,"[{""storage"": ""carry-on"", ""weight"": 2.84, ""height"": 24.56, ""width"": 50.14, ""depth"": 16.61, ""unit"": ""cm""}]",False,"Carry-on: 1 bag(s) exceed size limits, transferred to cargo. Total fees: €100","[{""storage"": ""carry-on"", ""weight"": 2.84, ""height"": 24.56, ""width"": 50.14, ""depth"": 16.61, ""unit"": ""cm""}]",100
First,adult,"[{""storage"": ""personal"", ""weight"": 10.77, ""height"": 34.16, ""width"": 15.53, ""depth"": 6.94, ""unit"": ""cm""}, {""storage"": ""checked"", ""weight"": 4.45, ""height"": 63.63, ""width"": 30.93, ""depth"": 21.07, ""unit"": ""cm""}, {""storage"": ""checked"", ""weight"": 6.84, ""height"": 57.11, ""width"": 21.24, ""depth"": 23.07, ""unit"": ""cm""}]",True,All luggage complies with the policy.,,0
First,child,"[{""storage"": ""carry-on"", ""weight"": 10.23, ""height"": 33.92, ""width"": 36.38, ""depth"": 9.15, ""unit"": ""cm""}, {""storage"": ""personal"", ""weight"": 0.56, ""height"": 6.7, ""width"": 5.11, ""depth"": 1.72, ""unit"": ""cm""}, {""storage"": ""checked"", ""weight"": 12.77, ""height"": 48.11, ""width"": 46.98, ""depth"": 38.7, ""unit"": ""cm""}]",True,All luggage complies with the policy.,,0
First,adult,"[{""storage"": ""carry-on"", ""weight"": 1.01, ""height"": 49.53, ""width"": 35.22, ""depth"": 17.42, ""unit"": ""cm""}, {""storage"": ""carry-on"", ""weight"": 4.63, ""height"": 49.85, ""width"": 5.67, ""depth"": 14.62, ""unit"": ""cm""}, {""storage"": ""personal"", ""weight"": 1.06, ""height"": 6.68, ""width"": 18.83, ""depth"": 3.85, ""unit"": ""cm""}, {""storage"": ""checked"", ""weight"": 17.26, ""height"": 31.08, ""width"": 52.26, ""depth"": 24.24, ""unit"": ""cm""}, {""storage"": ""checked"", ""weight"": 20.18, ""height"": 65.86, ""width"": 58.1, ""depth"": 33.83, ""unit"": ""cm""}, {""storage"": ""checked"", ""weight"": 1.34, ""height"": 49.83, ""width"": 23.41, ""depth"": 23.85, ""unit"": ""cm""}]",True,All luggage complies with the policy.,,0
First,infant,"[{""storage"": ""personal"", ""weight"": 3.16, ""height"": 23.63, ""width"": 29.44, ""depth"": 0.14, ""unit"": ""cm""}, {""storage"": ""checked"", ""weight"": 7.3, ""height"": 54.8, ""width"": 39.08, ""depth"": 22.24, ""unit"": ""cm""}, {""storage"": ""checked"", ""weight"": 7.71, ""height"": 25.27, ""width"": 55.01, ""depth"": 21.63, ""unit"": ""cm""}]",True,All luggage complies with the policy.,,0
First,adult,"[{""storage"": ""personal"", ""weight"": 14.28, ""height"": 87.56, ""width"": 23.71, ""depth"": 30.36, ""unit"": ""cm""}]",False,"Carry-on: Total weight 14.28kg exceeds 12kg limit, all carry-on items transferred to cargo. Total fees: €75","[{""storage"": ""personal"", ""weight"": 14.28, ""height"": 87.56, ""width"": 23.71, ""depth"": 30.36, ""unit"": ""cm""}]",75
Economy,infant,"[{""storage"": ""carry-on"", ""weight"": 0.32, ""height"": 36.45, ""width"": 35.24, ""depth"": 16.88, ""unit"": ""cm""}, {""storage"": ""personal"", ""weight"": 6.46, ""height"": 15.81, ""width"": 17.58, ""depth"": 10.85, ""unit"": ""cm""}]",True,All luggage complies with the policy.,,0
Business,adult,"[{""storage"": ""carry-on"", ""weight"": 11.14, ""height"": 20.98, ""width"": 6.83, ""depth"": 18.48, ""unit"": ""cm""}, {""storage"": ""checked"", ""weight"": 36.03, ""height"": 97.61, ""width"": 18.9, ""depth"": 30.78, ""unit"": ""cm""}, {""storage"": ""personal"", ""weight"": 2.66, ""height"": 93.64, ""width"": 57.51, ""depth"": 21.62, ""unit"": ""cm""}]",False,"Carry-on: Total weight 13.8kg exceeds 12kg limit, all carry-on items transferred to cargo. Total fees: €75 | Checked: The following items must be shipped as cargo: Bag 1: weight 36.03kg exceeds 32kg limit. Total fees: €75 (cargo shipping costs not included - please contact cargo department). Consider splitting items or reducing weight/size to avoid cargo shipping.","[{""storage"": ""carry-on"", ""weight"": 11.14, ""height"": 20.98, ""width"": 6.83, ""depth"": 18.48, ""unit"": ""cm""}, {""storage"": ""personal"", ""weight"": 2.66, ""height"": 93.64, ""width"": 57.51, ""depth"": 21.62, ""unit"": ""cm""}, {""storage"": ""checked"", ""weight"": 36.03, ""height"": 97.61, ""width"": 18.9, ""depth"": 30.78, ""unit"": ""cm""}]",150
Economy,child,"[{""storage"": ""personal"", ""weight"": 10.83, ""height"": 11.07, ""width"": 7.83, ""depth"": 40.38, ""unit"": ""cm""}, {""storage"": ""carry-on"", ""weight"": 9.31, ""height"": 60.26, ""width"": 53.79, ""depth"": 35.87, ""unit"": ""cm""}, {""storage"": ""carry-on"", ""weight"": 7.08, ""height"": 61.97, ""width"": 28.55, ""depth"": 23.51, ""unit"": ""cm""}, {""storage"": ""carry-on"", ""weight"": 11.24, ""height"": 73.72, ""width"": 31.91, ""depth"": 16.06, ""unit"": ""cm""}]",False,"Carry-on: 2 bag(s) exceed quantity allowance, transferred to cargo; Total weight 20.14kg exceeds 7kg limit, all carry-on items transferred to cargo. Total fees: €375","[{""storage"": ""carry-on"", ""weight"": 7.08, ""height"": 61.97, ""width"": 28.55, ""depth"": 23.51, ""unit"": ""cm""}, {""storage"": ""carry-on"", ""weight"": 11.24, ""height"": 73.72, ""width"": 31.91, ""depth"": 16.06, ""unit"": ""cm""}, {""storage"": ""carry-on"", ""weight"": 9.31, ""height"": 60.26, ""width"": 53.79, ""depth"": 35.87, ""unit"": ""cm""}, {""storage"": ""personal"", ""weight"": 10.83, ""height"": 11.07, ""width"": 7.83, ""depth"": 40.38, ""unit"": ""cm""}]",375
Economy,adult,"[{""storage"": ""personal"", ""weight"": 9.4, ""height"": 22.5, ""width"": 45.34, ""depth"": 0.19, ""unit"": ""cm""}, {""storage"": ""carry-on"", ""weight"": 10.21, ""height"": 29.13, ""width"": 6.94, ""depth"": 25.65, ""unit"": ""cm""}, {""storage"": ""carry-on"", ""weight"": 13.3, ""height"": 82.83, ""width"": 74.4, ""depth"": 31.47, ""unit"": ""cm""}]",False,"Carry-on: 1 bag(s) exceed quantity allowance, transferred to cargo; Total weight 19.61kg exceeds 7kg limit, all carry-on items transferred to cargo. Total fees: €225","[{""storage"": ""carry-on"", ""weight"": 13.3, ""height"": 82.83, ""width"": 74.4, ""depth"": 31.47, ""unit"": ""cm""}, {""storage"": ""carry-on"", ""weight"": 10.21, ""height"": 29.13, ""width"": 6.94, ""depth"": 25.65, ""unit"": ""cm""}, {""storage"": ""personal"", ""weight"": 9.4, ""height"": 22.5, ""width"": 45.34, ""depth"": 0.19, ""unit"": ""cm""}]",225
First,adult,"[{""storage"": ""personal"", ""weight"": 2.08, ""height"": 93.0, ""width"": 33.78, ""depth"": 28.52, ""unit"": ""cm""}, {""storage"": ""checked"", ""weight"": 39.19, ""height"": 27.48, ""width"": 63.89, ""depth"": 38.64, ""unit"": ""cm""}, {""storage"": ""personal"", ""weight"": 11.27, ""height"": 5.99, ""width"": 50.19, ""depth"": 2.9, ""unit"": ""cm""}, {""storage"": ""personal"", ""weight"": 1.36, ""height"": 68.09, ""width"": 45.41, ""depth"": 29.79, ""unit"": ""cm""}, {""storage"": ""personal"", ""weight"": 5.52, ""height"": 0.72, ""width"": 63.75, ""depth"": 35.16, ""unit"": ""cm""}]",False,"Carry-on: 3 bag(s) exceed quantity allowance, transferred to cargo. Total fees: €450 | Checked: The following items must be shipped as cargo: Bag 1: weight 39.19kg exceeds 32kg limit. Total fees: €75 (cargo shipping costs not included - please contact cargo department). Consider splitting items or reducing weight/size to avoid cargo shipping.","[{""storage"": ""personal"", ""weight"": 11.27, ""height"": 5.99, ""width"": 50.19, ""depth"": 2.9, ""unit"": ""cm""}, {""storage"": ""personal"", ""weight"": 1.36, ""height"": 68.09, ""width"": 45.41, ""depth"": 29.79, ""unit"": ""cm""}, {""storage"": ""personal"", ""weight"": 5.52, ""height"": 0.72, ""width"": 63.75, ""depth"": 35.16, ""unit"": ""cm""}, {""storage"": ""checked"", ""weight"": 39.19, ""height"": 27.48, ""width"": 63.89, ""depth"": 38.64, ""unit"": ""cm""}]",525
Economy,adult,"[{""storage"": ""carry-on"", ""weight"": 0.01, ""height"": 5.43, ""width"": 8.71, ""depth"": 11.16, ""unit"": ""cm""}, {""storage"": ""personal"", ""weight"": 4.96, ""height"": 0.13, ""width"": 28.67, ""depth"": 2.24, ""unit"": ""cm""}]",True,All luggage complies with the policy.,,0
Business,child,"[{""storage"": ""carry-on"", ""weight"": 0.9, ""height"": 90.83, ""width"": 62.5, ""depth"": 46.95, ""unit"": ""cm""}, {""storage"": ""checked"", ""weight"": 44.34, ""height"": 0.75, ""width"": 77.99, ""depth"": 43.87, ""unit"": ""cm""}, {""storage"": ""personal"", ""weight"": 14.45, ""height"": 57.22, ""width"": 7.4, ""depth"": 26.7, ""unit"": ""cm""}, {""storage"": ""personal"", ""weight"": 8.73, ""height"": 22.71, ""width"": 14.1, ""depth"": 26.68, ""unit"": ""cm""}, {""storage"": ""carry-on"", ""weight"": 8.77, ""height"": 19.9, ""width"": 21.98, ""depth"": 31.84, ""unit"": ""cm""}]",False,"Carry-on: 1 bag(s) exceed quantity allowance, transferred to cargo; Total weight 24.119999999999997kg exceeds 12kg limit, all carry-on items transferred to cargo. Total fees: €225 | Checked: The following items must be shipped as cargo: Bag 1: weight 44.34kg exceeds 32kg limit. Total fees: €75 (cargo shipping costs not included - please contact cargo department). Consider splitting items or reducing weight/size to avoid cargo shipping.","[{""storage"": ""personal"", ""weight"": 8.73, ""height"": 22.71, ""width"": 14.1, ""depth"": 26.68, ""unit"": ""cm""}, {""storage"": ""carry-on"", ""weight"": 0.9, ""height"": 90.83, ""width"": 62.5, ""depth"": 46.95, ""unit"": ""cm""}, {""storage"": ""carry-on"", ""weight"": 8.77, ""height"": 19.9, ""width"": 21.98, ""depth"": 31.84, ""unit"": ""cm""}, {""storage"": ""personal"", ""weight"": 14.45, ""height"": 57.22, ""width"": 7.4, ""depth"": 26.7, ""unit"": ""cm""}, {""storage"": ""checked"", ""weight"": 44.34, ""height"": 0.75, ""width"": 77.99, ""depth"": 43.87, ""unit"": ""cm""}]",300
Business,child,"[{""storage"": ""carry-on"", ""weight"": 8.51, ""height"": 44.71, ""width"": 33.69, ""depth"": 2.02, ""unit"": ""cm""}, {""storage"": ""personal"", ""weight"": 1.08, ""height"": 32.5, ""width"": 13.06, ""depth"": 7.09, ""unit"": ""cm""}]",True,All luggage complies with the policy.,,0
Economy,adult,"[{""storage"": ""carry-on"", ""weight"": 3.76, ""height"": 16.45, ""width"": 8.65, ""depth"": 19.19, ""unit"": ""cm""}, {""storage"": ""personal"", ""weight"": 2.91, ""height"": 25.94, ""width"": 19.17, ""depth"": 9.51, ""unit"": ""cm""}, {""storage"": ""checked"", ""weight"": 9.49, ""height"": 34.03, ""width"": 20.42, ""depth"": 44.51, ""unit"": ""cm""}]",True,All luggage complies with the policy.,,0
Business,adult,"[{""storage"": ""carry-on"", ""weight"": 10.25, ""height"": 41.31, ""width"": 13.09, ""depth"": 5.42, ""unit"": ""cm""}, {""storage"": ""personal"", ""weight"": 1.41, ""height"": 21.23, ""width"": 20.92, ""depth"": 9.57, ""unit"": ""cm""}, {""storage"": ""checked"", ""weight"": 26.51, ""height"": 68.32, ""width"": 37.59, ""depth"": 39.58, ""unit"": ""cm""}, {""storage"": ""checked"", ""weight"": 6.54, ""height"": 34.66, ""width"": 25.33, ""depth"": 38.83, ""unit"": ""cm""}]",True,All luggage complies with the policy.,,0
First,child,"[{""storage"": ""personal"", ""weight"": 5.74, ""height"": 39.01, ""width"": 21.66, ""depth"": 18.93, ""unit"": ""cm""}, {""storage"": ""checked"", ""weight"": 5.8, ""height"": 66.04, ""width"": 45.46, ""depth"": 45.42, ""unit"": ""cm""}]",True,All luggage complies with the policy.,,0
First,adult,"[{""storage"": ""personal"", ""weight"": 5.98, ""height"": 4.52, ""width"": 11.85, ""depth"": 2.62, ""unit"": ""cm""}, {""storage"": ""checked"", ""weight"": 22.98, ""height"": 31.53, ""width"": 49.12, ""depth"": 39.01, ""unit"": ""cm""}, {""storage"": ""checked"", ""weight"": 12.64, ""height"": 52.72, ""width"": 43.18, ""depth"": 44.45, ""unit"": ""cm""}, {""storage"": ""checked"", ""weight"": 3.42, ""height"": 49.34, ""width"": 27.73, ""depth"": 20.61, ""unit"": ""cm""}]",True,All luggage complies with the policy.,,0
Economy,child,"[{""storage"": ""carry-on"", ""weight"": 3.9, ""height"": 41.04, ""width"": 3.65, ""depth"": 2.2, ""unit"": ""cm""}, {""storage"": ""personal"", ""weight"": 0.45, ""height"": 10.98, ""width"": 3.88, ""depth"": 17.03, ""unit"": ""cm""}, {""storage"": ""checked"", ""weight"": 7.56, ""height"": 51.18, ""width"": 46.46, ""depth"": 21.13, ""unit"": ""cm""}]",True,All luggage complies with the policy.,,0
Business,infant,"[{""storage"": ""carry-on"", ""weight"": 3.29, ""height"": 88.99, ""width"": 26.59, ""depth"": 43.59, ""unit"": ""cm""}, {""storage"": ""carry-on"", ""weight"": 0.99, ""height"": 65.44, ""width"": 20.09, ""depth"": 45.35, ""unit"": ""cm""}, {""storage"": ""checked"", ""weight"": 36.08, ""height"": 96.4, ""width"": 43.22, ""depth"": 30.72, ""unit"": ""cm""}, {""storage"": ""personal"", ""weight"": 10.31, ""height"": 68.33, ""width"": 7.03, ""depth"": 43.05, ""unit"": ""cm""}]",False,"Carry-on: Total weight 14.59kg exceeds 12kg limit, all carry-on items transferred to cargo. Total fees: €75 | Checked: The following items must be shipped as cargo: Bag 1: weight 36.08kg exceeds 32kg limit. Total fees: €175 (cargo shipping costs not included - please contact cargo department). Consider splitting items or reducing weight/size to avoid cargo shipping.","[{""storage"": ""carry-on"", ""weight"": 3.29, ""height"": 88.99, ""width"": 26.59, ""depth"": 43.59, ""unit"": ""cm""}, {""storage"": ""carry-on"", ""weight"": 0.99, ""height"": 65.44, ""width"": 20.09, ""depth"": 45.35, ""unit"": ""cm""}, {""storage"": ""personal"", ""weight"": 10.31, ""height"": 68.33, ""width"": 7.03, ""depth"": 43.05, ""unit"": ""cm""}, {""storage"": ""checked"", ""weight"": 36.08, ""height"": 96.4, ""width"": 43.22, ""depth"": 30.72, ""unit"": ""cm""}]",250
First,infant,"[{""storage"": ""personal"", ""weight"": 5.59, ""height"": 18.04, ""width"": 16.2, ""depth"": 6.77, ""unit"": ""cm""}, {""storage"": ""checked"", ""weight"": 7.48, ""height"": 54.84, ""width"": 37.46, ""depth"": 39.55, ""unit"": ""cm""}]",True,All luggage complies with the policy.,,0
Business,child,"[{""storage"": ""carry-on"", ""weight"": 8.77, ""height"": 79.67, ""width"": 73.56, ""depth"": 21.11, ""unit"": ""cm""}, {""storage"": ""carry-on"", ""weight"": 13.24, ""height"": 53.08, ""width"": 63.23, ""depth"": 6.72, ""unit"": ""cm""}, {""storage"": ""carry-on"", ""weight"": 11.53, ""height"": 12.52, ""width"": 25.58, ""depth"": 24.07, ""unit"": ""cm""}, {""storage"": ""checked"", ""weight"": 2.46, ""height"": 53.75, ""width"": 20.68, ""depth"": 48.37, ""unit"": ""cm""}, {""storage"": ""carry-on"", ""weight"": 6.74, ""height"": 53.03, ""width"": 10.99, ""depth"": 26.06, ""unit"": ""cm""}]",False,"Carry-on: 1 bag(s) exceed quantity allowance, transferred to cargo; Total weight 33.54kg exceeds 12kg limit, all carry-on items transferred to cargo. Total fees: €225","[{""storage"": ""carry-on"", ""weight"": 6.74, ""height"": 53.03, ""width"": 10.99, ""depth"": 26.06, ""unit"": ""cm""}, {""storage"": ""carry-on"", ""weight"": 8.77, ""height"": 79.67, ""width"": 73.56, ""depth"": 21.11, ""unit"": ""cm""}, {""storage"": ""carry-on"", ""weight"": 13.24, ""height"": 53.08, ""width"": 63.23, ""depth"": 6.72, ""unit"": ""cm""}, {""storage"": ""carry-on"", ""weight"": 11.53, ""height"": 12.52, ""width"": 25.58, ""depth"": 24.07, ""unit"": ""cm""}]",225
Economy,child,"[{""storage"": ""carry-on"", ""weight"": 1.49, ""height"": 19.64, ""width"": 16.21, ""depth"": 11.39, ""unit"": ""cm""}, {""storage"": ""personal"", ""weight"": 4.76, ""height"": 31.56, ""width"": 22.55, ""depth"": 6.09, ""unit"": ""cm""}, {""storage"": ""checked"", ""weight"": 9.66, ""height"": 67.86, ""width"": 21.88, ""depth"": 35.54, ""unit"": ""cm""}]",True,All luggage complies with the policy.,,0
Economy,child,"[{""storage"": ""checked"", ""weight"": 49.24, ""height"": 29.81, ""width"": 54.93, ""depth"": 10.29, ""unit"": ""cm""}, {""storage"": ""personal"", ""weight"": 1.52, ""height"": 2.5, ""width"": 39.13, ""depth"": 43.02, ""unit"": ""cm""}, {""storage"": ""checked"", ""weight"": 47.73, ""height"": 9.27, ""width"": 29.27, ""depth"": 1.58, ""unit"": ""cm""}, {""storage"": ""checked"", ""weight"": 10.68, ""height"": 34.95, ""width"": 54.76, ""depth"": 37.1, ""unit"": ""cm""}, {""storage"": ""personal"", ""weight"": 8.42, ""height"": 1.12, ""width"": 12.37, ""depth"": 15.85, ""unit"": ""cm""}]",False,"Carry-on: Total weight 9.94kg exceeds 7kg limit, all carry-on items transferred to cargo. Total fees: €75 | Checked: The following items must be shipped as cargo: Bag 1: weight 49.24kg exceeds 32kg limit; Bag 2: weight 47.73kg exceeds 32kg limit. Total fees: €450 (cargo shipping costs not included - please contact cargo department). Consider splitting items or reducing weight/size to avoid cargo shipping.","[{""storage"": ""personal"", ""weight"": 1.52, ""height"": 2.5, ""width"": 39.13, ""depth"": 43.02, ""unit"": ""cm""}, {""storage"": ""personal"", ""weight"": 8.42, ""height"": 1.12, ""width"": 12.37, ""depth"": 15.85, ""unit"": ""cm""}, {""storage"": ""checked"", ""weight"": 49.24, ""height"": 29.81, ""width"": 54.93, ""depth"": 10.29, ""unit"": ""cm""}, {""storage"": ""checked"", ""weight"": 47.73, ""height"": 9.27, ""width"": 29.27, ""depth"": 1.58, ""unit"": ""cm""}]",525
First,child,"[{""storage"": ""personal"", ""weight"": 1.97, ""height"": 12.07, ""width"": 25.47, ""depth"": 2.41, ""unit"": ""cm""}]",True,All luggage complies with the policy.,,0
Business,child,"[{""storage"": ""checked"", ""weight"": 32.37, ""height"": 49.45, ""width"": 64.65, ""depth"": 16.1, ""unit"": ""cm""}, {""storage"": ""carry-on"", ""weight"": 0.85, ""height"": 96.33, ""width"": 26.82, ""depth"": 33.05, ""unit"": ""cm""}]",False,"Carry-on: 1 bag(s) exceed size limits, transferred to cargo. Total fees: €100 | Checked: The following items must be shipped as cargo: Bag 1: weight 32.37kg exceeds 32kg limit. Total fees: €75 (cargo shipping costs not included - please contact cargo department). Consider splitting items or reducing weight/size to avoid cargo shipping.","[{""storage"": ""carry-on"", ""weight"": 0.85, ""height"": 96.33, ""width"": 26.82, ""depth"": 33.05, ""unit"": ""cm""}, {""storage"": ""checked"", ""weight"": 32.37, ""height"": 49.45, ""width"": 64.65, ""depth"": 16.1, ""unit"": ""cm""}]",175
First,infant,"[{""storage"": ""checked"", ""weight"": 37.37, ""height"": 46.5, ""width"": 40.65, ""depth"": 37.81, ""unit"": ""cm""}, {""storage"": ""carry-on"", ""weight"": 0.03, ""height"": 8.89, ""width"": 66.14, ""depth"": 26.43, ""unit"": ""cm""}]",False,"Carry-on: 1 bag(s) exceed size limits, transferred to cargo. Total fees: €100 | Checked: The following items must be shipped as cargo: Bag 1: weight 37.37kg exceeds 32kg limit. Total fees: €75 (cargo shipping costs not included - please contact cargo department). Consider splitting items or reducing weight/size to avoid cargo shipping.","[{""storage"": ""carry-on"", ""weight"": 0.03, ""height"": 8.89, ""width"": 66.14, ""depth"": 26.43, ""unit"": ""cm""}, {""storage"": ""checked"", ""weight"": 37.37, ""height"": 46.5, ""width"": 40.65, ""depth"": 37.81, ""unit"": ""cm""}]",175
Economy,adult,"[{""storage"": ""carry-on"", ""weight"": 4.47, ""height"": 47.47, ""width"": 16.66, ""depth"": 48.96, ""unit"": ""cm""}, {""storage"": ""carry-on"", ""weight"": 12.75, ""height"": 62.44, ""width"": 63.84, ""depth"": 28.17, ""unit"": ""cm""}, {""storage"": ""personal"", ""weight"": 14.53, ""height"": 99.66, ""width"": 38.66, ""depth"": 17.03, ""unit"": ""cm""}, {""storage"": ""carry-on"", ""weight"": 7.54, ""height"": 43.04, ""width"": 78.86, ""depth"": 18.3, ""unit"": ""cm""}]",False,"Carry-on: 2 bag(s) exceed quantity allowance, transferred to cargo; Total weight 19.0kg exceeds 7kg limit, all carry-on items transferred to cargo. Total fees: €375","[{""storage"": ""carry-on"", ""weight"": 12.75, ""height"": 62.44, ""width"": 63.84, ""depth"": 28.17, ""unit"": ""cm""}, {""storage"": ""carry-on"", ""weight"": 7.54, ""height"": 43.04, ""width"": 78.86, ""depth"": 18.3, ""unit"": ""cm""}, {""storage"": ""carry-on"", ""weight"": 4.47, ""height"": 47.47, ""width"": 16.66, ""depth"": 48.96, ""unit"": ""cm""}, {""storage"": ""personal"", ""weight"": 14.53, ""height"": 99.66, ""width"": 38.66, ""depth"": 17.03, ""unit"": ""cm""}]",375
First,adult,"[{""storage"": ""carry-on"", ""weight"": 0.88, ""height"": 3.67, ""width"": 16.97, ""depth"": 2.81, ""unit"": ""cm""}, {""storage"": ""carry-on"", ""weight"": 1.16, ""height"": 50.38, ""width"": 33.91, ""depth"": 6.55, ""unit"": ""cm""}, {""storage"": ""personal"", ""weight"": 9.85, ""height"": 2.51, ""width"": 22.7, ""depth"": 3.24, ""unit"": ""cm""}, {""storage"": ""checked"", ""weight"": 28.57, ""height"": 25.51, ""width"": 49.54, ""depth"": 40.45, ""unit"": ""cm""}, {""storage"": ""checked"", ""weight"": 15.63, ""height"": 29.94, ""width"": 42.71, ""depth"": 49.85, ""unit"": ""cm""}, {""storage"": ""checked"", ""weight"": 23.24, ""height"": 50.73, ""width"": 53.03, ""depth"": 48.89, ""unit"": ""cm""}]",True,All luggage complies with the policy.,,0
Business,child,"[{""storage"": ""checked"", ""weight"": 22.71, ""height"": 4.56, ""width"": 40.78, ""depth"": 25.05, ""unit"": ""cm""}, {""storage"": ""carry-on"", ""weight"": 2.5, ""height"": 48.7, ""width"": 10.01, ""depth"": 11.33, ""unit"": ""cm""}, {""storage"": ""checked"", ""weight"": 31.57, ""height"": 73.13, ""width"": 65.88, ""depth"": 48.96, ""unit"": ""cm""}, {""storage"": ""checked"", ""weight"": 6.73, ""height"": 54.99, ""width"": 67.69, ""depth"": 38.77, ""unit"": ""cm""}]",False,Checked: Checked luggage complies with the policy.,,350
Business,infant,"[{""storage"": ""carry-on"", ""weight"": 1.15, ""height"": 42.01, ""width"": 19.15, ""depth"": 12.06, ""unit"": ""cm""}, {""storage"": ""carry-on"", ""weight"": 0.03, ""height"": 5.66, ""width"": 32.64, ""depth"": 11.6, ""unit"": ""cm""}, {""storage"": ""personal"", ""weight"": 10.0, ""height"": 5.65, ""width"": 19.99, ""depth"": 3.66, ""unit"": ""cm""}]",True,All luggage complies with the policy.,,0
First,adult,"[{""storage"": ""carry-on"", ""weight"": 13.57, ""height"": 1.49, ""width"": 66.91, ""depth"": 31.44, ""unit"": ""cm""}, {""storage"": ""carry-on"", ""weight"": 6.7, ""height"": 46.96, ""width"": 30.03, ""depth"": 3.98, ""unit"": ""cm""}]",False,"Carry-on: Total weight 20.27kg exceeds 12kg limit, all carry-on items transferred to cargo. Total fees: €75","[{""storage"": ""carry-on"", ""weight"": 13.57, ""height"": 1.49, ""width"": 66.91, ""depth"": 31.44, ""unit"": ""cm""}, {""storage"": ""carry-on"", ""weight"": 6.7, ""height"": 46.96, ""width"": 30.03, ""depth"": 3.98, ""unit"": ""cm""}]",75
Economy,infant,"[{""storage"": ""personal"", ""weight"": 4.46, ""height"": 4.11, ""width"": 10.35, ""depth"": 11.17, ""unit"": ""cm""}]",True,All luggage complies with the policy.,,0
First,adult,"[{""storage"": ""carry-on"", ""weight"": 9.72, ""height"": 10.21, ""width"": 24.05, ""depth"": 20.44, ""unit"": ""cm""}, {""storage"": ""personal"", ""weight"": 1.33, ""height"": 14.07, ""width"": 8.79, ""depth"": 12.53, ""unit"": ""cm""}, {""storage"": ""checked"", ""weight"": 24.75, ""height"": 54.32, ""width"": 49.35, ""depth"": 21.46, ""unit"": ""cm""}]",True,All luggage complies with the policy.,,0
First,infant,"[{""storage"": ""checked"", ""weight"": 43.15, ""height"": 92.63, ""width"": 28.55, ""depth"": 25.4, ""unit"": ""cm""}, {""storage"": ""personal"", ""weight"": 4.58, ""height"": 10.56, ""width"": 48.5, ""depth"": 17.76, ""unit"": ""cm""}, {""storage"": ""personal"", ""weight"": 3.55, ""height"": 8.42, ""width"": 6.06, ""depth"": 40.01, ""unit"": ""cm""}, {""storage"": ""personal"", ""weight"": 14.66, ""height"": 60.63, ""width"": 79.3, ""depth"": 35.6, ""unit"": ""cm""}, {""storage"": ""personal"", ""weight"": 0.65, ""height"": 10.59, ""width"": 19.05, ""depth"": 12.42, ""unit"": ""cm""}]",False,"Carry-on: 3 bag(s) exceed quantity allowance, transferred to cargo. Total fees: €450 | Checked: The following items must be shipped as cargo: Bag 1: weight 43.15kg exceeds 32kg limit. Total fees: €75 (cargo shipping costs not included - please contact cargo department). Consider splitting items or reducing weight/size to avoid cargo shipping.","[{""storage"": ""personal"", ""weight"": 3.55, ""height"": 8.42, ""width"": 6.06, ""depth"": 40.01, ""unit"": ""cm""}, {""storage"": ""personal"", ""weight"": 14.66, ""height"": 60.63, ""width"": 79.3, ""depth"": 35.6, ""unit"": ""cm""}, {""storage"": ""personal"", ""weight"": 0.65, ""height"": 10.59, ""width"": 19.05, ""depth"": 12.42, ""unit"": ""cm""}, {""storage"": ""checked"", ""weight"": 43.15, ""height"": 92.63, ""width"": 28.55, ""depth"": 25.4, ""unit"": ""cm""}]",525
Business,adult,"[{""storage"": ""carry-on"", ""weight"": 14.69, ""height"": 20.08, ""width"": 75.94, ""depth"": 16.61, ""unit"": ""cm""}, {""storage"": ""checked"", ""weight"": 12.34, ""height"": 80.51, ""width"": 13.68, ""depth"": 14.18, ""unit"": ""cm""}, {""storage"": ""carry-on"", ""weight"": 13.11, ""height"": 43.09, ""width"": 2.22, ""depth"": 11.1, ""unit"": ""cm""}, {""storage"": ""checked"", ""weight"": 49.52, ""height"": 21.04, ""width"": 26.13, ""depth"": 37.08, ""unit"": ""cm""}]",False,"Carry-on: Total weight 27.799999999999997kg exceeds 12kg limit, all carry-on items transferred to cargo. Total fees: €75 | Checked: The following items must be shipped as cargo: Bag 2: weight 49.52kg exceeds 32kg limit. Total fees: €75 (cargo shipping costs not included - please contact cargo department). Consider splitting items or reducing weight/size to avoid cargo shipping.","[{""storage"": ""carry-on"", ""weight"": 14.69, ""height"": 20.08, ""width"": 75.94, ""depth"": 16.61, ""unit"": ""cm""}, {""storage"": ""carry-on"", ""weight"": 13.11, ""height"": 43.09, ""width"": 2.22, ""depth"": 11.1, ""unit"": ""cm""}, {""storage"": ""checked"", ""weight"": 49.52, ""height"": 21.04, ""width"": 26.13, ""depth"": 37.08, ""unit"": ""cm""}]",150
First,adult,"[{""storage"": ""checked"", ""weight"": 17.35, ""height"": 48.02, ""width"": 26.95, ""depth"": 38.12, ""unit"": ""cm""}]",True,All luggage complies with the policy.,,0
Business,child,"[{""storage"": ""personal"", ""weight"": 10.88, ""height"": 27.98, ""width"": 22.02, ""depth"": 12.27, ""unit"": ""cm""}]",True,All luggage complies with the policy.,,0
First,adult,"[{""storage"": ""carry-on"", ""weight"": 5.68, ""height"": 44.95, ""width"": 26.36, ""depth"": 17.65, ""unit"": ""cm""}, {""storage"": ""carry-on"", ""weight"": 3.5, ""height"": 4.16, ""width"": 31.94, ""depth"": 19.37, ""unit"": ""cm""}, {""storage"": ""personal"", ""weight"": 2.07, ""height"": 21.3, ""width"": 12.06, ""depth"": 5.84, ""unit"": ""cm""}]",True,All luggage complies with the policy.,,0
First,adult,"[{""storage"": ""carry-on"", ""weight"": 4.22, ""height"": 2.26, ""width"": 19.86, ""depth"": 17.73, ""unit"": ""cm""}, {""storage"": ""personal"", ""weight"": 5.05, ""height"": 4.06, ""width"": 11.51, ""depth"": 14.03, ""unit"": ""cm""}, {""storage"": ""checked"", ""weight"": 11.17, ""height"": 37.49, ""width"": 51.66, ""depth"": 30.65, ""unit"": ""cm""}]",True,All luggage complies with the policy.,,0
First,child,"[{""storage"": ""carry-on"", ""weight"": 0.92, ""height"": 97.58, ""width"": 30.0, ""depth"": 44.27, ""unit"": ""cm""}, {""storage"": ""carry-on"", ""weight"": 3.83, ""height"": 16.19, ""width"": 64.12, ""depth"": 28.63, ""unit"": ""cm""}]",False,"Carry-on: 2 bag(s) exceed size limits, transferred to cargo. Total fees: €200","[{""storage"": ""carry-on"", ""weight"": 0.92, ""height"": 97.58, ""width"": 30.0, ""depth"": 44.27, ""unit"": ""cm""}, {""storage"": ""carry-on"", ""weight"": 3.83, ""height"": 16.19, ""width"": 64.12, ""depth"": 28.63, ""unit"": ""cm""}]",200
First,adult,"[{""storage"": ""personal"", ""weight"": 12.28, ""height"": 95.05, ""width"": 30.91, ""depth"": 31.44, ""unit"": ""cm""}]",False,"Carry-on: Total weight 12.28kg exceeds 12kg limit, all carry-on items transferred to cargo. Total fees: €75","[{""storage"": ""personal"", ""weight"": 12.28, ""height"": 95.05, ""width"": 30.91, ""depth"": 31.44, ""unit"": ""cm""}]",75
Economy,infant,"[{""storage"": ""carry-on"", ""weight"": 2.05, ""height"": 7.6, ""width"": 14.34, ""depth"": 13.73, ""unit"": ""cm""}, {""storage"": ""personal"", ""weight"": 1.46, ""height"": 35.85, ""width"": 6.47, ""depth"": 19.89, ""unit"": ""cm""}]",True,All luggage complies with the policy.,,0
Economy,child,"[{""storage"": ""checked"", ""weight"": 13.21, ""height"": 62.0, ""width"": 24.72, ""depth"": 8.27, ""unit"": ""cm""}, {""storage"": ""carry-on"", ""weight"": 14.96, ""height"": 80.98, ""width"": 66.77, ""depth"": 3.55, ""unit"": ""cm""}, {""storage"": ""checked"", ""weight"": 46.02, ""height"": 92.03, ""width"": 58.61, ""depth"": 44.61, ""unit"": ""cm""}, {""storage"": ""checked"", ""weight"": 7.4, ""height"": 91.58, ""width"": 53.6, ""depth"": 12.77, ""unit"": ""cm""}]",False,"Carry-on: Total weight 14.96kg exceeds 7kg limit, all carry-on items transferred to cargo. Total fees: €75 | Checked: The following items must be shipped as cargo: Bag 2: weight 46.02kg exceeds 32kg limit. Total fees: €475 (cargo shipping costs not included - please contact cargo department). Consider splitting items or reducing weight/size to avoid cargo shipping.","[{""storage"": ""carry-on"", ""weight"": 14.96, ""height"": 80.98, ""width"": 66.77, ""depth"": 3.55, ""unit"": ""cm""}, {""storage"": ""checked"", ""weight"": 46.02, ""height"": 92.03, ""width"": 58.61, ""depth"": 44.61, ""unit"": ""cm""}]",550
First,child,"[{""storage"": ""personal"", ""weight"": 8.68, ""height"": 9.79, ""width"": 3.77, ""depth"": 10.76, ""unit"": ""cm""}, {""storage"": ""checked"", ""weight"": 6.34, ""height"": 58.18, ""width"": 45.56, ""depth"": 30.3, ""unit"": ""cm""}, {""storage"": ""checked"", ""weight"": 27.93, ""height"": 37.1, ""width"": 39.46, ""depth"": 20.11, ""unit"": ""cm""}, {""storage"": ""checked"", ""weight"": 25.94, ""height"": 64.16, ""width"": 28.42, ""depth"": 29.18, ""unit"": ""cm""}]",True,All luggage complies with the policy.,,0
Business,infant,"[{""storage"": ""checked"", ""weight"": 29.43, ""height"": 9.97, ""width"": 14.63, ""depth"": 39.08, ""unit"": ""cm""}, {""storage"": ""checked"", ""weight"": 9.36, ""height"": 67.3, ""width"": 39.54, ""depth"": 45.36, ""unit"": ""cm""}, {""storage"": ""carry-on"", ""weight"": 7.67, ""height"": 92.9, ""width"": 61.45, ""depth"": 11.43, ""unit"": ""cm""}]",False,"Carry-on: 1 bag(s) exceed size limits, transferred to cargo. Total fees: €100","[{""storage"": ""carry-on"", ""weight"": 7.67, ""height"": 92.9, ""width"": 61.45, ""depth"": 11.43, ""unit"": ""cm""}]",100
Business,infant,"[{""storage"": ""personal"", ""weight"": 3.42, ""height"": 45.33, ""width"": 13.42, ""depth"": 40.27, ""unit"": ""cm""}, {""storage"": ""checked"", ""weight"": 49.45, ""height"": 72.82, ""width"": 23.75, ""depth"": 31.03, ""unit"": ""cm""}, {""storage"": ""checked"", ""weight"": 21.43, ""height"": 40.17, ""width"": 4.47, ""depth"": 9.37, ""unit"": ""cm""}, {""storage"": ""checked"", ""weight"": 21.01, ""height"": 47.23, ""width"": 37.42, ""depth"": 29.09, ""unit"": ""cm""}]",False,Checked: The following items must be shipped as cargo: Bag 1: weight 49.45kg exceeds 32kg limit. Total fees: €225 (cargo shipping costs not included - please contact cargo department). Consider splitting items or reducing weight/size to avoid cargo shipping.,"[{""storage"": ""checked"", ""weight"": 49.45, ""height"": 72.82, ""width"": 23.75, ""depth"": 31.03, ""unit"": ""cm""}]",225
First,adult,"[{""storage"": ""carry-on"", ""weight"": 5.73, ""height"": 12.47, ""width"": 18.06, ""depth"": 6.43, ""unit"": ""cm""}, {""storage"": ""carry-on"", ""weight"": 4.15, ""height"": 42.04, ""width"": 26.38, ""depth"": 0.29, ""unit"": ""cm""}, {""storage"": ""personal"", ""weight"": 0.89, ""height"": 3.03, ""width"": 25.05, ""depth"": 7.26, ""unit"": ""cm""}, {""storage"": ""checked"", ""weight"": 9.42, ""height"": 68.43, ""width"": 40.51, ""depth"": 27.15, ""unit"": ""cm""}, {""storage"": ""checked"", ""weight"": 6.36, ""height"": 57.83, ""width"": 21.24, ""depth"": 48.88, ""unit"": ""cm""}]",True,All luggage complies with the policy.,,0
First,adult,"[{""storage"": ""personal"", ""weight"": 13.61, ""height"": 61.36, ""width"": 45.4, ""depth"": 29.06, ""unit"": ""cm""}, {""storage"": ""checked"", ""weight"": 48.38, ""height"": 99.2, ""width"": 13.08, ""depth"": 13.32, ""unit"": ""cm""}, {""storage"": ""checked"", ""weight"": 49.53, ""height"": 24.51, ""width"": 0.94, ""depth"": 30.37, ""unit"": ""cm""}, {""storage"": ""checked"", ""weight"": 16.56, ""height"": 85.03, ""width"": 58.76, ""depth"": 25.05, ""unit"": ""cm""}, {""storage"": ""personal"", ""weight"": 11.29, ""height"": 3.01, ""width"": 67.78, ""depth"": 4.48, ""unit"": ""cm""}]",False,"Carry-on: Total weight 24.9kg exceeds 12kg limit, all carry-on items transferred to cargo. Total fees: €75 | Checked: The following items must be shipped as cargo: Bag 1: weight 48.38kg exceeds 32kg limit; Bag 2: weight 49.53kg exceeds 32kg limit. Total fees: €250 (cargo shipping costs not included - please contact cargo department). Consider splitting items or reducing weight/size to avoid cargo shipping.","[{""storage"": ""personal"", ""weight"": 13.61, ""height"": 61.36, ""width"": 45.4, ""depth"": 29.06, ""unit"": ""cm""}, {""storage"": ""personal"", ""weight"": 11.29, ""height"": 3.01, ""width"": 67.78, ""depth"": 4.48, ""unit"": ""cm""}, {""storage"": ""checked"", ""weight"": 48.38, ""height"": 99.2, ""width"": 13.08, ""depth"": 13.32, ""unit"": ""cm""}, {""storage"": ""checked"", ""weight"": 49.53, ""height"": 24.51, ""width"": 0.94, ""depth"": 30.37, ""unit"": ""cm""}]",325
Economy,adult,"[{""storage"": ""personal"", ""weight"": 6.3, ""height"": 12.12, ""width"": 19.66, ""depth"": 15.32, ""unit"": ""cm""}, {""storage"": ""checked"", ""weight"": 1.43, ""height"": 33.1, ""width"": 27.87, ""depth"": 39.75, ""unit"": ""cm""}]",True,All luggage complies with the policy.,,0
Economy,adult,"[{""storage"": ""carry-on"", ""weight"": 3.72, ""height"": 4.6, ""width"": 24.3, ""depth"": 19.17, ""unit"": ""cm""}, {""storage"": ""personal"", ""weight"": 1.12, ""height"": 22.89, ""width"": 22.7, ""depth"": 1.71, ""unit"": ""cm""}]",True,All luggage complies with the policy.,,0
First,child,"[{""storage"": ""personal"", ""weight"": 6.43, ""height"": 20.42, ""width"": 0.63, ""depth"": 9.86, ""unit"": ""cm""}, {""storage"": ""checked"", ""weight"": 20.06, ""height"": 39.83, ""width"": 22.08, ""depth"": 28.28, ""unit"": ""cm""}, {""storage"": ""carry-on"", ""weight"": 14.08, ""height"": 71.53, ""width"": 9.95, ""depth"": 12.93, ""unit"": ""cm""}, {""storage"": ""carry-on"", ""weight"": 5.15, ""height"": 61.29, ""width"": 79.89, ""depth"": 47.45, ""unit"": ""cm""}]",False,"Carry-on: Total weight 25.66kg exceeds 12kg limit, all carry-on items transferred to cargo. Total fees: €75","[{""storage"": ""carry-on"", ""weight"": 14.08, ""height"": 71.53, ""width"": 9.95, ""depth"": 12.93, ""unit"": ""cm""}, {""storage"": ""carry-on"", ""weight"": 5.15, ""height"": 61.29, ""width"": 79.89, ""depth"": 47.45, ""unit"": ""cm""}, {""storage"": ""personal"", ""weight"": 6.43, ""height"": 20.42, ""width"": 0.63, ""depth"": 9.86, ""unit"": ""cm""}]",75
Business,adult,"[{""storage"": ""personal"", ""weight"": 3.39, ""height"": 63.93, ""width"": 63.8, ""depth"": 0.37, ""unit"": ""cm""}]",True,All luggage complies with the policy.,,0
First,child,"[{""storage"": ""personal"", ""weight"": 1.76, ""height"": 24.24, ""width"": 50.96, ""depth"": 27.29, ""unit"": ""cm""}]",True,All luggage complies with the policy.,,0
Economy,child,"[{""storage"": ""personal"", ""weight"": 3.5, ""height"": 10.08, ""width"": 9.4, ""depth"": 8.82, ""unit"": ""cm""}]",True,All luggage complies with the policy.,,0
Business,child,"[{""storage"": ""carry-on"", ""weight"": 2.19, ""height"": 29.15, ""width"": 24.82, ""depth"": 6.33, ""unit"": ""cm""}, {""storage"": ""personal"", ""weight"": 7.11, ""height"": 29.09, ""width"": 16.5, ""depth"": 18.79, ""unit"": ""cm""}, {""storage"": ""checked"", ""weight"": 21.68, ""height"": 22.61, ""width"": 45.35, ""depth"": 21.53, ""unit"": ""cm""}, {""storage"": ""checked"", ""weight"": 12.35, ""height"": 50.32, ""width"": 38.43, ""depth"": 28.45, ""unit"": ""cm""}]",True,All luggage complies with the policy.,,0
Business,infant,"[{""storage"": ""personal"", ""weight"": 4.07, ""height"": 33.92, ""width"": 6.04, ""depth"": 11.29, ""unit"": ""cm""}, {""storage"": ""checked"", ""weight"": 3.84, ""height"": 49.84, ""width"": 26.67, ""depth"": 46.28, ""unit"": ""cm""}, {""storage"": ""checked"", ""weight"": 14.3, ""height"": 21.84, ""width"": 57.36, ""depth"": 29.71, ""unit"": ""cm""}]",True,All luggage complies with the policy.,,0
First,infant,"[{""storage"": ""checked"", ""weight"": 49.16, ""height"": 61.22, ""width"": 34.52, ""depth"": 30.86, ""unit"": ""cm""}]",False,Checked: The following items must be shipped as cargo: Bag 1: weight 49.16kg exceeds 32kg limit. Total fees: €75 (cargo shipping costs not included - please contact cargo department). Consider splitting items or reducing weight/size to avoid cargo shipping.,"[{""storage"": ""checked"", ""weight"": 49.16, ""height"": 61.22, ""width"": 34.52, ""depth"": 30.86, ""unit"": ""cm""}]",75
First,child,"[{""storage"": ""personal"", ""weight"": 9.35, ""height"": 32.19, ""width"": 42.36, ""depth"": 11.52, ""unit"": ""cm""}, {""storage"": ""personal"", ""weight"": 2.97, ""height"": 2.37, ""width"": 19.96, ""depth"": 37.28, ""unit"": ""cm""}, {""storage"": ""carry-on"", ""weight"": 2.62, ""height"": 3.25, ""width"": 38.59, ""depth"": 15.12, ""unit"": ""cm""}, {""storage"": ""carry-on"", ""weight"": 9.35, ""height"": 48.59, ""width"": 37.09, ""depth"": 16.55, ""unit"": ""cm""}]",False,"Carry-on: 1 bag(s) exceed quantity allowance, transferred to cargo; Total weight 21.32kg exceeds 12kg limit, all carry-on items transferred to cargo. Total fees: €225","[{""storage"": ""personal"", ""weight"": 2.97, ""height"": 2.37, ""width"": 19.96, ""depth"": 37.28, ""unit"": ""cm""}, {""storage"": ""carry-on"", ""weight"": 2.62, ""height"": 3.25, ""width"": 38.59, ""depth"": 15.12, ""unit"": ""cm""}, {""storage"": ""carry-on"", ""weight"": 9.35, ""height"": 48.59, ""width"": 37.09, ""depth"": 16.55, ""unit"": ""cm""}, {""storage"": ""personal"", ""weight"": 9.35, ""height"": 32.19, ""width"": 42.36, ""depth"": 11.52, ""unit"": ""cm""}]",225
Economy,child,"[{""storage"": ""personal"", ""weight"": 4.05, ""height"": 34.79, ""width"": 12.11, ""depth"": 6.59, ""unit"": ""cm""}, {""storage"": ""checked"", ""weight"": 9.43, ""height"": 47.71, ""width"": 58.87, ""depth"": 22.2, ""unit"": ""cm""}]",True,All luggage complies with the policy.,,0
First,child,"[{""storage"": ""personal"", ""weight"": 9.4, ""height"": 34.01, ""width"": 19.22, ""depth"": 13.9, ""unit"": ""cm""}, {""storage"": ""checked"", ""weight"": 0.4, ""height"": 59.12, ""width"": 35.84, ""depth"": 22.09, ""unit"": ""cm""}, {""storage"": ""checked"", ""weight"": 1.93, ""height"": 26.66, ""width"": 25.53, ""depth"": 44.12, ""unit"": ""cm""}, {""storage"": ""checked"", ""weight"": 29.79, ""height"": 51.28, ""width"": 44.55, ""depth"": 32.03, ""unit"": ""cm""}]",True,All luggage complies with the policy.,,0
First,child,"[{""storage"": ""personal"", ""weight"": 1.21, ""height"": 14.98, ""width"": 28.98, ""depth"": 13.8, ""unit"": ""cm""}, {""storage"": ""checked"", ""weight"": 2.21, ""height"": 45.39, ""width"": 35.59, ""depth"": 47.45, ""unit"": ""cm""}, {""storage"": ""checked"", ""weight"": 0.34, ""height"": 46.22, ""width"": 32.41, ""depth"": 30.72, ""unit"": ""cm""}]",True,All luggage complies with the policy.,,0
Business,infant,"[{""storage"": ""carry-on"", ""weight"": 9.28, ""height"": 42.55, ""width"": 26.92, ""depth"": 4.15, ""unit"": ""cm""}, {""storage"": ""personal"", ""weight"": 0.14, ""height"": 15.77, ""width"": 15.93, ""depth"": 5.01, ""unit"": ""cm""}, {""storage"": ""checked"", ""weight"": 31.15, ""height"": 40.01, ""width"": 48.35, ""depth"": 37.97, ""unit"": ""cm""}, {""storage"": ""checked"", ""weight"": 13.68, ""height"": 27.51, ""width"": 39.0, ""depth"": 43.77, ""unit"": ""cm""}]",True,All luggage complies with the policy.,,0
Economy,infant,"[{""storage"": ""carry-on"", ""weight"": 0.58, ""height"": 30.98, ""width"": 19.42, ""depth"": 4.76, ""unit"": ""cm""}, {""storage"": ""personal"", ""weight"": 2.87, ""height"": 32.42, ""width"": 0.3, ""depth"": 17.84, ""unit"": ""cm""}, {""storage"": ""checked"", ""weight"": 19.67, ""height"": 20.88, ""width"": 37.23, ""depth"": 26.18, ""unit"": ""cm""}]",True,All luggage complies with the policy.,,0
First,infant,"[{""storage"": ""personal"", ""weight"": 10.58, ""height"": 69.88, ""width"": 53.53, ""depth"": 2.68, ""unit"": ""cm""}, {""storage"": ""carry-on"", ""weight"": 6.57, ""height"": 92.9, ""width"": 67.65, ""depth"": 47.81, ""unit"": ""cm""}, {""storage"": ""personal"", ""weight"": 2.42, ""height"": 2.98, ""width"": 78.72, ""depth"": 46.05, ""unit"": ""cm""}, {""storage"": ""checked"", ""weight"": 28.7, ""height"": 5.36, ""width"": 73.55, ""depth"": 40.42, ""unit"": ""cm""}, {""storage"": ""personal"", ""weight"": 9.85, ""height"": 80.01, ""width"": 54.26, ""depth"": 40.13, ""unit"": ""cm""}]",False,"Carry-on: 2 bag(s) exceed quantity allowance, transferred to cargo; Total weight 17.15kg exceeds 12kg limit, all carry-on items transferred to cargo. Total fees: €375","[{""storage"": ""personal"", ""weight"": 2.42, ""height"": 2.98, ""width"": 78.72, ""depth"": 46.05, ""unit"": ""cm""}, {""storage"": ""personal"", ""weight"": 9.85, ""height"": 80.01, ""width"": 54.26, ""depth"": 40.13, ""unit"": ""cm""}, {""storage"": ""carry-on"", ""weight"": 6.57, ""height"": 92.9, ""width"": 67.65, ""depth"": 47.81, ""unit"": ""cm""}, {""storage"": ""personal"", ""weight"": 10.58, ""height"": 69.88, ""width"": 53.53, ""depth"": 2.68, ""unit"": ""cm""}]",375
First,adult,"[{""storage"": ""checked"", ""weight"": 45.62, ""height"": 42.99, ""width"": 21.25, ""depth"": 8.08, ""unit"": ""cm""}, {""storage"": ""personal"", ""weight"": 0.44, ""height"": 76.76, ""width"": 49.5, ""depth"": 2.98, ""unit"": ""cm""}]",False,Checked: The following items must be shipped as cargo: Bag 1: weight 45.62kg exceeds 32kg limit. Total fees: €75 (cargo shipping costs not included - please contact cargo department). Consider splitting items or reducing weight/size to avoid cargo shipping.,"[{""storage"": ""checked"", ""weight"": 45.62, ""height"": 42.99, ""width"": 21.25, ""depth"": 8.08, ""unit"": ""cm""}]",75
Business,adult,"[{""storage"": ""carry-on"", ""weight"": 5.58, ""height"": 21.48, ""width"": 31.16, ""depth"": 13.0, ""unit"": ""cm""}, {""storage"": ""carry-on"", ""weight"": 0.21, ""height"": 34.09, ""width"": 28.56, ""depth"": 4.91, ""unit"": ""cm""}, {""storage"": ""personal"", ""weight"": 0.94, ""height"": 29.89, ""width"": 20.18, ""depth"": 16.19, ""unit"": ""cm""}, {""storage"": ""checked"", ""weight"": 29.32, ""height"": 21.65, ""width"": 30.41, ""depth"": 21.16, ""unit"": ""cm""}, {""storage"": ""checked"", ""weight"": 28.27, ""height"": 51.9, ""width"": 22.78, ""depth"": 48.24, ""unit"": ""cm""}]",True,All luggage complies with the policy.,,0
Economy,child,"[{""storage"": ""checked"", ""weight"": 37.47, ""height"": 15.24, ""width"": 46.32, ""depth"": 4.87, ""unit"": ""cm""}, {""storage"": ""personal"", ""weight"": 2.16, ""height"": 28.74, ""width"": 75.06, ""depth"": 35.41, ""unit"": ""cm""}]",False,Checked: The following items must be shipped as cargo: Bag 1: weight 37.47kg exceeds 32kg limit. Total fees: €75 (cargo shipping costs not included - please contact cargo department). Consider splitting items or reducing weight/size to avoid cargo shipping.,"[{""storage"": ""checked"", ""weight"": 37.47, ""height"": 15.24, ""width"": 46.32, ""depth"": 4.87, ""unit"": ""cm""}]",75
Economy,infant,"[{""storage"": ""personal"", ""weight"": 5.94, ""height"": 16.42, ""width"": 9.04, ""depth"": 19.59, ""unit"": ""cm""}]",True,All luggage complies with the policy.,,0
Business,infant,"[{""storage"": ""carry-on"", ""weight"": 1.78, ""height"": 28.23, ""width"": 25.71, ""depth"": 2.59, ""unit"": ""cm""}, {""storage"": ""personal"", ""weight"": 8.66, ""height"": 22.36, ""width"": 24.89, ""depth"": 11.92, ""unit"": ""cm""}, {""storage"": ""checked"", ""weight"": 5.94, ""height"": 53.19, ""width"": 38.68, ""depth"": 35.13, ""unit"": ""cm""}]",True,All luggage complies with the policy.,,0
Economy,adult,"[{""storage"": ""personal"", ""weight"": 2.56, ""height"": 18.22, ""width"": 7.07, ""depth"": 9.01, ""unit"": ""cm""}]",True,All luggage complies with the policy.,,0
Business,infant,"[{""storage"": ""carry-on"", ""weight"": 13.69, ""height"": 55.98, ""width"": 30.79, ""depth"": 48.16, ""unit"": ""cm""}, {""storage"": ""carry-on"", ""weight"": 5.09, ""height"": 71.12, ""width"": 27.41, ""depth"": 2.33, ""unit"": ""cm""}]",False,"Carry-on: Total weight 18.78kg exceeds 12kg limit, all carry-on items transferred to cargo. Total fees: €75","[{""storage"": ""carry-on"", ""weight"": 13.69, ""height"": 55.98, ""width"": 30.79, ""depth"": 48.16, ""unit"": ""cm""}, {""storage"": ""carry-on"", ""weight"": 5.09, ""height"": 71.12, ""width"": 27.41, ""depth"": 2.33, ""unit"": ""cm""}]",75
Business,child,"[{""storage"": ""carry-on"", ""weight"": 5.87, ""height"": 48.81, ""width"": 5.39, ""depth"": 5.45, ""unit"": ""cm""}, {""storage"": ""personal"", ""weight"": 2.73, ""height"": 16.48, ""width"": 28.6, ""depth"": 13.24, ""unit"": ""cm""}, {""storage"": ""checked"", ""weight"": 8.19, ""height"": 44.27, ""width"": 39.63, ""depth"": 49.28, ""unit"": ""cm""}]",True,All luggage complies with the policy.,,0
First,infant,"[{""storage"": ""personal"", ""weight"": 8.04, ""height"": 10.11, ""width"": 16.23, ""depth"": 4.66, ""unit"": ""cm""}, {""storage"": ""checked"", ""weight"": 10.97, ""height"": 25.34, ""width"": 35.03, ""depth"": 48.62, ""unit"": ""cm""}, {""storage"": ""checked"", ""weight"": 12.75, ""height"": 44.62, ""width"": 52.65, ""depth"": 25.35, ""unit"": ""cm""}]",True,All luggage complies with the policy.,,0
Economy,adult,"[{""storage"": ""carry-on"", ""weight"": 0.33, ""height"": 29.82, ""width"": 32.23, ""depth"": 7.67, ""unit"": ""cm""}, {""storage"": ""personal"", ""weight"": 6.45, ""height"": 4.1, ""width"": 5.04, ""depth"": 1.68, ""unit"": ""cm""}, {""storage"": ""checked"", ""weight"": 20.74, ""height"": 65.3, ""width"": 27.87, ""depth"": 46.73, ""unit"": ""cm""}]",True,All luggage complies with the policy.,,0
Business,child,"[{""storage"": ""carry-on"", ""weight"": 1.63, ""height"": 60.96, ""width"": 60.17, ""depth"": 14.7, ""unit"": ""cm""}, {""storage"": ""personal"", ""weight"": 3.53, ""height"": 52.28, ""width"": 31.75, ""depth"": 34.07, ""unit"": ""cm""}, {""storage"": ""checked"", ""weight"": 8.7, ""height"": 3.65, ""width"": 39.08, ""depth"": 5.47, ""unit"": ""cm""}]",False,"Carry-on: 1 bag(s) exceed size limits, transferred to cargo. Total fees: €100","[{""storage"": ""carry-on"", ""weight"": 1.63, ""height"": 60.96, ""width"": 60.17, ""depth"": 14.7, ""unit"": ""cm""}]",100
First,infant,"[{""storage"": ""personal"", ""weight"": 2.63, ""height"": 59.29, ""width"": 12.0, ""depth"": 41.81, ""unit"": ""cm""}, {""storage"": ""checked"", ""weight"": 22.41, ""height"": 86.08, ""width"": 50.59, ""depth"": 49.49, ""unit"": ""cm""}, {""storage"": ""checked"", ""weight"": 41.28, ""height"": 69.41, ""width"": 77.7, ""depth"": 4.94, ""unit"": ""cm""}, {""storage"": ""checked"", ""weight"": 36.09, ""height"": 5.28, ""width"": 50.35, ""depth"": 31.37, ""unit"": ""cm""}]",False,Checked: The following items must be shipped as cargo: Bag 2: weight 41.28kg exceeds 32kg limit; Bag 3: weight 36.09kg exceeds 32kg limit. Total fees: €250 (cargo shipping costs not included - please contact cargo department). Consider splitting items or reducing weight/size to avoid cargo shipping.,"[{""storage"": ""checked"", ""weight"": 41.28, ""height"": 69.41, ""width"": 77.7, ""depth"": 4.94, ""unit"": ""cm""}, {""storage"": ""checked"", ""weight"": 36.09, ""height"": 5.28, ""width"": 50.35, ""depth"": 31.37, ""unit"": ""cm""}]",250
Business,infant,"[{""storage"": ""personal"", ""weight"": 13.86, ""height"": 79.67, ""width"": 5.06, ""depth"": 31.89, ""unit"": ""cm""}, {""storage"": ""checked"", ""weight"": 46.69, ""height"": 22.72, ""width"": 66.25, ""depth"": 33.23, ""unit"": ""cm""}, {""storage"": ""personal"", ""weight"": 9.15, ""height"": 24.12, ""width"": 48.71, ""depth"": 23.73, ""unit"": ""cm""}, {""storage"": ""checked"", ""weight"": 23.81, ""height"": 58.73, ""width"": 28.27, ""depth"": 16.17, ""unit"": ""cm""}]",False,"Carry-on: Total weight 23.009999999999998kg exceeds 12kg limit, all carry-on items transferred to cargo. Total fees: €75 | Checked: The following items must be shipped as cargo: Bag 1: weight 46.69kg exceeds 32kg limit. Total fees: €75 (cargo shipping costs not included - please contact cargo department). Consider splitting items or reducing weight/size to avoid cargo shipping.","[{""storage"": ""personal"", ""weight"": 13.86, ""height"": 79.67, ""width"": 5.06, ""depth"": 31.89, ""unit"": ""cm""}, {""storage"": ""personal"", ""weight"": 9.15, ""height"": 24.12, ""width"": 48.71, ""depth"": 23.73, ""unit"": ""cm""}, {""storage"": ""checked"", ""weight"": 46.69, ""height"": 22.72, ""width"": 66.25, ""depth"": 33.23, ""unit"": ""cm""}]",150
First,adult,"[{""storage"": ""checked"", ""weight"": 0.44, ""height"": 97.5, ""width"": 53.8, ""depth"": 2.87, ""unit"": ""cm""}, {""storage"": ""personal"", ""weight"": 14.38, ""height"": 0.89, ""width"": 34.96, ""depth"": 7.0, ""unit"": ""cm""}, {""storage"": ""personal"", ""weight"": 1.32, ""height"": 54.6, ""width"": 64.97, ""depth"": 2.59, ""unit"": ""cm""}, {""storage"": ""checked"", ""weight"": 41.42, ""height"": 99.7, ""width"": 53.41, ""depth"": 43.64, ""unit"": ""cm""}, {""storage"": ""checked"", ""weight"": 34.41, ""height"": 23.83, ""width"": 38.58, ""depth"": 23.85, ""unit"": ""cm""}]",False,"Carry-on: Total weight 15.700000000000001kg exceeds 12kg limit, all carry-on items transferred to cargo. Total fees: €75 | Checked: The following items must be shipped as cargo: Bag 2: weight 41.42kg exceeds 32kg limit; Bag 3: weight 34.41kg exceeds 32kg limit. Total fees: €250 (cargo shipping costs not included - please contact cargo department). Consider splitting items or reducing weight/size to avoid cargo shipping.","[{""storage"": ""personal"", ""weight"": 14.38, ""height"": 0.89, ""width"": 34.96, ""depth"": 7.0, ""unit"": ""cm""}, {""storage"": ""personal"", ""weight"": 1.32, ""height"": 54.6, ""width"": 64.97, ""depth"": 2.59, ""unit"": ""cm""}, {""storage"": ""checked"", ""weight"": 41.42, ""height"": 99.7, ""width"": 53.41, ""depth"": 43.64, ""unit"": ""cm""}, {""storage"": ""checked"", ""weight"": 34.41, ""height"": 23.83, ""width"": 38.58, ""depth"": 23.85, ""unit"": ""cm""}]",325
Business,adult,"[{""storage"": ""carry-on"", ""weight"": 3.71, ""height"": 25.95, ""width"": 13.7, ""depth"": 5.33, ""unit"": ""cm""}, {""storage"": ""personal"", ""weight"": 6.24, ""height"": 17.54, ""width"": 28.62, ""depth"": 1.74, ""unit"": ""cm""}, {""storage"": ""checked"", ""weight"": 19.52, ""height"": 57.68, ""width"": 25.65, ""depth"": 37.09, ""unit"": ""cm""}]",True,All luggage complies with the policy.,,0
Business,child,"[{""storage"": ""checked"", ""weight"": 40.11, ""height"": 45.39, ""width"": 59.1, ""depth"": 13.5, ""unit"": ""cm""}]",False,Checked: The following items must be shipped as cargo: Bag 1: weight 40.11kg exceeds 32kg limit. Total fees: €75 (cargo shipping costs not included - please contact cargo department). Consider splitting items or reducing weight/size to avoid cargo shipping.,"[{""storage"": ""checked"", ""weight"": 40.11, ""height"": 45.39, ""width"": 59.1, ""depth"": 13.5, ""unit"": ""cm""}]",75
Business,adult,"[{""storage"": ""checked"", ""weight"": 19.67, ""height"": 88.62, ""width"": 56.27, ""depth"": 41.58, ""unit"": ""cm""}, {""storage"": ""personal"", ""weight"": 1.6, ""height"": 2.28, ""width"": 23.34, ""depth"": 8.19, ""unit"": ""cm""}, {""storage"": ""carry-on"", ""weight"": 4.44, ""height"": 53.45, ""width"": 19.12, ""depth"": 7.21, ""unit"": ""cm""}]",False,Checked: Checked luggage complies with the policy.,,100
First,adult,"[{""storage"": ""personal"", ""weight"": 12.96, ""height"": 79.71, ""width"": 76.57, ""depth"": 36.18, ""unit"": ""cm""}, {""storage"": ""checked"", ""weight"": 6.44, ""height"": 4.13, ""width"": 12.05, ""depth"": 47.04, ""unit"": ""cm""}, {""storage"": ""carry-on"", ""weight"": 13.61, ""height"": 29.47, ""width"": 73.5, ""depth"": 9.21, ""unit"": ""cm""}, {""storage"": ""carry-on"", ""weight"": 1.99, ""height"": 57.54, ""width"": 41.2, ""depth"": 33.74, ""unit"": ""cm""}, {""storage"": ""checked"", ""weight"": 13.07, ""height"": 67.95, ""width"": 63.96, ""depth"": 36.71, ""unit"": ""cm""}]",False,"Carry-on: Total weight 28.560000000000002kg exceeds 12kg limit, all carry-on items transferred to cargo. Total fees: €75 | Checked: Checked luggage complies with the policy.","[{""storage"": ""carry-on"", ""weight"": 13.61, ""height"": 29.47, ""width"": 73.5, ""depth"": 9.21, ""unit"": ""cm""}, {""storage"": ""carry-on"", ""weight"": 1.99, ""height"": 57.54, ""width"": 41.2, ""depth"": 33.74, ""unit"": ""cm""}, {""storage"": ""personal"", ""weight"": 12.96, ""height"": 79.71, ""width"": 76.57, ""depth"": 36.18, ""unit"": ""cm""}]",175
Economy,adult,"[{""storage"": ""personal"", ""weight"": 2.1, ""height"": 8.02, ""width"": 24.59, ""depth"": 17.54, ""unit"": ""cm""}]",True,All luggage complies with the policy.,,0
Business,child,"[{""storage"": ""carry-on"", ""weight"": 8.82, ""height"": 50.84, ""width"": 79.39, ""depth"": 18.86, ""unit"": ""cm""}]",False,"Carry-on: 1 bag(s) exceed size limits, transferred to cargo. Total fees: €100","[{""storage"": ""carry-on"", ""weight"": 8.82, ""height"": 50.84, ""width"": 79.39, ""depth"": 18.86, ""unit"": ""cm""}]",100
Business,child,"[{""storage"": ""personal"", ""weight"": 3.6, ""height"": 45.27, ""width"": 64.35, ""depth"": 38.42, ""unit"": ""cm""}, {""storage"": ""checked"", ""weight"": 22.3, ""height"": 87.71, ""width"": 57.22, ""depth"": 3.45, ""unit"": ""cm""}, {""storage"": ""carry-on"", ""weight"": 13.09, ""height"": 22.08, ""width"": 53.72, ""depth"": 2.84, ""unit"": ""cm""}]",False,"Carry-on: Total weight 16.69kg exceeds 12kg limit, all carry-on items transferred to cargo. Total fees: €75","[{""storage"": ""carry-on"", ""weight"": 13.09, ""height"": 22.08, ""width"": 53.72, ""depth"": 2.84, ""unit"": ""cm""}, {""storage"": ""personal"", ""weight"": 3.6, ""height"": 45.27, ""width"": 64.35, ""depth"": 38.42, ""unit"": ""cm""}]",75
First,child,"[{""storage"": ""carry-on"", ""weight"": 11.57, ""height"": 13.73, ""width"": 22.38, ""depth"": 47.42, ""unit"": ""cm""}, {""storage"": ""personal"", ""weight"": 12.87, ""height"": 5.52, ""width"": 35.34, ""depth"": 5.87, ""unit"": ""cm""}]",False,"Carry-on: Total weight 24.439999999999998kg exceeds 12kg limit, all carry-on items transferred to cargo. Total fees: €75","[{""storage"": ""carry-on"", ""weight"": 11.57, ""height"": 13.73, ""width"": 22.38, ""depth"": 47.42, ""unit"": ""cm""}, {""storage"": ""personal"", ""weight"": 12.87, ""height"": 5.52, ""width"": 35.34, ""depth"": 5.87, ""unit"": ""cm""}]",75
First,child,"[{""storage"": ""personal"", ""weight"": 10.51, ""height"": 2.03, ""width"": 23.62, ""depth"": 32.2, ""unit"": ""cm""}, {""storage"": ""checked"", ""weight"": 34.19, ""height"": 51.3, ""width"": 63.75, ""depth"": 18.86, ""unit"": ""cm""}]",False,Checked: The following items must be shipped as cargo: Bag 1: weight 34.19kg exceeds 32kg limit. Total fees: €75 (cargo shipping costs not included - please contact cargo department). Consider splitting items or reducing weight/size to avoid cargo shipping.,"[{""storage"": ""checked"", ""weight"": 34.19, ""height"": 51.3, ""width"": 63.75, ""depth"": 18.86, ""unit"": ""cm""}]",75
First,adult,"[{""storage"": ""carry-on"", ""weight"": 0.92, ""height"": 19.81, ""width"": 27.17, ""depth"": 16.41, ""unit"": ""cm""}, {""storage"": ""carry-on"", ""weight"": 4.78, ""height"": 19.91, ""width"": 0.27, ""depth"": 7.8, ""unit"": ""cm""}, {""storage"": ""personal"", ""weight"": 2.85, ""height"": 16.97, ""width"": 12.87, ""depth"": 0.21, ""unit"": ""cm""}, {""storage"": ""checked"", ""weight"": 7.02, ""height"": 40.2, ""width"": 49.25, ""depth"": 40.35, ""unit"": ""cm""}]",True,All luggage complies with the policy.,,0
Economy,infant,"[{""storage"": ""checked"", ""weight"": 16.03, ""height"": 18.62, ""width"": 71.41, ""depth"": 10.74, ""unit"": ""cm""}, {""storage"": ""checked"", ""weight"": 19.29, ""height"": 53.34, ""width"": 56.53, ""depth"": 45.68, ""unit"": ""cm""}, {""storage"": ""carry-on"", ""weight"": 14.21, ""height"": 68.17, ""width"": 6.53, ""depth"": 23.62, ""unit"": ""cm""}, {""storage"": ""personal"", ""weight"": 10.97, ""height"": 22.08, ""width"": 5.11, ""depth"": 5.87, ""unit"": ""cm""}]",False,"Carry-on: Total weight 25.18kg exceeds 7kg limit, all carry-on items transferred to cargo. Total fees: €75 | Checked: Checked luggage complies with the policy.","[{""storage"": ""carry-on"", ""weight"": 14.21, ""height"": 68.17, ""width"": 6.53, ""depth"": 23.62, ""unit"": ""cm""}, {""storage"": ""personal"", ""weight"": 10.97, ""height"": 22.08, ""width"": 5.11, ""depth"": 5.87, ""unit"": ""cm""}]",225
Business,child,"[{""storage"": ""personal"", ""weight"": 2.37, ""height"": 22.6, ""width"": 43.09, ""depth"": 17.17, ""unit"": ""cm""}, {""storage"": ""checked"", ""weight"": 44.45, ""height"": 93.96, ""width"": 0.66, ""depth"": 18.96, ""unit"": ""cm""}, {""storage"": ""carry-on"", ""weight"": 3.28, ""height"": 77.63, ""width"": 14.43, ""depth"": 19.32, ""unit"": ""cm""}]",False,"Carry-on: 1 bag(s) exceed size limits, transferred to cargo. Total fees: €100 | Checked: The following items must be shipped as cargo: Bag 1: weight 44.45kg exceeds 32kg limit. Total fees: €75 (cargo shipping costs not included - please contact cargo department). Consider splitting items or reducing weight/size to avoid cargo shipping.","[{""storage"": ""carry-on"", ""weight"": 3.28, ""height"": 77.63, ""width"": 14.43, ""depth"": 19.32, ""unit"": ""cm""}, {""storage"": ""checked"", ""weight"": 44.45, ""height"": 93.96, ""width"": 0.66, ""depth"": 18.96, ""unit"": ""cm""}]",175
Business,infant,"[{""storage"": ""carry-on"", ""weight"": 6.23, ""height"": 0.2, ""width"": 12.48, ""depth"": 16.16, ""unit"": ""cm""}, {""storage"": ""personal"", ""weight"": 4.23, ""height"": 10.05, ""width"": 13.53, ""depth"": 3.56, ""unit"": ""cm""}, {""storage"": ""checked"", ""weight"": 7.26, ""height"": 64.2, ""width"": 33.33, ""depth"": 42.57, ""unit"": ""cm""}]",True,All luggage complies with the policy.,,0
Economy,infant,"[{""storage"": ""carry-on"", ""weight"": 5.79, ""height"": 62.5, ""width"": 6.43, ""depth"": 41.08, ""unit"": ""cm""}, {""storage"": ""checked"", ""weight"": 44.92, ""height"": 9.1, ""width"": 54.72, ""depth"": 1.63, ""unit"": ""cm""}, {""storage"": ""checked"", ""weight"": 6.78, ""height"": 0.93, ""width"": 18.26, ""depth"": 30.96, ""unit"": ""cm""}, {""storage"": ""personal"", ""weight"": 12.46, ""height"": 68.27, ""width"": 19.95, ""depth"": 31.69, ""unit"": ""cm""}]",False,"Carry-on: Total weight 18.25kg exceeds 7kg limit, all carry-on items transferred to cargo. Total fees: €75 | Checked: The following items must be shipped as cargo: Bag 1: weight 44.92kg exceeds 32kg limit. Total fees: €225 (cargo shipping costs not included - please contact cargo department). Consider splitting items or reducing weight/size to avoid cargo shipping.","[{""storage"": ""carry-on"", ""weight"": 5.79, ""height"": 62.5, ""width"": 6.43, ""depth"": 41.08, ""unit"": ""cm""}, {""storage"": ""personal"", ""weight"": 12.46, ""height"": 68.27, ""width"": 19.95, ""depth"": 31.69, ""unit"": ""cm""}, {""storage"": ""checked"", ""weight"": 44.92, ""height"": 9.1, ""width"": 54.72, ""depth"": 1.63, ""unit"": ""cm""}]",300
Economy,adult,"[{""storage"": ""checked"", ""weight"": 22.3, ""height"": 43.62, ""width"": 44.02, ""depth"": 0.96, ""unit"": ""cm""}]",True,All luggage complies with the policy.,,0
First,adult,"[{""storage"": ""personal"", ""weight"": 2.4, ""height"": 14.83, ""width"": 12.07, ""depth"": 13.65, ""unit"": ""cm""}, {""storage"": ""checked"", ""weight"": 29.0, ""height"": 49.71, ""width"": 47.11, ""depth"": 34.35, ""unit"": ""cm""}, {""storage"": ""checked"", ""weight"": 2.94, ""height"": 50.25, ""width"": 52.95, ""depth"": 29.16, ""unit"": ""cm""}, {""storage"": ""checked"", ""weight"": 6.49, ""height"": 37.98, ""width"": 27.99, ""depth"": 43.14, ""unit"": ""cm""}]",True,All luggage complies with the policy.,,0
Business,child,"[{""storage"": ""carry-on"", ""weight"": 0.09, ""height"": 9.37, ""width"": 37.47, ""depth"": 8.71, ""unit"": ""cm""}, {""storage"": ""carry-on"", ""weight"": 5.38, ""height"": 21.1, ""width"": 34.68, ""depth"": 14.98, ""unit"": ""cm""}, {""storage"": ""personal"", ""weight"": 2.71, ""height"": 28.95, ""width"": 0.45, ""depth"": 13.01, ""unit"": ""cm""}, {""storage"": ""checked"", ""weight"": 6.43, ""height"": 59.17, ""width"": 44.9, ""depth"": 29.78, ""unit"": ""cm""}, {""storage"": ""checked"", ""weight"": 1.65, ""height"": 49.59, ""width"": 23.77, ""depth"": 38.54, ""unit"": ""cm""}]",True,All luggage complies with the policy.,,0
First,adult,"[{""storage"": ""carry-on"", ""weight"": 5.64, ""height"": 57.88, ""width"": 53.09, ""depth"": 38.36, ""unit"": ""cm""}, {""storage"": ""carry-on"", ""weight"": 13.95, ""height"": 37.27, ""width"": 28.2, ""depth"": 14.98, ""unit"": ""cm""}, {""storage"": ""checked"", ""weight"": 37.14, ""height"": 92.69, ""width"": 76.18, ""depth"": 17.34, ""unit"": ""cm""}, {""storage"": ""carry-on"", ""weight"": 9.94, ""height"": 24.84, ""width"": 27.81, ""depth"": 35.3, ""unit"": ""cm""}, {""storage"": ""personal"", ""weight"": 13.99, ""height"": 30.67, ""width"": 50.54, ""depth"": 42.67, ""unit"": ""cm""}]",False,"Carry-on: 1 bag(s) exceed quantity allowance, transferred to cargo; Total weight 33.58kg exceeds 12kg limit, all carry-on items transferred to cargo. Total fees: €225 | Checked: The following items must be shipped as cargo: Bag 1: weight 37.14kg exceeds 32kg limit. Total fees: €175 (cargo shipping costs not included - please contact cargo department). Consider splitting items or reducing weight/size to avoid cargo shipping.","[{""storage"": ""carry-on"", ""weight"": 9.94, ""height"": 24.84, ""width"": 27.81, ""depth"": 35.3, ""unit"": ""cm""}, {""storage"": ""carry-on"", ""weight"": 5.64, ""height"": 57.88, ""width"": 53.09, ""depth"": 38.36, ""unit"": ""cm""}, {""storage"": ""carry-on"", ""weight"": 13.95, ""height"": 37.27, ""width"": 28.2, ""depth"": 14.98, ""unit"": ""cm""}, {""storage"": ""personal"", ""weight"": 13.99, ""height"": 30.67, ""width"": 50.54, ""depth"": 42.67, ""unit"": ""cm""}, {""storage"": ""checked"", ""weight"": 37.14, ""height"": 92.69, ""width"": 76.18, ""depth"": 17.34, ""unit"": ""cm""}]",400
First,adult,"[{""storage"": ""checked"", ""weight"": 45.71, ""height"": 61.18, ""width"": 69.21, ""depth"": 49.36, ""unit"": ""cm""}]",False,Checked: The following items must be shipped as cargo: Bag 1: weight 45.71kg exceeds 32kg limit. Total fees: €175 (cargo shipping costs not included - please contact cargo department). Consider splitting items or reducing weight/size to avoid cargo shipping.,"[{""storage"": ""checked"", ""weight"": 45.71, ""height"": 61.18, ""width"": 69.21, ""depth"": 49.36, ""unit"": ""cm""}]",175
Economy,adult,"[{""storage"": ""carry-on"", ""weight"": 2.53, ""height"": 64.57, ""width"": 43.42, ""depth"": 32.3, ""unit"": ""cm""}, {""storage"": ""carry-on"", ""weight"": 14.88, ""height"": 74.67, ""width"": 9.68, ""depth"": 45.4, ""unit"": ""cm""}, {""storage"": ""personal"", ""weight"": 8.58, ""height"": 34.5, ""width"": 34.74, ""depth"": 35.92, ""unit"": ""cm""}]",False,"Carry-on: 1 bag(s) exceed quantity allowance, transferred to cargo; Total weight 11.11kg exceeds 7kg limit, all carry-on items transferred to cargo. Total fees: €225","[{""storage"": ""carry-on"", ""weight"": 14.88, ""height"": 74.67, ""width"": 9.68, ""depth"": 45.4, ""unit"": ""cm""}, {""storage"": ""carry-on"", ""weight"": 2.53, ""height"": 64.57, ""width"": 43.42, ""depth"": 32.3, ""unit"": ""cm""}, {""storage"": ""personal"", ""weight"": 8.58, ""height"": 34.5, ""width"": 34.74, ""depth"": 35.92, ""unit"": ""cm""}]",225
First,adult,"[{""storage"": ""carry-on"", ""weight"": 7.49, ""height"": 9.67, ""width"": 4.91, ""depth"": 20.93, ""unit"": ""cm""}, {""storage"": ""personal"", ""weight"": 4.36, ""height"": 32.92, ""width"": 4.1, ""depth"": 7.16, ""unit"": ""cm""}]",True,All luggage complies with the policy.,,0
Economy,child,"[{""storage"": ""carry-on"", ""weight"": 3.57, ""height"": 41.02, ""width"": 12.31, ""depth"": 19.62, ""unit"": ""cm""}, {""storage"": ""personal"", ""weight"": 0.99, ""height"": 36.66, ""width"": 29.24, ""depth"": 5.78, ""unit"": ""cm""}, {""storage"": ""checked"", ""weight"": 6.3, ""height"": 53.64, ""width"": 49.97, ""depth"": 30.62, ""unit"": ""cm""}]",True,All luggage complies with the policy.,,0
Business,adult,"[{""storage"": ""personal"", ""weight"": 11.53, ""height"": 39.54, ""width"": 0.11, ""depth"": 0.5, ""unit"": ""cm""}]",True,All luggage complies with the policy.,,0
First,child,"[{""storage"": ""carry-on"", ""weight"": 0.56, ""height"": 6.11, ""width"": 36.31, ""depth"": 7.31, ""unit"": ""cm""}, {""storage"": ""personal"", ""weight"": 4.72, ""height"": 13.62, ""width"": 27.58, ""depth"": 5.93, ""unit"": ""cm""}, {""storage"": ""checked"", ""weight"": 4.73, ""height"": 41.42, ""width"": 58.44, ""depth"": 49.09, ""unit"": ""cm""}, {""storage"": ""checked"", ""weight"": 4.22, ""height"": 23.38, ""width"": 34.78, ""depth"": 40.11, ""unit"": ""cm""}, {""storage"": ""checked"", ""weight"": 19.28, ""height"": 33.52, ""width"": 21.23, ""depth"": 25.76, ""unit"": ""cm""}]",True,All luggage complies with the policy.,,0
First,adult,"[{""storage"": ""carry-on"", ""weight"": 8.02, ""height"": 40.6, ""width"": 12.88, ""depth"": 12.94, ""unit"": ""cm""}, {""storage"": ""personal"", ""weight"": 1.3, ""height"": 26.48, ""width"": 22.44, ""depth"": 9.28, ""unit"": ""cm""}, {""storage"": ""checked"", ""weight"": 31.88, ""height"": 39.96, ""width"": 40.2, ""depth"": 36.91, ""unit"": ""cm""}, {""storage"": ""checked"", ""weight"": 30.8, ""height"": 52.58, ""width"": 34.43, ""depth"": 37.22, ""unit"": ""cm""}]",True,All luggage complies with the policy.,,0
Economy,infant,"[{""storage"": ""personal"", ""weight"": 1.98, ""height"": 19.71, ""width"": 4.12, ""depth"": 2.49, ""unit"": ""cm""}]",True,All luggage complies with the policy.,,0
Business,child,"[{""storage"": ""personal"", ""weight"": 8.23, ""height"": 88.66, ""width"": 56.6, ""depth"": 17.09, ""unit"": ""cm""}, {""storage"": ""personal"", ""weight"": 14.79, ""height"": 44.76, ""width"": 73.24, ""depth"": 32.17, ""unit"": ""cm""}, {""storage"": ""carry-on"", ""weight"": 13.7, ""height"": 20.08, ""width"": 36.54, ""depth"": 36.73, ""unit"": ""cm""}]",False,"Carry-on: Total weight 36.72kg exceeds 12kg limit, all carry-on items transferred to cargo. Total fees: €75","[{""storage"": ""carry-on"", ""weight"": 13.7, ""height"": 20.08, ""width"": 36.54, ""depth"": 36.73, ""unit"": ""cm""}, {""storage"": ""personal"", ""weight"": 8.23, ""height"": 88.66, ""width"": 56.6, ""depth"": 17.09, ""unit"": ""cm""}, {""storage"": ""personal"", ""weight"": 14.79, ""height"": 44.76, ""width"": 73.24, ""depth"": 32.17, ""unit"": ""cm""}]",75
Business,child,"[{""storage"": ""personal"", ""weight"": 6.16, ""height"": 7.73, ""width"": 25.91, ""depth"": 8.33, ""unit"": ""cm""}]",True,All luggage complies with the policy.,,0
First,child,"[{""storage"": ""personal"", ""weight"": 5.85, ""height"": 34.75, ""width"": 9.22, ""depth"": 2.11, ""unit"": ""cm""}, {""storage"": ""checked"", ""weight"": 7.59, ""height"": 69.04, ""width"": 40.65, ""depth"": 40.4, ""unit"": ""cm""}, {""storage"": ""checked"", ""weight"": 16.1, ""height"": 62.05, ""width"": 33.99, ""depth"": 46.28, ""unit"": ""cm""}]",True,All luggage complies with the policy.,,0
First,infant,"[{""storage"": ""checked"", ""weight"": 4.02, ""height"": 43.01, ""width"": 9.04, ""depth"": 13.57, ""unit"": ""cm""}]",True,All luggage complies with the policy.,,0
Economy,adult,"[{""storage"": ""personal"", ""weight"": 1.75, ""height"": 3.33, ""width"": 5.29, ""depth"": 9.77, ""unit"": ""cm""}, {""storage"": ""checked"", ""weight"": 17.14, ""height"": 47.76, ""width"": 41.51, ""depth"": 36.18, ""unit"": ""cm""}]",True,All luggage complies with the policy.,,0
Business,child,"[{""storage"": ""carry-on"", ""weight"": 8.34, ""height"": 41.21, ""width"": 23.31, ""depth"": 2.08, ""unit"": ""cm""}, {""storage"": ""personal"", ""weight"": 1.34, ""height"": 28.35, ""width"": 28.51, ""depth"": 16.19, ""unit"": ""cm""}, {""storage"": ""checked"", ""weight"": 26.2, ""height"": 28.02, ""width"": 59.57, ""depth"": 25.31, ""unit"": ""cm""}]",True,All luggage complies with the policy.,,0
Business,infant,"[{""storage"": ""personal"", ""weight"": 9.6, ""height"": 3.02, ""width"": 14.3, ""depth"": 6.32, ""unit"": ""cm""}]",True,All luggage complies with the policy.,,0
Business,adult,"[{""storage"": ""personal"", ""weight"": 3.38, ""height"": 87.17, ""width"": 15.36, ""depth"": 10.7, ""unit"": ""cm""}, {""storage"": ""carry-on"", ""weight"": 14.52, ""height"": 54.44, ""width"": 77.75, ""depth"": 15.91, ""unit"": ""cm""}]",False,"Carry-on: Total weight 17.9kg exceeds 12kg limit, all carry-on items transferred to cargo. Total fees: €75","[{""storage"": ""carry-on"", ""weight"": 14.52, ""height"": 54.44, ""width"": 77.75, ""depth"": 15.91, ""unit"": ""cm""}, {""storage"": ""personal"", ""weight"": 3.38, ""height"": 87.17, ""width"": 15.36, ""depth"": 10.7, ""unit"": ""cm""}]",75
Business,child,"[{""storage"": ""carry-on"", ""weight"": 10.53, ""height"": 43.88, ""width"": 7.81, ""depth"": 4.29, ""unit"": ""cm""}, {""storage"": ""personal"", ""weight"": 0.74, ""height"": 24.22, ""width"": 0.76, ""depth"": 12.04, ""unit"": ""cm""}]",True,All luggage complies with the policy.,,0
Business,infant,"[{""storage"": ""checked"", ""weight"": 16.49, ""height"": 34.32, ""width"": 67.48, ""depth"": 32.13, ""unit"": ""cm""}, {""storage"": ""personal"", ""weight"": 6.15, ""height"": 22.99, ""width"": 46.2, ""depth"": 17.23, ""unit"": ""cm""}, {""storage"": ""personal"", ""weight"": 10.14, ""height"": 40.96, ""width"": 14.83, ""depth"": 40.13, ""unit"": ""cm""}, {""storage"": ""checked"", ""weight"": 37.43, ""height"": 81.83, ""width"": 59.56, ""depth"": 22.45, ""unit"": ""cm""}]",False,"Carry-on: Total weight 16.29kg exceeds 12kg limit, all carry-on items transferred to cargo. Total fees: €75 | Checked: The following items must be shipped as cargo: Bag 2: weight 37.43kg exceeds 32kg limit. Total fees: €175 (cargo shipping costs not included - please contact cargo department). Consider splitting items or reducing weight/size to avoid cargo shipping.","[{""storage"": ""personal"", ""weight"": 6.15, ""height"": 22.99, ""width"": 46.2, ""depth"": 17.23, ""unit"": ""cm""}, {""storage"": ""personal"", ""weight"": 10.14, ""height"": 40.96, ""width"": 14.83, ""depth"": 40.13, ""unit"": ""cm""}, {""storage"": ""checked"", ""weight"": 37.43, ""height"": 81.83, ""width"": 59.56, ""depth"": 22.45, ""unit"": ""cm""}]",250
Business,infant,"[{""storage"": ""carry-on"", ""weight"": 4.2, ""height"": 42.27, ""width"": 28.18, ""depth"": 16.22, ""unit"": ""cm""}, {""storage"": ""carry-on"", ""weight"": 2.02, ""height"": 16.72, ""width"": 15.53, ""depth"": 17.44, ""unit"": ""cm""}, {""storage"": ""personal"", ""weight"": 5.49, ""height"": 25.26, ""width"": 17.72, ""depth"": 12.87, ""unit"": ""cm""}, {""storage"": ""checked"", ""weight"": 9.7, ""height"": 22.09, ""width"": 23.1, ""depth"": 43.67, ""unit"": ""cm""}, {""storage"": ""checked"", ""weight"": 23.07, ""height"": 53.39, ""width"": 20.16, ""depth"": 40.21, ""unit"": ""cm""}]",True,All luggage complies with the policy.,,0
Economy,adult,"[{""storage"": ""carry-on"", ""weight"": 14.21, ""height"": 36.87, ""width"": 36.27, ""depth"": 47.15, ""unit"": ""cm""}, {""storage"": ""personal"", ""weight"": 9.66, ""height"": 68.56, ""width"": 31.32, ""depth"": 15.15, ""unit"": ""cm""}, {""storage"": ""carry-on"", ""weight"": 10.4, ""height"": 91.72, ""width"": 5.14, ""depth"": 21.45, ""unit"": ""cm""}]",False,"Carry-on: 1 bag(s) exceed quantity allowance, transferred to cargo; Total weight 23.87kg exceeds 7kg limit, all carry-on items transferred to cargo. Total fees: €225","[{""storage"": ""carry-on"", ""weight"": 10.4, ""height"": 91.72, ""width"": 5.14, ""depth"": 21.45, ""unit"": ""cm""}, {""storage"": ""carry-on"", ""weight"": 14.21, ""height"": 36.87, ""width"": 36.27, ""depth"": 47.15, ""unit"": ""cm""}, {""storage"": ""personal"", ""weight"": 9.66, ""height"": 68.56, ""width"": 31.32, ""depth"": 15.15, ""unit"": ""cm""}]",225
Business,adult,"[{""storage"": ""carry-on"", ""weight"": 11.1, ""height"": 21.6, ""width"": 75.88, ""depth"": 46.01, ""unit"": ""cm""}, {""storage"": ""carry-on"", ""weight"": 11.29, ""height"": 11.96, ""width"": 31.63, ""depth"": 27.9, ""unit"": ""cm""}]",False,"Carry-on: Total weight 22.39kg exceeds 12kg limit, all carry-on items transferred to cargo. Total fees: €75","[{""storage"": ""carry-on"", ""weight"": 11.1, ""height"": 21.6, ""width"": 75.88, ""depth"": 46.01, ""unit"": ""cm""}, {""storage"": ""carry-on"", ""weight"": 11.29, ""height"": 11.96, ""width"": 31.63, ""depth"": 27.9, ""unit"": ""cm""}]",75
Business,child,"[{""storage"": ""carry-on"", ""weight"": 6.73, ""height"": 27.38, ""width"": 37.64, ""depth"": 8.41, ""unit"": ""cm""}, {""storage"": ""personal"", ""weight"": 4.46, ""height"": 23.79, ""width"": 19.89, ""depth"": 18.79, ""unit"": ""cm""}, {""storage"": ""checked"", ""weight"": 8.82, ""height"": 58.46, ""width"": 23.08, ""depth"": 37.78, ""unit"": ""cm""}]",True,All luggage complies with the policy.,,0
Business,child,"[{""storage"": ""carry-on"", ""weight"": 2.0, ""height"": 39.08, ""width"": 4.86, ""depth"": 4.19, ""unit"": ""cm""}, {""storage"": ""personal"", ""weight"": 7.87, ""height"": 10.54, ""width"": 7.77, ""depth"": 15.73, ""unit"": ""cm""}]",True,All luggage complies with the policy.,,0
Economy,child,"[{""storage"": ""carry-on"", ""weight"": 4.96, ""height"": 36.54, ""width"": 4.56, ""depth"": 3.14, ""unit"": ""cm""}, {""storage"": ""personal"", ""weight"": 0.39, ""height"": 18.3, ""width"": 6.03, ""depth"": 15.11, ""unit"": ""cm""}]",True,All luggage complies with the policy.,,0
Economy,infant,"[{""storage"": ""carry-on"", ""weight"": 4.11, ""height"": 35.2, ""width"": 5.06, ""depth"": 0.16, ""unit"": ""cm""}, {""storage"": ""personal"", ""weight"": 1.47, ""height"": 37.57, ""width"": 18.85, ""depth"": 9.71, ""unit"": ""cm""}, {""storage"": ""checked"", ""weight"": 11.8, ""height"": 42.3, ""width"": 53.22, ""depth"": 36.28, ""unit"": ""cm""}]",True,All luggage complies with the policy.,,0
First,infant,"[{""storage"": ""personal"", ""weight"": 5.02, ""height"": 39.19, ""width"": 22.62, ""depth"": 1.35, ""unit"": ""cm""}]",True,All luggage complies with the policy.,,0
Business,adult,"[{""storage"": ""personal"", ""weight"": 11.56, ""height"": 24.82, ""width"": 22.42, ""depth"": 5.29, ""unit"": ""cm""}]",True,All luggage complies with the policy.,,0
First,infant,"[{""storage"": ""carry-on"", ""weight"": 9.63, ""height"": 15.07, ""width"": 2.96, ""depth"": 1.65, ""unit"": ""cm""}, {""storage"": ""personal"", ""weight"": 0.26, ""height"": 26.37, ""width"": 12.78, ""depth"": 9.61, ""unit"": ""cm""}, {""storage"": ""checked"", ""weight"": 25.45, ""height"": 37.0, ""width"": 37.46, ""depth"": 25.85, ""unit"": ""cm""}, {""storage"": ""checked"", ""weight"": 12.4, ""height"": 55.26, ""width"": 38.91, ""depth"": 30.68, ""unit"": ""cm""}, {""storage"": ""checked"", ""weight"": 7.11, ""height"": 67.58, ""width"": 38.38, ""depth"": 32.67, ""unit"": ""cm""}]",True,All luggage complies with the policy.,,0
Economy,infant,"[{""storage"": ""personal"", ""weight"": 1.58, ""height"": 7.05, ""width"": 19.04, ""depth"": 13.31, ""unit"": ""cm""}, {""storage"": ""checked"", ""weight"": 20.33, ""height"": 35.99, ""width"": 44.94, ""depth"": 35.12, ""unit"": ""cm""}]",True,All luggage complies with the policy.,,0
Business,child,"[{""storage"": ""checked"", ""weight"": 8.91, ""height"": 34.13, ""width"": 35.45, ""depth"": 41.47, ""unit"": ""cm""}, {""storage"": ""personal"", ""weight"": 9.4, ""height"": 18.98, ""width"": 26.23, ""depth"": 49.29, ""unit"": ""cm""}, {""storage"": ""checked"", ""weight"": 27.04, ""height"": 86.41, ""width"": 21.56, ""depth"": 1.11, ""unit"": ""cm""}]",True,All luggage complies with the policy.,,0
Business,child,"[{""storage"": ""carry-on"", ""weight"": 9.98, ""height"": 42.7, ""width"": 21.53, ""depth"": 12.02, ""unit"": ""cm""}, {""storage"": ""personal"", ""weight"": 0.59, ""height"": 35.32, ""width"": 12.45, ""depth"": 5.61, ""unit"": ""cm""}, {""storage"": ""checked"", ""weight"": 0.92, ""height"": 32.53, ""width"": 45.98, ""depth"": 37.9, ""unit"": ""cm""}, {""storage"": ""checked"", ""weight"": 24.68, ""height"": 37.38, ""width"": 20.86, ""depth"": 44.36, ""unit"": ""cm""}]",True,All luggage complies with the policy.,,0
Economy,adult,"[{""storage"": ""personal"", ""weight"": 7.5, ""height"": 23.72, ""width"": 59.7, ""depth"": 29.81, ""unit"": ""cm""}, {""storage"": ""carry-on"", ""weight"": 7.91, ""height"": 14.6, ""width"": 79.83, ""depth"": 20.59, ""unit"": ""cm""}]",False,"Carry-on: Total weight 15.41kg exceeds 7kg limit, all carry-on items transferred to cargo. Total fees: €75","[{""storage"": ""carry-on"", ""weight"": 7.91, ""height"": 14.6, ""width"": 79.83, ""depth"": 20.59, ""unit"": ""cm""}, {""storage"": ""personal"", ""weight"": 7.5, ""height"": 23.72, ""width"": 59.7, ""depth"": 29.81, ""unit"": ""cm""}]",75
Economy,child,"[{""storage"": ""personal"", ""weight"": 1.69, ""height"": 11.4, ""width"": 19.45, ""depth"": 12.57, ""unit"": ""cm""}, {""storage"": ""checked"", ""weight"": 18.0, ""height"": 34.79, ""width"": 58.42, ""depth"": 41.9, ""unit"": ""cm""}]",True,All luggage complies with the policy.,,0
Economy,child,"[{""storage"": ""carry-on"", ""weight"": 3.33, ""height"": 28.56, ""width"": 9.43, ""depth"": 15.01, ""unit"": ""cm""}, {""storage"": ""personal"", ""weight"": 0.71, ""height"": 15.6, ""width"": 6.04, ""depth"": 9.56, ""unit"": ""cm""}]",True,All luggage complies with the policy.,,0
Business,child,"[{""storage"": ""carry-on"", ""weight"": 6.04, ""height"": 20.3, ""width"": 4.5, ""depth"": 14.52, ""unit"": ""cm""}, {""storage"": ""personal"", ""weight"": 3.22, ""height"": 25.2, ""width"": 2.02, ""depth"": 7.08, ""unit"": ""cm""}]",True,All luggage complies with the policy.,,0
First,infant,"[{""storage"": ""checked"", ""weight"": 9.38, ""height"": 88.26, ""width"": 34.12, ""depth"": 41.64, ""unit"": ""cm""}, {""storage"": ""personal"", ""weight"": 3.21, ""height"": 43.26, ""width"": 48.14, ""depth"": 29.36, ""unit"": ""cm""}, {""storage"": ""checked"", ""weight"": 41.05, ""height"": 48.31, ""width"": 44.69, ""depth"": 31.96, ""unit"": ""cm""}, {""storage"": ""carry-on"", ""weight"": 5.89, ""height"": 12.54, ""width"": 65.52, ""depth"": 5.78, ""unit"": ""cm""}]",False,"Carry-on: 1 bag(s) exceed size limits, transferred to cargo. Total fees: €100 | Checked: The following items must be shipped as cargo: Bag 2: weight 41.05kg exceeds 32kg limit. Total fees: €175 (cargo shipping costs not included - please contact cargo department). Consider splitting items or reducing weight/size to avoid cargo shipping.","[{""storage"": ""carry-on"", ""weight"": 5.89, ""height"": 12.54, ""width"": 65.52, ""depth"": 5.78, ""unit"": ""cm""}, {""storage"": ""checked"", ""weight"": 41.05, ""height"": 48.31, ""width"": 44.69, ""depth"": 31.96, ""unit"": ""cm""}]",275
Economy,child,"[{""storage"": ""personal"", ""weight"": 6.48, ""height"": 10.38, ""width"": 11.83, ""depth"": 16.02, ""unit"": ""cm""}, {""storage"": ""checked"", ""weight"": 13.19, ""height"": 37.91, ""width"": 23.31, ""depth"": 38.3, ""unit"": ""cm""}]",True,All luggage complies with the policy.,,0
Business,infant,"[{""storage"": ""carry-on"", ""weight"": 4.14, ""height"": 20.54, ""width"": 36.34, ""depth"": 14.28, ""unit"": ""cm""}, {""storage"": ""personal"", ""weight"": 1.61, ""height"": 3.78, ""width"": 22.34, ""depth"": 8.73, ""unit"": ""cm""}, {""storage"": ""checked"", ""weight"": 24.11, ""height"": 26.83, ""width"": 42.97, ""depth"": 40.56, ""unit"": ""cm""}]",True,All luggage complies with the policy.,,0
